bundle_path	http_code	ien	dfn	response_file
/home/glilly/work/vista-stack/HL7-FHIR-quality-testing/2026/patients/raw/synthea-1000-20260901-20260101/fhir/Aaron697_Rempel203_71b66807-e4eb-984b-eb6f-9a5076c6a420.json	201	483		2026/patients/ingest-response-1.json
/home/glilly/work/vista-stack/HL7-FHIR-quality-testing/2026/patients/raw/synthea-1000-20260901-20260101/fhir/Aaron697_Skiles927_f787577b-06e9-fbf2-930f-06d597184db6.json	201	484		2026/patients/ingest-response-2.json
/home/glilly/work/vista-stack/HL7-FHIR-quality-testing/2026/patients/raw/synthea-1000-20260901-20260101/fhir/Abdul218_Dickinson688_42001217-993a-8fbf-4723-d1eac0b295d7.json	201	485		2026/patients/ingest-response-3.json
/home/glilly/work/vista-stack/HL7-FHIR-quality-testing/2026/patients/raw/synthea-1000-20260901-20260101/fhir/Abdul218_Medhurst46_da18e286-fb6e-f833-0634-523318c6a506.json	201	486		2026/patients/ingest-response-4.json
/home/glilly/work/vista-stack/HL7-FHIR-quality-testing/2026/patients/raw/synthea-1000-20260901-20260101/fhir/Abe604_Dickens475_ff9b5396-5369-082a-ae8e-7cbd1aba19a7.json	201	487		2026/patients/ingest-response-5.json
/home/glilly/work/vista-stack/HL7-FHIR-quality-testing/2026/patients/raw/synthea-1000-20260901-20260101/fhir/Abe604_Jaskolski867_2f82d9f7-f074-d7b3-548f-ed9bdf819618.json	201	488		2026/patients/ingest-response-6.json
/home/glilly/work/vista-stack/HL7-FHIR-quality-testing/2026/patients/raw/synthea-1000-20260901-20260101/fhir/Abe604_Terry864_e52adf8c-4ec6-8924-2766-20932662ec65.json	201	489		2026/patients/ingest-response-7.json
/home/glilly/work/vista-stack/HL7-FHIR-quality-testing/2026/patients/raw/synthea-1000-20260901-20260101/fhir/Abel832_Rath779_cea2fde7-5406-f6f9-f53c-33dba30e4e88.json	201	490		2026/patients/ingest-response-8.json
/home/glilly/work/vista-stack/HL7-FHIR-quality-testing/2026/patients/raw/synthea-1000-20260901-20260101/fhir/Abraham100_Wehner319_1f03891c-381d-4211-d214-4584d6d02ee8.json	201	491		2026/patients/ingest-response-9.json
/home/glilly/work/vista-stack/HL7-FHIR-quality-testing/2026/patients/raw/synthea-1000-20260901-20260101/fhir/Adam631_Schmeler639_27429a40-df43-8f21-49d0-1240c11b0aa3.json	201	492		2026/patients/ingest-response-10.json
/home/glilly/work/vista-stack/HL7-FHIR-quality-testing/2026/patients/raw/synthea-1000-20260901-20260101/fhir/Adelaide981_Brandy18_Kreiger457_4e30bba7-7849-d6ca-0adc-567471e2d390.json	201	493		2026/patients/ingest-response-11.json
/home/glilly/work/vista-stack/HL7-FHIR-quality-testing/2026/patients/raw/synthea-1000-20260901-20260101/fhir/Adolfo777_Conroy74_0bee0f5a-558a-345c-74c9-aedf42b17610.json	201	494		2026/patients/ingest-response-12.json
/home/glilly/work/vista-stack/HL7-FHIR-quality-testing/2026/patients/raw/synthea-1000-20260901-20260101/fhir/Adolfo777_Ferry570_04966810-6b90-8bb1-4f65-8e59bdbc8816.json	201	495		2026/patients/ingest-response-13.json
/home/glilly/work/vista-stack/HL7-FHIR-quality-testing/2026/patients/raw/synthea-1000-20260901-20260101/fhir/Adrian111_Gibson10_4714c84f-fa4c-8ff4-4e94-c4d8cd2f73db.json	201	496		2026/patients/ingest-response-14.json
/home/glilly/work/vista-stack/HL7-FHIR-quality-testing/2026/patients/raw/synthea-1000-20260901-20260101/fhir/Adriana394_Bobbye345_Ferry570_be389889-c540-c617-dc3b-53e747367ae8.json	201	497		2026/patients/ingest-response-15.json
/home/glilly/work/vista-stack/HL7-FHIR-quality-testing/2026/patients/raw/synthea-1000-20260901-20260101/fhir/Adriana394_Ledner144_c4929416-5ffe-cbe0-d2b6-778dc246d238.json	201	498		2026/patients/ingest-response-16.json
/home/glilly/work/vista-stack/HL7-FHIR-quality-testing/2026/patients/raw/synthea-1000-20260901-20260101/fhir/Adrianne466_Genie948_Wisozk929_6e296005-d31a-8878-3362-e30157f31c16.json	201	499		2026/patients/ingest-response-17.json
/home/glilly/work/vista-stack/HL7-FHIR-quality-testing/2026/patients/raw/synthea-1000-20260901-20260101/fhir/Adán600_Robles531_3d7592a5-efea-bb5d-cab6-12a1a454fa51.json	201	500		2026/patients/ingest-response-18.json
/home/glilly/work/vista-stack/HL7-FHIR-quality-testing/2026/patients/raw/synthea-1000-20260901-20260101/fhir/Agueda283_Cormier289_9719f9aa-5ef7-3972-022e-040d54494b49.json	201	501		2026/patients/ingest-response-19.json
/home/glilly/work/vista-stack/HL7-FHIR-quality-testing/2026/patients/raw/synthea-1000-20260901-20260101/fhir/Agueda283_Osinski784_5a252e88-e5d1-770d-f155-fbd2e1beb3c9.json	201	502		2026/patients/ingest-response-20.json
/home/glilly/work/vista-stack/HL7-FHIR-quality-testing/2026/patients/raw/synthea-1000-20260901-20260101/fhir/Ahmed109_Jones311_d4075e7b-30f1-0221-324e-6e11375df7b9.json	201	503		2026/patients/ingest-response-21.json
/home/glilly/work/vista-stack/HL7-FHIR-quality-testing/2026/patients/raw/synthea-1000-20260901-20260101/fhir/Aide521_Douglas31_7bae3afd-8490-5841-6bb6-7f132b916fe6.json	201	504		2026/patients/ingest-response-22.json
/home/glilly/work/vista-stack/HL7-FHIR-quality-testing/2026/patients/raw/synthea-1000-20260901-20260101/fhir/Ailene520_Haag279_62d14026-d481-e02e-d29b-53251109247f.json	201	505		2026/patients/ingest-response-23.json
/home/glilly/work/vista-stack/HL7-FHIR-quality-testing/2026/patients/raw/synthea-1000-20260901-20260101/fhir/Alane21_Hoeger474_d292fb17-8589-99e1-2155-6eeb65000691.json	201	506		2026/patients/ingest-response-24.json
/home/glilly/work/vista-stack/HL7-FHIR-quality-testing/2026/patients/raw/synthea-1000-20260901-20260101/fhir/Alane21_Shenita872_Tromp100_b4c69ebf-5758-ae2b-a255-da04364d7f6d.json	201	507		2026/patients/ingest-response-25.json
/home/glilly/work/vista-stack/HL7-FHIR-quality-testing/2026/patients/raw/synthea-1000-20260901-20260101/fhir/Alayna598_Bettie175_Greenfelder433_b41a8b26-8e11-2ce5-cb1a-0d9b17124cc5.json	201	508		2026/patients/ingest-response-26.json
/home/glilly/work/vista-stack/HL7-FHIR-quality-testing/2026/patients/raw/synthea-1000-20260901-20260101/fhir/Alba338_Meridith488_Lynch190_b154f749-50ed-22ac-487d-ab6c8fe16a4e.json	201	509		2026/patients/ingest-response-27.json
/home/glilly/work/vista-stack/HL7-FHIR-quality-testing/2026/patients/raw/synthea-1000-20260901-20260101/fhir/Albert312_Rogahn59_074b31be-3c79-7ae3-ee68-2fc49160c6c9.json	201	510		2026/patients/ingest-response-28.json
/home/glilly/work/vista-stack/HL7-FHIR-quality-testing/2026/patients/raw/synthea-1000-20260901-20260101/fhir/Alejandro916_Rocha983_1df81c09-c759-ed69-2198-ab745c76d75d.json	201	511		2026/patients/ingest-response-29.json
/home/glilly/work/vista-stack/HL7-FHIR-quality-testing/2026/patients/raw/synthea-1000-20260901-20260101/fhir/Alena861_Steven797_Flatley871_649a2934-3d41-37ec-aa10-996a57cf6498.json	201	512		2026/patients/ingest-response-30.json
/home/glilly/work/vista-stack/HL7-FHIR-quality-testing/2026/patients/raw/synthea-1000-20260901-20260101/fhir/Aletha771_Ka422_Labadie908_b3b95e83-fca0-23cd-4bc3-c44941e0b626.json	201	513		2026/patients/ingest-response-31.json
/home/glilly/work/vista-stack/HL7-FHIR-quality-testing/2026/patients/raw/synthea-1000-20260901-20260101/fhir/Alex454_Mante251_8edaa097-5350-b4fb-fc03-0228d0b08ed8.json	201	514		2026/patients/ingest-response-32.json
/home/glilly/work/vista-stack/HL7-FHIR-quality-testing/2026/patients/raw/synthea-1000-20260901-20260101/fhir/Alexa171_Franecki195_6b58aa39-72fe-9136-2db9-e5cc02d57e4d.json	201	515		2026/patients/ingest-response-33.json
/home/glilly/work/vista-stack/HL7-FHIR-quality-testing/2026/patients/raw/synthea-1000-20260901-20260101/fhir/Alexis664_Bednar518_c7f1f8ec-53e5-4b62-9273-d0ca203888a1.json	201	516		2026/patients/ingest-response-34.json
/home/glilly/work/vista-stack/HL7-FHIR-quality-testing/2026/patients/raw/synthea-1000-20260901-20260101/fhir/Alfonzo975_Leuschke194_0fccca39-fbfa-473e-5c23-3ee3e2467873.json	201	517		2026/patients/ingest-response-35.json
/home/glilly/work/vista-stack/HL7-FHIR-quality-testing/2026/patients/raw/synthea-1000-20260901-20260101/fhir/Alfredo17_Torp761_e8353d5f-668e-4347-3834-b5a0f24a4c26.json	201	518		2026/patients/ingest-response-36.json
/home/glilly/work/vista-stack/HL7-FHIR-quality-testing/2026/patients/raw/synthea-1000-20260901-20260101/fhir/Ali918_Bogisich202_fa8965ef-3af6-c8b3-b73f-93730d5d498a.json	201	519		2026/patients/ingest-response-37.json
/home/glilly/work/vista-stack/HL7-FHIR-quality-testing/2026/patients/raw/synthea-1000-20260901-20260101/fhir/Aliza77_Jessica140_Aufderhar910_47f289af-d888-d48b-66f1-52e51ec19ebb.json	201	520		2026/patients/ingest-response-38.json
/home/glilly/work/vista-stack/HL7-FHIR-quality-testing/2026/patients/raw/synthea-1000-20260901-20260101/fhir/Alla648_Cormier289_57e4757b-0d76-f656-7e2b-e70f0237ac77.json	201	521		2026/patients/ingest-response-39.json
/home/glilly/work/vista-stack/HL7-FHIR-quality-testing/2026/patients/raw/synthea-1000-20260901-20260101/fhir/Allan198_Ernser583_58e1c72e-7615-b60f-5a93-b8557b4c785a.json	201	522		2026/patients/ingest-response-40.json
/home/glilly/work/vista-stack/HL7-FHIR-quality-testing/2026/patients/raw/synthea-1000-20260901-20260101/fhir/Allena79_Larson43_25d2dfab-93cc-6614-a75d-da1259c947f5.json	201	523		2026/patients/ingest-response-41.json
/home/glilly/work/vista-stack/HL7-FHIR-quality-testing/2026/patients/raw/synthea-1000-20260901-20260101/fhir/Alline927_Cecil300_Baumbach677_2fc7f987-2521-4576-75be-d4c81b9666ac.json	201	524		2026/patients/ingest-response-42.json
/home/glilly/work/vista-stack/HL7-FHIR-quality-testing/2026/patients/raw/synthea-1000-20260901-20260101/fhir/Alona471_Smith67_d8d415ea-cc99-d6c5-a2db-ea3d0138ae99.json	201	525		2026/patients/ingest-response-43.json
/home/glilly/work/vista-stack/HL7-FHIR-quality-testing/2026/patients/raw/synthea-1000-20260901-20260101/fhir/Alonso270_Waters156_d41e2331-09b9-e117-553d-4da5ad7629ec.json	201	526		2026/patients/ingest-response-44.json
/home/glilly/work/vista-stack/HL7-FHIR-quality-testing/2026/patients/raw/synthea-1000-20260901-20260101/fhir/Alva958_Jesus702_Sporer811_92074ccb-a56a-bfc1-1195-298926839515.json	201	527		2026/patients/ingest-response-45.json
/home/glilly/work/vista-stack/HL7-FHIR-quality-testing/2026/patients/raw/synthea-1000-20260901-20260101/fhir/Alva958_VonRueden376_903579ea-6a64-56fe-8c71-cd8e477aefac.json	201	528		2026/patients/ingest-response-46.json
/home/glilly/work/vista-stack/HL7-FHIR-quality-testing/2026/patients/raw/synthea-1000-20260901-20260101/fhir/Alverta45_Waters156_812da67a-03c9-80f5-bb45-d4f58236f2a6.json	201	529		2026/patients/ingest-response-47.json
/home/glilly/work/vista-stack/HL7-FHIR-quality-testing/2026/patients/raw/synthea-1000-20260901-20260101/fhir/Alvin56_Schmidt332_e539a03b-2fc7-c232-e6b6-e3ae47177d79.json	201	530		2026/patients/ingest-response-48.json
/home/glilly/work/vista-stack/HL7-FHIR-quality-testing/2026/patients/raw/synthea-1000-20260901-20260101/fhir/Alycia285_Green467_ddd41797-f9a8-2e6d-437f-91779a7cb08d.json	201	531		2026/patients/ingest-response-49.json
/home/glilly/work/vista-stack/HL7-FHIR-quality-testing/2026/patients/raw/synthea-1000-20260901-20260101/fhir/Alysha630_Koepp521_956fffae-4c50-f48f-2356-446efcdd00aa.json	201	532		2026/patients/ingest-response-50.json
/home/glilly/work/vista-stack/HL7-FHIR-quality-testing/2026/patients/raw/synthea-1000-20260901-20260101/fhir/Amada498_Gutkowski940_f965c05c-d547-fa25-deaa-18623ed3bc5d.json	201	533		2026/patients/ingest-response-51.json
/home/glilly/work/vista-stack/HL7-FHIR-quality-testing/2026/patients/raw/synthea-1000-20260901-20260101/fhir/Anastacia583_King743_e3f143a5-41c7-86a3-57f1-7147b2137ce7.json	201	534		2026/patients/ingest-responses-load0/ingest-response-parallel-6.json
/home/glilly/work/vista-stack/HL7-FHIR-quality-testing/2026/patients/raw/synthea-1000-20260901-20260101/fhir/Andera917_Darnell564_Krajcik437_c89628fb-e522-29ff-d987-54184fae5d0f.json	201	535		2026/patients/ingest-responses-load0/ingest-response-parallel-7.json
/home/glilly/work/vista-stack/HL7-FHIR-quality-testing/2026/patients/raw/synthea-1000-20260901-20260101/fhir/Angeles319_Lubowitz58_ac2fa97d-c26d-98f0-9f3d-dfb5e8a83fe3.json	201	536		2026/patients/ingest-responses-load0/ingest-response-parallel-10.json
/home/glilly/work/vista-stack/HL7-FHIR-quality-testing/2026/patients/raw/synthea-1000-20260901-20260101/fhir/Amos720_Hickle134_a673863a-1b04-b4a6-a1b4-aa05bb73b307.json	201	537		2026/patients/ingest-responses-load0/ingest-response-parallel-3.json
/home/glilly/work/vista-stack/HL7-FHIR-quality-testing/2026/patients/raw/synthea-1000-20260901-20260101/fhir/Amos720_Langosh790_fe29300b-c281-bae4-9713-bc4b67420bf8.json	201	538		2026/patients/ingest-responses-load0/ingest-response-parallel-4.json
/home/glilly/work/vista-stack/HL7-FHIR-quality-testing/2026/patients/raw/synthea-1000-20260901-20260101/fhir/Andrew29_Jacobs452_1dd4e41f-4f88-a872-f351-8ef474f2bc56.json	201	539		2026/patients/ingest-responses-load0/ingest-response-parallel-9.json
/home/glilly/work/vista-stack/HL7-FHIR-quality-testing/2026/patients/raw/synthea-1000-20260901-20260101/fhir/Amiee221_Quitzon246_f0f6bd4b-8995-897d-e09b-cfa9a87cbdde.json	201	539		2026/patients/ingest-response-52.json
/home/glilly/work/vista-stack/HL7-FHIR-quality-testing/2026/patients/raw/synthea-1000-20260901-20260101/fhir/Angelique249_Stanton715_11e4d8b2-678c-80b7-ba43-543131068897.json	201	541		2026/patients/ingest-responses-load0/ingest-response-parallel-12.json
/home/glilly/work/vista-stack/HL7-FHIR-quality-testing/2026/patients/raw/synthea-1000-20260901-20260101/fhir/Angelyn934_Louise871_Mosciski958_6e216aca-8037-601b-5aae-fca4feea48f7.json	201	542		2026/patients/ingest-responses-load0/ingest-response-parallel-14.json
/home/glilly/work/vista-stack/HL7-FHIR-quality-testing/2026/patients/raw/synthea-1000-20260901-20260101/fhir/Anjanette878_Schneider199_edb30999-58c6-138a-29d7-8a6dffbc726f.json	201	543		2026/patients/ingest-responses-load0/ingest-response-parallel-17.json
/home/glilly/work/vista-stack/HL7-FHIR-quality-testing/2026/patients/raw/synthea-1000-20260901-20260101/fhir/Angelo118_Berge125_cabbc883-81a0-8d9b-3d04-e7a1c4334d0b.json	201	544		2026/patients/ingest-responses-load0/ingest-response-parallel-13.json
/home/glilly/work/vista-stack/HL7-FHIR-quality-testing/2026/patients/raw/synthea-1000-20260901-20260101/fhir/Anjelica989_Rea30_Boehm581_e8299caf-7c03-0984-926a-f0a289cf1fb5.json	201	546		2026/patients/ingest-responses-load0/ingest-response-parallel-18.json
/home/glilly/work/vista-stack/HL7-FHIR-quality-testing/2026/patients/raw/synthea-1000-20260901-20260101/fhir/Angie214_Patty600_Buckridge80_56cdca00-289b-e0f2-e296-b4dddb94a6d4.json	201	546		2026/patients/ingest-responses-load0/ingest-response-parallel-15.json
/home/glilly/work/vista-stack/HL7-FHIR-quality-testing/2026/patients/raw/synthea-1000-20260901-20260101/fhir/Angelica442_Lesa839_Runolfsson901_cb75ca8f-e213-106e-d8ef-555d7577a76b.json	201	546		2026/patients/ingest-responses-load0/ingest-response-parallel-11.json
/home/glilly/work/vista-stack/HL7-FHIR-quality-testing/2026/patients/raw/synthea-1000-20260901-20260101/fhir/Anibal473_Dickens475_6efe9f87-d53c-2ebd-9307-0214f6a6dd82.json	201	547		2026/patients/ingest-responses-load0/ingest-response-parallel-16.json
/home/glilly/work/vista-stack/HL7-FHIR-quality-testing/2026/patients/raw/synthea-1000-20260901-20260101/fhir/Annemarie794_Abbott774_4c6f133c-157b-334a-d575-023feae607aa.json	201	548		2026/patients/ingest-responses-load0/ingest-response-parallel-21.json
/home/glilly/work/vista-stack/HL7-FHIR-quality-testing/2026/patients/raw/synthea-1000-20260901-20260101/fhir/Ann985_Lorie307_Paucek755_5382abf8-8ae3-d851-99ff-2744161bc07e.json	201	549		2026/patients/ingest-responses-load0/ingest-response-parallel-19.json
/home/glilly/work/vista-stack/HL7-FHIR-quality-testing/2026/patients/raw/synthea-1000-20260901-20260101/fhir/Antione404_Ernser583_8338013b-96de-a5a3-a5ce-0c23e5c017a9.json	201	550		2026/patients/ingest-responses-load0/ingest-response-parallel-25.json
/home/glilly/work/vista-stack/HL7-FHIR-quality-testing/2026/patients/raw/synthea-1000-20260901-20260101/fhir/Antione404_Considine820_717239bb-635c-e647-d23a-b4b20e9211e4.json	201	551		2026/patients/ingest-responses-load0/ingest-response-parallel-24.json
/home/glilly/work/vista-stack/HL7-FHIR-quality-testing/2026/patients/raw/synthea-1000-20260901-20260101/fhir/Annett908_Hilll811_b187c895-ea21-cb89-13bb-86700d2c4451.json	201	552		2026/patients/ingest-responses-load0/ingest-response-parallel-22.json
/home/glilly/work/vista-stack/HL7-FHIR-quality-testing/2026/patients/raw/synthea-1000-20260901-20260101/fhir/Annett908_Stacia109_Little434_a699c039-12c1-bf93-3321-542b40bab73f.json	201	553		2026/patients/ingest-responses-load0/ingest-response-parallel-23.json
/home/glilly/work/vista-stack/HL7-FHIR-quality-testing/2026/patients/raw/synthea-1000-20260901-20260101/fhir/Antone63_Kessler503_bba4c54a-1fb5-1b25-f3d2-6578c123d1a6.json	201	554		2026/patients/ingest-responses-load0/ingest-response-parallel-26.json
/home/glilly/work/vista-stack/HL7-FHIR-quality-testing/2026/patients/raw/synthea-1000-20260901-20260101/fhir/Antone63_Little434_8b0cf846-67d4-c604-a921-881e2c9da6ee.json	201	554		2026/patients/ingest-responses-load0/ingest-response-parallel-27.json
/home/glilly/work/vista-stack/HL7-FHIR-quality-testing/2026/patients/raw/synthea-1000-20260901-20260101/fhir/Ara96_Shanahan202_ce8bb1be-489b-924c-403c-2d254c9d0452.json	201	555		2026/patients/ingest-responses-load0/ingest-response-parallel-28.json
/home/glilly/work/vista-stack/HL7-FHIR-quality-testing/2026/patients/raw/synthea-1000-20260901-20260101/fhir/Arden380_Lang846_f10730c1-67a3-c1b1-cbc2-7f2da1202a8c.json	201	556		2026/patients/ingest-responses-load0/ingest-response-parallel-29.json
/home/glilly/work/vista-stack/HL7-FHIR-quality-testing/2026/patients/raw/synthea-1000-20260901-20260101/fhir/Ariana988_Darleen361_Stanton715_ed81a54f-e38e-1104-b150-14a0e2a6c9d1.json	201	557		2026/patients/ingest-responses-load0/ingest-response-parallel-30.json
/home/glilly/work/vista-stack/HL7-FHIR-quality-testing/2026/patients/raw/synthea-1000-20260901-20260101/fhir/Andrea7_Kuhlman484_2cb21845-8a2d-8918-4a22-0477f0fae710.json	201	558		2026/patients/ingest-responses-load0/ingest-response-parallel-8.json
/home/glilly/work/vista-stack/HL7-FHIR-quality-testing/2026/patients/raw/synthea-1000-20260901-20260101/fhir/Arletta663_Samara159_Bergnaum523_9803c978-d9aa-fcc8-626f-416c425cd00b.json	201	559		2026/patients/ingest-responses-load0/ingest-response-parallel-33.json
/home/glilly/work/vista-stack/HL7-FHIR-quality-testing/2026/patients/raw/synthea-1000-20260901-20260101/fhir/Armandina361_Effertz744_57550741-07b7-6d97-945d-c04b7294d4d3.json	201	560		2026/patients/ingest-responses-load0/ingest-response-parallel-34.json
/home/glilly/work/vista-stack/HL7-FHIR-quality-testing/2026/patients/raw/synthea-1000-20260901-20260101/fhir/Arminda86_Willia886_Schuster709_c3019758-96a1-02eb-292f-ffddcb18f7c8.json	201	561		2026/patients/ingest-responses-load0/ingest-response-parallel-35.json
/home/glilly/work/vista-stack/HL7-FHIR-quality-testing/2026/patients/raw/synthea-1000-20260901-20260101/fhir/Arnold338_Graham902_84f0c17c-7bd7-62c5-e9bc-6b0f1bc24acf.json	201	562		2026/patients/ingest-responses-load0/ingest-response-parallel-36.json
/home/glilly/work/vista-stack/HL7-FHIR-quality-testing/2026/patients/raw/synthea-1000-20260901-20260101/fhir/Arletta663_Kunde533_e4298e7a-175f-7844-e00d-2660bb06a6bd.json	201	562		2026/patients/ingest-responses-load0/ingest-response-parallel-32.json
/home/glilly/work/vista-stack/HL7-FHIR-quality-testing/2026/patients/raw/synthea-1000-20260901-20260101/fhir/Arnulfo253_Bergnaum523_af6a2bba-1adb-da28-94e2-087e7c414085.json	201	563		2026/patients/ingest-responses-load0/ingest-response-parallel-38.json
/home/glilly/work/vista-stack/HL7-FHIR-quality-testing/2026/patients/raw/synthea-1000-20260901-20260101/fhir/Arnoldo445_Sanford861_5766c6ce-a10e-b0c0-871c-817a6c8fb879.json	201	564		2026/patients/ingest-responses-load0/ingest-response-parallel-37.json
/home/glilly/work/vista-stack/HL7-FHIR-quality-testing/2026/patients/raw/synthea-1000-20260901-20260101/fhir/Art115_Fay398_010af1dc-2c44-c6f6-6bd4-7c64120ca076.json	201	565		2026/patients/ingest-responses-load0/ingest-response-parallel-41.json
/home/glilly/work/vista-stack/HL7-FHIR-quality-testing/2026/patients/raw/synthea-1000-20260901-20260101/fhir/Arlen68_Douglas31_7b730e09-61bd-f99b-b2b3-cc69f956e031.json	201	566		2026/patients/ingest-responses-load0/ingest-response-parallel-31.json
/home/glilly/work/vista-stack/HL7-FHIR-quality-testing/2026/patients/raw/synthea-1000-20260901-20260101/fhir/Arnulfo253_Eichmann909_d7c6a474-c7db-1c40-41c6-ab5ece576ab6.json	201	566		2026/patients/ingest-responses-load0/ingest-response-parallel-39.json
/home/glilly/work/vista-stack/HL7-FHIR-quality-testing/2026/patients/raw/synthea-1000-20260901-20260101/fhir/Arron144_O'Reilly797_4987faff-1f77-ce0d-7225-83afe1627e63.json	201	567		2026/patients/ingest-responses-load0/ingest-response-parallel-40.json
/home/glilly/work/vista-stack/HL7-FHIR-quality-testing/2026/patients/raw/synthea-1000-20260901-20260101/fhir/Annelle169_Schroeder447_79f87991-363b-b98a-cb33-d7a9235a9b8f.json	201	566		2026/patients/ingest-responses-load0/ingest-response-parallel-20.json
/home/glilly/work/vista-stack/HL7-FHIR-quality-testing/2026/patients/raw/synthea-1000-20260901-20260101/fhir/Ashlea10_Donnelly343_373ae485-a1d0-3b8d-6d39-80c33322e1cf.json	201	568		2026/patients/ingest-responses-load0/ingest-response-parallel-45.json
/home/glilly/work/vista-stack/HL7-FHIR-quality-testing/2026/patients/raw/synthea-1000-20260901-20260101/fhir/Asha251_Hyatt152_1dc82b8f-9f9c-2d15-c402-130431c0780b.json	201	569		2026/patients/ingest-responses-load0/ingest-response-parallel-44.json
/home/glilly/work/vista-stack/HL7-FHIR-quality-testing/2026/patients/raw/synthea-1000-20260901-20260101/fhir/Ashleigh941_Fritsch593_23950c07-e4a6-ba31-97dd-d93239217149.json	201	570		2026/patients/ingest-responses-load0/ingest-response-parallel-46.json
/home/glilly/work/vista-stack/HL7-FHIR-quality-testing/2026/patients/raw/synthea-1000-20260901-20260101/fhir/Ashley34_Spinka232_543664f7-4c4d-e7f2-c798-6ef00dd78ecd.json	201	571		2026/patients/ingest-responses-load0/ingest-response-parallel-48.json
/home/glilly/work/vista-stack/HL7-FHIR-quality-testing/2026/patients/raw/synthea-1000-20260901-20260101/fhir/Ashley34_Boyle917_f0af101a-e4df-ed12-3f67-3f10982572c7.json	201	572		2026/patients/ingest-responses-load0/ingest-response-parallel-47.json
/home/glilly/work/vista-stack/HL7-FHIR-quality-testing/2026/patients/raw/synthea-1000-20260901-20260101/fhir/Augustine565_Greenholt190_480667a1-37d2-cb92-664f-467236f08bf0.json	201	574		2026/patients/ingest-responses-load0/ingest-response-parallel-51.json
/home/glilly/work/vista-stack/HL7-FHIR-quality-testing/2026/patients/raw/synthea-1000-20260901-20260101/fhir/Asa127_Yost751_c8665ae5-4f54-870b-ce47-9dcf35fcdba0.json	201	573		2026/patients/ingest-responses-load0/ingest-response-parallel-43.json
/home/glilly/work/vista-stack/HL7-FHIR-quality-testing/2026/patients/raw/synthea-1000-20260901-20260101/fhir/Babette571_Hodkiewicz467_1ba2031e-bed0-1231-e416-544df2181038.json	201	575		2026/patients/ingest-responses-load0/ingest-response-parallel-53.json
/home/glilly/work/vista-stack/HL7-FHIR-quality-testing/2026/patients/raw/synthea-1000-20260901-20260101/fhir/Ashton21_Sumiko254_Doyle959_9da46e0a-fc90-9ed3-db56-883919263f60.json	201	574		2026/patients/ingest-responses-load0/ingest-response-parallel-49.json
/home/glilly/work/vista-stack/HL7-FHIR-quality-testing/2026/patients/raw/synthea-1000-20260901-20260101/fhir/Beau391_Haley279_fbb02da7-81f0-1976-9808-4f48bbc5039d.json	201	576		2026/patients/ingest-responses-load0/ingest-response-parallel-58.json
/home/glilly/work/vista-stack/HL7-FHIR-quality-testing/2026/patients/raw/synthea-1000-20260901-20260101/fhir/Aurelia213_Mireya881_Mohr916_3f7d08b7-5fb9-2737-b232-08a731f5f415.json	201	576		2026/patients/ingest-responses-load0/ingest-response-parallel-52.json
/home/glilly/work/vista-stack/HL7-FHIR-quality-testing/2026/patients/raw/synthea-1000-20260901-20260101/fhir/Beata187_Giselle809_Considine820_d6c7b975-e090-92f1-0b87-2a94b5dc4093.json	201	577		2026/patients/ingest-responses-load0/ingest-response-parallel-56.json
/home/glilly/work/vista-stack/HL7-FHIR-quality-testing/2026/patients/raw/synthea-1000-20260901-20260101/fhir/Barbie211_Rene434_Marquardt819_05a39c3a-38bf-1556-9633-0c5962b4f27c.json	201	578		2026/patients/ingest-responses-load0/ingest-response-parallel-54.json
/home/glilly/work/vista-stack/HL7-FHIR-quality-testing/2026/patients/raw/synthea-1000-20260901-20260101/fhir/Barton704_Kertzmann286_86c579a5-e07d-0911-4958-3fbff7319986.json	201	579		2026/patients/ingest-responses-load0/ingest-response-parallel-55.json
/home/glilly/work/vista-stack/HL7-FHIR-quality-testing/2026/patients/raw/synthea-1000-20260901-20260101/fhir/Beatriz277_Micaela928_Alemán808_c6ce1501-5eae-a80d-6444-689435081b41.json	201	580		2026/patients/ingest-responses-load0/ingest-response-parallel-57.json
/home/glilly/work/vista-stack/HL7-FHIR-quality-testing/2026/patients/raw/synthea-1000-20260901-20260101/fhir/Bebe406_Winona266_McKenzie376_14ca9eb6-b921-2647-b0ac-3312e420cd96.json	201	581		2026/patients/ingest-responses-load0/ingest-response-parallel-60.json
/home/glilly/work/vista-stack/HL7-FHIR-quality-testing/2026/patients/raw/synthea-1000-20260901-20260101/fhir/Arturo47_Okuneva707_4cd3dd9d-0fff-82b7-852d-33132215103a.json	201	579		2026/patients/ingest-responses-load0/ingest-response-parallel-42.json
/home/glilly/work/vista-stack/HL7-FHIR-quality-testing/2026/patients/raw/synthea-1000-20260901-20260101/fhir/Benita195_Norman647_Witting912_d5835c7f-ae9c-5afe-5374-4ae18a1810d6.json	201	582		2026/patients/ingest-responses-load0/ingest-response-parallel-64.json
/home/glilly/work/vista-stack/HL7-FHIR-quality-testing/2026/patients/raw/synthea-1000-20260901-20260101/fhir/Bennie663_Koss676_250220a8-64aa-75ba-4c78-48408334e88b.json	201	583		2026/patients/ingest-responses-load0/ingest-response-parallel-66.json
/home/glilly/work/vista-stack/HL7-FHIR-quality-testing/2026/patients/raw/synthea-1000-20260901-20260101/fhir/Bennett146_Metz686_ae449fc5-039c-f3cf-270c-8654129d295a.json	201	584		2026/patients/ingest-responses-load0/ingest-response-parallel-65.json
/home/glilly/work/vista-stack/HL7-FHIR-quality-testing/2026/patients/raw/synthea-1000-20260901-20260101/fhir/Bernardo699_Cavazos163_6fe15ff1-9b1c-543e-59c2-087164a1a800.json	201	585		2026/patients/ingest-responses-load0/ingest-response-parallel-67.json
/home/glilly/work/vista-stack/HL7-FHIR-quality-testing/2026/patients/raw/synthea-1000-20260901-20260101/fhir/Bernetta267_Maggio310_56431287-83ec-2b40-0aac-283f3cceb796.json	201	586		2026/patients/ingest-responses-load0/ingest-response-parallel-68.json
/home/glilly/work/vista-stack/HL7-FHIR-quality-testing/2026/patients/raw/synthea-1000-20260901-20260101/fhir/Bella510_Shana231_O'Keefe54_3535f090-dfb0-a26f-2f5f-149e10b7143d.json	201	586		2026/patients/ingest-responses-load0/ingest-response-parallel-63.json
/home/glilly/work/vista-stack/HL7-FHIR-quality-testing/2026/patients/raw/synthea-1000-20260901-20260101/fhir/Belia417_Heaney114_40c04e38-c161-4e3c-db92-b060d6503679.json	201	586		2026/patients/ingest-responses-load0/ingest-response-parallel-61.json
/home/glilly/work/vista-stack/HL7-FHIR-quality-testing/2026/patients/raw/synthea-1000-20260901-20260101/fhir/Billie243_Brakus656_9b2fd3c8-3b6f-7e21-ff64-9c0de21d5470.json	201	587		2026/patients/ingest-responses-load0/ingest-response-parallel-71.json
/home/glilly/work/vista-stack/HL7-FHIR-quality-testing/2026/patients/raw/synthea-1000-20260901-20260101/fhir/Bette450_Wuckert783_0b52a6e1-1759-3106-8d53-94d749986c1f.json	201	587		2026/patients/ingest-responses-load0/ingest-response-parallel-70.json
/home/glilly/work/vista-stack/HL7-FHIR-quality-testing/2026/patients/raw/synthea-1000-20260901-20260101/fhir/Berry486_Thompson596_7a41dd80-abe0-ac0d-f7fb-088ca7ea32ab.json	201	588		2026/patients/ingest-responses-load0/ingest-response-parallel-69.json
/home/glilly/work/vista-stack/HL7-FHIR-quality-testing/2026/patients/raw/synthea-1000-20260901-20260101/fhir/Blaine377_Runolfsdottir785_90839673-2859-1133-dc09-da3ffb3b4843.json	201	589		2026/patients/ingest-responses-load0/ingest-response-parallel-75.json
/home/glilly/work/vista-stack/HL7-FHIR-quality-testing/2026/patients/raw/synthea-1000-20260901-20260101/fhir/Billy698_Exie255_Lockman863_0e7d365a-4a14-8c51-e91e-acb76c4940df.json	201	590		2026/patients/ingest-responses-load0/ingest-response-parallel-73.json
/home/glilly/work/vista-stack/HL7-FHIR-quality-testing/2026/patients/raw/synthea-1000-20260901-20260101/fhir/Blair400_Ardelle563_White193_7684427a-6a56-1425-f1be-4a286bddc645.json	201	591		2026/patients/ingest-responses-load0/ingest-response-parallel-76.json
/home/glilly/work/vista-stack/HL7-FHIR-quality-testing/2026/patients/raw/synthea-1000-20260901-20260101/fhir/Billy698_Lakendra356_Zulauf375_aa8345fd-f41b-c691-35c6-15a3070ee51c.json	201	592		2026/patients/ingest-responses-load0/ingest-response-parallel-74.json
/home/glilly/work/vista-stack/HL7-FHIR-quality-testing/2026/patients/raw/synthea-1000-20260901-20260101/fhir/Bobby524_Doyle959_944c2334-c281-5b53-6f27-dc50117e1a36.json	201	593		2026/patients/ingest-responses-load0/ingest-response-parallel-78.json
/home/glilly/work/vista-stack/HL7-FHIR-quality-testing/2026/patients/raw/synthea-1000-20260901-20260101/fhir/Belkis212_Twanda979_Corkery305_f2172c31-509f-d738-ad0d-2170b765c89c.json	201	593		2026/patients/ingest-responses-load0/ingest-response-parallel-62.json
/home/glilly/work/vista-stack/HL7-FHIR-quality-testing/2026/patients/raw/synthea-1000-20260901-20260101/fhir/Billie243_Kuhlman484_f9fc215f-0e89-f281-6bde-f2507f03c1db.json	201	594		2026/patients/ingest-responses-load0/ingest-response-parallel-72.json
/home/glilly/work/vista-stack/HL7-FHIR-quality-testing/2026/patients/raw/synthea-1000-20260901-20260101/fhir/Bonnie873_Ayako221_Cummings51_2bf5bda2-252d-4aec-58c8-5b63c63a0a55.json	201	595		2026/patients/ingest-responses-load0/ingest-response-parallel-79.json
/home/glilly/work/vista-stack/HL7-FHIR-quality-testing/2026/patients/raw/synthea-1000-20260901-20260101/fhir/Brandon214_Marks830_dd15d732-c5a5-4934-0aa3-f9006e3d74ed.json	201	596		2026/patients/ingest-responses-load0/ingest-response-parallel-83.json
/home/glilly/work/vista-stack/HL7-FHIR-quality-testing/2026/patients/raw/synthea-1000-20260901-20260101/fhir/Brandon214_Stoltenberg489_0299166c-225e-ec93-5abf-491ff68b8875.json	201	597		2026/patients/ingest-responses-load0/ingest-response-parallel-84.json
/home/glilly/work/vista-stack/HL7-FHIR-quality-testing/2026/patients/raw/synthea-1000-20260901-20260101/fhir/Brandi2_Cassin499_779efe19-bc88-d915-40aa-af92611ff4e4.json	201	598		2026/patients/ingest-responses-load0/ingest-response-parallel-82.json
/home/glilly/work/vista-stack/HL7-FHIR-quality-testing/2026/patients/raw/synthea-1000-20260901-20260101/fhir/Brent147_Lockman863_0a426955-add9-72d3-69c5-a15778db398e.json	201	599		2026/patients/ingest-responses-load0/ingest-response-parallel-87.json
/home/glilly/work/vista-stack/HL7-FHIR-quality-testing/2026/patients/raw/synthea-1000-20260901-20260101/fhir/Branden904_Rohan584_5ab9b571-8f00-58b7-cb25-c6da5f0502f4.json	201	599		2026/patients/ingest-responses-load0/ingest-response-parallel-80.json
/home/glilly/work/vista-stack/HL7-FHIR-quality-testing/2026/patients/raw/synthea-1000-20260901-20260101/fhir/Bret7_Ortiz186_5770ba5f-ab3a-5124-c931-6276906a9cdf.json	201	600		2026/patients/ingest-responses-load0/ingest-response-parallel-89.json
/home/glilly/work/vista-stack/HL7-FHIR-quality-testing/2026/patients/raw/synthea-1000-20260901-20260101/fhir/Brandy18_Konopelski743_9214da74-6ed7-4e7a-1730-ce4a4a988ae8.json	201	601		2026/patients/ingest-responses-load0/ingest-response-parallel-86.json
/home/glilly/work/vista-stack/HL7-FHIR-quality-testing/2026/patients/raw/synthea-1000-20260901-20260101/fhir/Brian582_McKenzie376_85f9ee01-6d79-6979-7c70-c4a459d31a23.json	201	602		2026/patients/ingest-responses-load0/ingest-response-parallel-90.json
/home/glilly/work/vista-stack/HL7-FHIR-quality-testing/2026/patients/raw/synthea-1000-20260901-20260101/fhir/Brandy18_Hilpert278_91d7b2ff-7ad8-b9bd-98c4-29efcf5dfb42.json	201	603		2026/patients/ingest-responses-load0/ingest-response-parallel-85.json
/home/glilly/work/vista-stack/HL7-FHIR-quality-testing/2026/patients/raw/synthea-1000-20260901-20260101/fhir/Brenton674_Bergnaum523_5c249025-068d-04e0-6e49-3302accce389.json	201	604		2026/patients/ingest-responses-load0/ingest-response-parallel-88.json
/home/glilly/work/vista-stack/HL7-FHIR-quality-testing/2026/patients/raw/synthea-1000-20260901-20260101/fhir/Britni406_Nichole96_Schuppe920_0adf8687-3743-f584-40d0-23f23f5fd78a.json	201	605		2026/patients/ingest-responses-load0/ingest-response-parallel-92.json
/home/glilly/work/vista-stack/HL7-FHIR-quality-testing/2026/patients/raw/synthea-1000-20260901-20260101/fhir/Brice635_Terry864_693fa6a5-5edf-762b-03ca-e3f73530d84a.json	201	605		2026/patients/ingest-responses-load0/ingest-response-parallel-91.json
/home/glilly/work/vista-stack/HL7-FHIR-quality-testing/2026/patients/raw/synthea-1000-20260901-20260101/fhir/Britt177_Shelia548_Runolfsson901_9aef81ed-89f4-9e39-590d-b58367e8c9b6.json	201	606		2026/patients/ingest-responses-load0/ingest-response-parallel-93.json
/home/glilly/work/vista-stack/HL7-FHIR-quality-testing/2026/patients/raw/synthea-1000-20260901-20260101/fhir/Britta584_Brian582_Marquardt819_b67caea9-0836-8a09-737d-ff2d4ae3b7a2.json	201	607		2026/patients/ingest-responses-load0/ingest-response-parallel-94.json
/home/glilly/work/vista-stack/HL7-FHIR-quality-testing/2026/patients/raw/synthea-1000-20260901-20260101/fhir/Broderick767_Greenholt190_44ecd0ea-ccfa-c878-2d01-d00b01feb22a.json	201	608		2026/patients/ingest-responses-load0/ingest-response-parallel-97.json
/home/glilly/work/vista-stack/HL7-FHIR-quality-testing/2026/patients/raw/synthea-1000-20260901-20260101/fhir/Brock407_Becker968_77a675a1-903e-1248-ac4f-c768a06786b9.json	201	609		2026/patients/ingest-responses-load0/ingest-response-parallel-95.json
/home/glilly/work/vista-stack/HL7-FHIR-quality-testing/2026/patients/raw/synthea-1000-20260901-20260101/fhir/Branden904_Tromp100_cbfe15cf-f133-7828-a310-7332d9fe1b60.json	201	608		2026/patients/ingest-responses-load0/ingest-response-parallel-81.json
/home/glilly/work/vista-stack/HL7-FHIR-quality-testing/2026/patients/raw/synthea-1000-20260901-20260101/fhir/Broderick767_Dietrich576_eceb6e44-f464-caf2-0221-91f3b147dcfc.json	201	610		2026/patients/ingest-responses-load0/ingest-response-parallel-96.json
/home/glilly/work/vista-stack/HL7-FHIR-quality-testing/2026/patients/raw/synthea-1000-20260901-20260101/fhir/Bruce167_D'Amore443_f009d6e7-0705-98f4-edf9-945b1c4a1fe8.json	201	611		2026/patients/ingest-responses-load0/ingest-response-parallel-99.json
/home/glilly/work/vista-stack/HL7-FHIR-quality-testing/2026/patients/raw/synthea-1000-20260901-20260101/fhir/Brooke250_Lisette854_Strosin214_241a8cc0-b39a-46e9-10f3-285ac909dce2.json	201	612		2026/patients/ingest-responses-load0/ingest-response-parallel-98.json
/home/glilly/work/vista-stack/HL7-FHIR-quality-testing/2026/patients/raw/synthea-1000-20260901-20260101/fhir/Burma963_Micaela928_Stiedemann542_72877f11-fb88-946c-911a-87303e9176f5.json	201	613		2026/patients/ingest-responses-load0/ingest-response-parallel-103.json
/home/glilly/work/vista-stack/HL7-FHIR-quality-testing/2026/patients/raw/synthea-1000-20260901-20260101/fhir/Buford910_Schiller186_20d64105-55fa-a501-d299-e51ba45a9f8d.json	201	614		2026/patients/ingest-responses-load0/ingest-response-parallel-102.json
/home/glilly/work/vista-stack/HL7-FHIR-quality-testing/2026/patients/raw/synthea-1000-20260901-20260101/fhir/Carey440_Ruecker817_c2736c6b-e461-80a2-c7ff-1130c00b67c3.json	201	615		2026/patients/ingest-responses-load0/ingest-response-parallel-107.json
/home/glilly/work/vista-stack/HL7-FHIR-quality-testing/2026/patients/raw/synthea-1000-20260901-20260101/fhir/Bruce167_Watsica258_f6edf556-6aac-06bd-1023-e1dcba686e76.json	201	616		2026/patients/ingest-responses-load0/ingest-response-parallel-100.json
/home/glilly/work/vista-stack/HL7-FHIR-quality-testing/2026/patients/raw/synthea-1000-20260901-20260101/fhir/Camie739_Cartwright189_1a6939aa-847d-0b7d-1083-58401a7dcbee.json	201	617		2026/patients/ingest-responses-load0/ingest-response-parallel-106.json
/home/glilly/work/vista-stack/HL7-FHIR-quality-testing/2026/patients/raw/synthea-1000-20260901-20260101/fhir/Camelia346_Heidenreich818_784491a5-fa4a-0515-558b-9a89ada228e5.json	201	618		2026/patients/ingest-responses-load0/ingest-response-parallel-105.json
/home/glilly/work/vista-stack/HL7-FHIR-quality-testing/2026/patients/raw/synthea-1000-20260901-20260101/fhir/Carl856_Mills423_c3f05c95-d9b2-59b5-130d-1b08e8af2625.json	201	619		2026/patients/ingest-responses-load0/ingest-response-parallel-112.json
/home/glilly/work/vista-stack/HL7-FHIR-quality-testing/2026/patients/raw/synthea-1000-20260901-20260101/fhir/Carey440_Veum823_dde7d7b3-3464-de1a-de12-c660df0b7dde.json	201	620		2026/patients/ingest-responses-load0/ingest-response-parallel-108.json
/home/glilly/work/vista-stack/HL7-FHIR-quality-testing/2026/patients/raw/synthea-1000-20260901-20260101/fhir/Carin553_Daugherty69_8fb7fa44-6eae-9d55-73ec-9e91c2377ef9.json	201	621		2026/patients/ingest-responses-load0/ingest-response-parallel-110.json
/home/glilly/work/vista-stack/HL7-FHIR-quality-testing/2026/patients/raw/synthea-1000-20260901-20260101/fhir/Carli641_Chong355_Keeling57_0f134f4e-6eb4-77ff-0273-01e16bc4090d.json	201	622		2026/patients/ingest-responses-load0/ingest-response-parallel-114.json
/home/glilly/work/vista-stack/HL7-FHIR-quality-testing/2026/patients/raw/synthea-1000-20260901-20260101/fhir/Carie544_Marquardt819_7765c1e4-d13e-8539-1230-bf0004ae9c3c.json	201	623		2026/patients/ingest-responses-load0/ingest-response-parallel-109.json
/home/glilly/work/vista-stack/HL7-FHIR-quality-testing/2026/patients/raw/synthea-1000-20260901-20260101/fhir/Carla633_Reynolds644_43dc74f8-7efb-ee00-9ded-f67421bb94fb.json	201	624		2026/patients/ingest-responses-load0/ingest-response-parallel-113.json
/home/glilly/work/vista-stack/HL7-FHIR-quality-testing/2026/patients/raw/synthea-1000-20260901-20260101/fhir/Carlota980_Sofia418_Rangel145_4b8fc55d-6d76-ad95-e0a1-f02f3a362664.json	201	625		2026/patients/ingest-responses-load0/ingest-response-parallel-116.json
/home/glilly/work/vista-stack/HL7-FHIR-quality-testing/2026/patients/raw/synthea-1000-20260901-20260101/fhir/Carma664_Sadye922_Schiller186_ba7bbcd9-e0c8-82a0-478b-cb55ed63e598.json	201	626		2026/patients/ingest-responses-load0/ingest-response-parallel-118.json
/home/glilly/work/vista-stack/HL7-FHIR-quality-testing/2026/patients/raw/synthea-1000-20260901-20260101/fhir/Carlo647_Reynolds644_55aa6848-8c25-9332-f3de-f7e499828697.json	201	627		2026/patients/ingest-responses-load0/ingest-response-parallel-115.json
/home/glilly/work/vista-stack/HL7-FHIR-quality-testing/2026/patients/raw/synthea-1000-20260901-20260101/fhir/Carlyn477_Tamika537_Gutmann970_c410c3b5-3229-3a85-377d-5a406308b1fe.json	201	627		2026/patients/ingest-responses-load0/ingest-response-parallel-117.json
/home/glilly/work/vista-stack/HL7-FHIR-quality-testing/2026/patients/raw/synthea-1000-20260901-20260101/fhir/Carmella421_Schamberger479_b234aff1-d9b2-cee9-3497-156a926730b3.json	201	628		2026/patients/ingest-responses-load0/ingest-response-parallel-119.json
/home/glilly/work/vista-stack/HL7-FHIR-quality-testing/2026/patients/raw/synthea-1000-20260901-20260101/fhir/Caroyln232_Joi660_Thiel172_8d686bf8-cf08-c2b4-f625-452995fcdbf6.json	201	629		2026/patients/ingest-responses-load0/ingest-response-parallel-123.json
/home/glilly/work/vista-stack/HL7-FHIR-quality-testing/2026/patients/raw/synthea-1000-20260901-20260101/fhir/Carol737_Bailey598_735a4015-6560-7066-dbd2-5b93f9ace41c.json	201	630		2026/patients/ingest-responses-load0/ingest-response-parallel-121.json
/home/glilly/work/vista-stack/HL7-FHIR-quality-testing/2026/patients/raw/synthea-1000-20260901-20260101/fhir/Carmen818_Ashely524_Walsh511_0f2a5b5b-5338-3480-6c20-bd17674396d7.json	201	631		2026/patients/ingest-responses-load0/ingest-response-parallel-120.json
/home/glilly/work/vista-stack/HL7-FHIR-quality-testing/2026/patients/raw/synthea-1000-20260901-20260101/fhir/Caron739_Lilian665_Rath779_28067295-7f6e-39ad-e199-8075544bbbbb.json	201	632		2026/patients/ingest-responses-load0/ingest-response-parallel-122.json
/home/glilly/work/vista-stack/HL7-FHIR-quality-testing/2026/patients/raw/synthea-1000-20260901-20260101/fhir/Carson894_Hintz995_74e88754-0cd6-9e85-51f5-da9f52e57c10.json	201	633		2026/patients/ingest-responses-load0/ingest-response-parallel-126.json
/home/glilly/work/vista-stack/HL7-FHIR-quality-testing/2026/patients/raw/synthea-1000-20260901-20260101/fhir/Carri827_Pollich983_37204a1c-c396-087d-63c0-fe636449a357.json	201	634		2026/patients/ingest-responses-load0/ingest-response-parallel-124.json
/home/glilly/work/vista-stack/HL7-FHIR-quality-testing/2026/patients/raw/synthea-1000-20260901-20260101/fhir/Carri827_Tessie155_Wiza601_af023c24-6c5b-0469-eb28-33af28927798.json	201	635		2026/patients/ingest-responses-load0/ingest-response-parallel-125.json
/home/glilly/work/vista-stack/HL7-FHIR-quality-testing/2026/patients/raw/synthea-1000-20260901-20260101/fhir/Carson894_Labadie908_7b9a9943-11c6-bd30-429d-b6840a9bef91.json	201	636		2026/patients/ingest-responses-load0/ingest-response-parallel-127.json
/home/glilly/work/vista-stack/HL7-FHIR-quality-testing/2026/patients/raw/synthea-1000-20260901-20260101/fhir/Byron202_Bashirian201_47a2bed8-b776-ae61-c599-95852fd07d94.json	201	633		2026/patients/ingest-responses-load0/ingest-response-parallel-104.json
/home/glilly/work/vista-stack/HL7-FHIR-quality-testing/2026/patients/raw/synthea-1000-20260901-20260101/fhir/Casey401_Raynor401_7e050e72-2a1f-e1d2-c8e8-cbe92f0a5c7a.json	201	637		2026/patients/ingest-responses-load0/ingest-response-parallel-133.json
/home/glilly/work/vista-stack/HL7-FHIR-quality-testing/2026/patients/raw/synthea-1000-20260901-20260101/fhir/Carter549_Daugherty69_7d17f6d6-2849-6c35-e847-5a295be1c339.json	201	638		2026/patients/ingest-responses-load0/ingest-response-parallel-129.json
/home/glilly/work/vista-stack/HL7-FHIR-quality-testing/2026/patients/raw/synthea-1000-20260901-20260101/fhir/Cary869_Carroll471_978150df-2469-0268-65d2-b859c17d3fdf.json	201	638		2026/patients/ingest-responses-load0/ingest-response-parallel-131.json
/home/glilly/work/vista-stack/HL7-FHIR-quality-testing/2026/patients/raw/synthea-1000-20260901-20260101/fhir/Carter549_Feeney44_c4aa055f-c09a-7497-979e-a1ada83e8cb0.json	201	639		2026/patients/ingest-responses-load0/ingest-response-parallel-130.json
/home/glilly/work/vista-stack/HL7-FHIR-quality-testing/2026/patients/raw/synthea-1000-20260901-20260101/fhir/Casie505_Miesha237_Hackett68_5db7bddf-66d2-f518-18e9-53b30b81172b.json	201	640		2026/patients/ingest-responses-load0/ingest-response-parallel-134.json
/home/glilly/work/vista-stack/HL7-FHIR-quality-testing/2026/patients/raw/synthea-1000-20260901-20260101/fhir/Cecil300_Christiansen251_eef726bc-c5dc-0afe-57c6-21d1cf5d669f.json	201	641		2026/patients/ingest-responses-load0/ingest-response-parallel-139.json
/home/glilly/work/vista-stack/HL7-FHIR-quality-testing/2026/patients/raw/synthea-1000-20260901-20260101/fhir/Catalina187_Antonia30_Cervantes583_1ccd9146-3982-525b-1213-4ce4bd64044f.json	201	642		2026/patients/ingest-responses-load0/ingest-response-parallel-135.json
/home/glilly/work/vista-stack/HL7-FHIR-quality-testing/2026/patients/raw/synthea-1000-20260901-20260101/fhir/Cathrine584_Pouros728_6f50dce8-1a00-888a-b598-fc413e111fc7.json	201	643		2026/patients/ingest-responses-load0/ingest-response-parallel-136.json
/home/glilly/work/vista-stack/HL7-FHIR-quality-testing/2026/patients/raw/synthea-1000-20260901-20260101/fhir/Catrina144_Maragret485_Hintz995_3e701575-267d-f905-1e79-c62c2362a5ee.json	201	644		2026/patients/ingest-responses-load0/ingest-response-parallel-138.json
/home/glilly/work/vista-stack/HL7-FHIR-quality-testing/2026/patients/raw/synthea-1000-20260901-20260101/fhir/Carson894_Stoltenberg489_968cf124-1e45-75f9-41a6-53c4085fdaa0.json	201	644		2026/patients/ingest-responses-load0/ingest-response-parallel-128.json
/home/glilly/work/vista-stack/HL7-FHIR-quality-testing/2026/patients/raw/synthea-1000-20260901-20260101/fhir/Cedric746_Schoen8_6daea5ac-b5af-c5aa-be96-67f0942afa56.json	201	645		2026/patients/ingest-responses-load0/ingest-response-parallel-140.json
/home/glilly/work/vista-stack/HL7-FHIR-quality-testing/2026/patients/raw/synthea-1000-20260901-20260101/fhir/Cedrick207_Rutherford999_3d3f6667-bb8f-1adb-0556-71693215472a.json	201	646		2026/patients/ingest-responses-load0/ingest-response-parallel-142.json
/home/glilly/work/vista-stack/HL7-FHIR-quality-testing/2026/patients/raw/synthea-1000-20260901-20260101/fhir/Cedrick207_Cruickshank494_a6d45ec2-af26-ad88-44fb-0367c6d7615d.json	201	647		2026/patients/ingest-responses-load0/ingest-response-parallel-141.json
/home/glilly/work/vista-stack/HL7-FHIR-quality-testing/2026/patients/raw/synthea-1000-20260901-20260101/fhir/Chang901_Jones311_1f13374f-63d7-60bf-3786-d8ec38598dc2.json	201	648		2026/patients/ingest-responses-load0/ingest-response-parallel-147.json
/home/glilly/work/vista-stack/HL7-FHIR-quality-testing/2026/patients/raw/synthea-1000-20260901-20260101/fhir/Chandra831_Rosenbaum794_1861de44-b8c2-e00a-adef-a635e3956c6d.json	201	649		2026/patients/ingest-responses-load0/ingest-response-parallel-146.json
/home/glilly/work/vista-stack/HL7-FHIR-quality-testing/2026/patients/raw/synthea-1000-20260901-20260101/fhir/Cathy455_Marks830_597ac6ff-f6d9-97ff-a4f6-a3771edd7054.json	201	650		2026/patients/ingest-responses-load0/ingest-response-parallel-137.json
/home/glilly/work/vista-stack/HL7-FHIR-quality-testing/2026/patients/raw/synthea-1000-20260901-20260101/fhir/Charita800_Abshire638_ba87d9a9-42f2-27cf-b28d-8f5b6f803489.json	201	651		2026/patients/ingest-responses-load0/ingest-response-parallel-150.json
/home/glilly/work/vista-stack/HL7-FHIR-quality-testing/2026/patients/raw/synthea-1000-20260901-20260101/fhir/Chae49_Latoya8_Kuphal363_6bad6db1-fe69-8c10-776e-e672945ccd49.json	201	651		2026/patients/ingest-responses-load0/ingest-response-parallel-145.json
/home/glilly/work/vista-stack/HL7-FHIR-quality-testing/2026/patients/raw/synthea-1000-20260901-20260101/fhir/Chadwick722_Mann644_4d33e45b-6a34-9e51-5f27-9cef88177622.json	201	652		2026/patients/ingest-responses-load0/ingest-response-parallel-144.json
/home/glilly/work/vista-stack/HL7-FHIR-quality-testing/2026/patients/raw/synthea-1000-20260901-20260101/fhir/Chantell995_Drew592_Ryan260_7e7e92d8-cba5-0910-689a-c2908c286af7.json	201	653		2026/patients/ingest-responses-load0/ingest-response-parallel-149.json
/home/glilly/work/vista-stack/HL7-FHIR-quality-testing/2026/patients/raw/synthea-1000-20260901-20260101/fhir/Charmain607_Marjory382_Luettgen772_dedd4351-f541-2a50-ac6e-587618472170.json	201	654		2026/patients/ingest-responses-load0/ingest-response-parallel-152.json
/home/glilly/work/vista-stack/HL7-FHIR-quality-testing/2026/patients/raw/synthea-1000-20260901-20260101/fhir/Chad48_Kunze215_10918b93-a72e-a789-1358-59485b62f77a.json	201	654		2026/patients/ingest-responses-load0/ingest-response-parallel-143.json
/home/glilly/work/vista-stack/HL7-FHIR-quality-testing/2026/patients/raw/synthea-1000-20260901-20260101/fhir/Chas63_Quigley282_a005ff69-3446-51e1-2d7e-ca376a21f051.json	201	655		2026/patients/ingest-responses-load0/ingest-response-parallel-153.json
/home/glilly/work/vista-stack/HL7-FHIR-quality-testing/2026/patients/raw/synthea-1000-20260901-20260101/fhir/Chantal971_Fritsch593_f14bdeea-227e-d88a-753d-352e9f79ff84.json	201	655		2026/patients/ingest-responses-load0/ingest-response-parallel-148.json
/home/glilly/work/vista-stack/HL7-FHIR-quality-testing/2026/patients/raw/synthea-1000-20260901-20260101/fhir/Chassidy418_Esperanza675_Hagenes547_c564b8d3-d272-5a70-02a7-eafd12946b74.json	201	656		2026/patients/ingest-responses-load0/ingest-response-parallel-155.json
/home/glilly/work/vista-stack/HL7-FHIR-quality-testing/2026/patients/raw/synthea-1000-20260901-20260101/fhir/Cheryl605_Gleichner915_0b213c21-d999-97d1-e187-48079ae664e6.json	201	657		2026/patients/ingest-responses-load0/ingest-response-parallel-157.json
/home/glilly/work/vista-stack/HL7-FHIR-quality-testing/2026/patients/raw/synthea-1000-20260901-20260101/fhir/Chase54_Ziemann98_4c74f54e-d3bc-f8e3-1159-103dafbbee1c.json	201	658		2026/patients/ingest-responses-load0/ingest-response-parallel-154.json
/home/glilly/work/vista-stack/HL7-FHIR-quality-testing/2026/patients/raw/synthea-1000-20260901-20260101/fhir/Chester802_Cronin387_5df29b9f-c85e-f56f-ae05-5035821329da.json	201	659		2026/patients/ingest-responses-load0/ingest-response-parallel-158.json
/home/glilly/work/vista-stack/HL7-FHIR-quality-testing/2026/patients/raw/synthea-1000-20260901-20260101/fhir/Chieko845_Penney623_Trantow673_822d3969-300a-704b-eac3-74f33d35c654.json	201	659		2026/patients/ingest-responses-load0/ingest-response-parallel-160.json
/home/glilly/work/vista-stack/HL7-FHIR-quality-testing/2026/patients/raw/synthea-1000-20260901-20260101/fhir/Chester802_McGlynn426_c20e10a2-8ebb-138b-7066-91a6154d7cd3.json	201	660		2026/patients/ingest-responses-load0/ingest-response-parallel-159.json
/home/glilly/work/vista-stack/HL7-FHIR-quality-testing/2026/patients/raw/synthea-1000-20260901-20260101/fhir/Chong355_Dach178_838948e5-b625-50f0-564f-4f00c5a5c736.json	201	661		2026/patients/ingest-responses-load0/ingest-response-parallel-161.json
/home/glilly/work/vista-stack/HL7-FHIR-quality-testing/2026/patients/raw/synthea-1000-20260901-20260101/fhir/Chong355_Schamberger479_42c10d7b-0fc6-598a-891b-77980f20d185.json	201	661		2026/patients/ingest-responses-load0/ingest-response-parallel-162.json
/home/glilly/work/vista-stack/HL7-FHIR-quality-testing/2026/patients/raw/synthea-1000-20260901-20260101/fhir/Christian753_Effertz744_e83da714-cddc-d802-12bb-4d0851855920.json	201	662		2026/patients/ingest-responses-load0/ingest-response-parallel-165.json
/home/glilly/work/vista-stack/HL7-FHIR-quality-testing/2026/patients/raw/synthea-1000-20260901-20260101/fhir/Cherri385_Marine542_Satterfield305_60e382bc-5043-926d-3771-08eae603c7b8.json	201	663		2026/patients/ingest-responses-load0/ingest-response-parallel-156.json
/home/glilly/work/vista-stack/HL7-FHIR-quality-testing/2026/patients/raw/synthea-1000-20260901-20260101/fhir/Christena299_Wendy149_Tremblay80_88604a2a-32ae-9a5b-75dc-73e72890c358.json	201	664		2026/patients/ingest-responses-load0/ingest-response-parallel-164.json
/home/glilly/work/vista-stack/HL7-FHIR-quality-testing/2026/patients/raw/synthea-1000-20260901-20260101/fhir/Claire652_Schaden604_7a231b7c-a9ff-6388-1425-17940dea9381.json	201	666		2026/patients/ingest-responses-load0/ingest-response-parallel-169.json
/home/glilly/work/vista-stack/HL7-FHIR-quality-testing/2026/patients/raw/synthea-1000-20260901-20260101/fhir/Christinia886_Feeney44_e9afa2d6-27ab-4b05-283e-449d42e92c3f.json	201	665		2026/patients/ingest-responses-load0/ingest-response-parallel-166.json
/home/glilly/work/vista-stack/HL7-FHIR-quality-testing/2026/patients/raw/synthea-1000-20260901-20260101/fhir/Charita800_Adell482_Feil794_12a0709a-3103-cdb9-8483-07a08d76c0a6.json	201	664		2026/patients/ingest-responses-load0/ingest-response-parallel-151.json
/home/glilly/work/vista-stack/HL7-FHIR-quality-testing/2026/patients/raw/synthea-1000-20260901-20260101/fhir/Claire652_Ernser583_68aaaf12-85aa-f320-e22e-e2081e5a7473.json	201	667		2026/patients/ingest-responses-load0/ingest-response-parallel-168.json
/home/glilly/work/vista-stack/HL7-FHIR-quality-testing/2026/patients/raw/synthea-1000-20260901-20260101/fhir/Cindie288_Sandie760_Prosacco716_fc2d8a29-dca5-916f-20bb-80d2526a2314.json	201	668		2026/patients/ingest-responses-load0/ingest-response-parallel-167.json
/home/glilly/work/vista-stack/HL7-FHIR-quality-testing/2026/patients/raw/synthea-1000-20260901-20260101/fhir/Clement78_Wunsch504_e0153ecd-635f-043e-1f89-435fd1cdab5c.json	201	670		2026/patients/ingest-responses-load0/ingest-response-parallel-174.json
/home/glilly/work/vista-stack/HL7-FHIR-quality-testing/2026/patients/raw/synthea-1000-20260901-20260101/fhir/Clarence5_Schowalter414_b785a4a2-d1b6-9277-75e8-8c75844a0e38.json	201	669		2026/patients/ingest-responses-load0/ingest-response-parallel-170.json
/home/glilly/work/vista-stack/HL7-FHIR-quality-testing/2026/patients/raw/synthea-1000-20260901-20260101/fhir/Claudio955_Miller503_3be3ef36-28fd-dfee-f4be-264d44dcde91.json	201	671		2026/patients/ingest-responses-load0/ingest-response-parallel-173.json
/home/glilly/work/vista-stack/HL7-FHIR-quality-testing/2026/patients/raw/synthea-1000-20260901-20260101/fhir/Claud279_Frami345_40a0dc5b-c748-6c9b-e515-36ddc5f45919.json	201	672		2026/patients/ingest-responses-load0/ingest-response-parallel-172.json
/home/glilly/work/vista-stack/HL7-FHIR-quality-testing/2026/patients/raw/synthea-1000-20260901-20260101/fhir/Clint766_Gleason633_db7cd504-fb97-9d67-ce2e-fd4ab28124ad.json	201	673		2026/patients/ingest-responses-load0/ingest-response-parallel-180.json
/home/glilly/work/vista-stack/HL7-FHIR-quality-testing/2026/patients/raw/synthea-1000-20260901-20260101/fhir/Clifton91_Turcotte120_b338e56a-6940-cfc7-e607-118558cbe0e0.json	201	674		2026/patients/ingest-responses-load0/ingest-response-parallel-179.json
/home/glilly/work/vista-stack/HL7-FHIR-quality-testing/2026/patients/raw/synthea-1000-20260901-20260101/fhir/Clint766_Kemmer137_6532c1f5-87a0-7ce9-18fc-a5c2935d8bf7.json	201	675		2026/patients/ingest-responses-load0/ingest-response-parallel-181.json
/home/glilly/work/vista-stack/HL7-FHIR-quality-testing/2026/patients/raw/synthea-1000-20260901-20260101/fhir/Cletus494_Hamill307_0bc12b78-0bab-9e25-7536-187403017e0b.json	201	675		2026/patients/ingest-responses-load0/ingest-response-parallel-177.json
/home/glilly/work/vista-stack/HL7-FHIR-quality-testing/2026/patients/raw/synthea-1000-20260901-20260101/fhir/Cliff504_Keeling57_01286042-82ea-0b20-0537-8920029688dc.json	201	676		2026/patients/ingest-responses-load0/ingest-response-parallel-178.json
/home/glilly/work/vista-stack/HL7-FHIR-quality-testing/2026/patients/raw/synthea-1000-20260901-20260101/fhir/Clyde817_Hegmann834_8fdb8f4e-72e8-bdf0-16f5-95187bb9637f.json	201	677		2026/patients/ingest-responses-load0/ingest-response-parallel-182.json
/home/glilly/work/vista-stack/HL7-FHIR-quality-testing/2026/patients/raw/synthea-1000-20260901-20260101/fhir/Colene948_Jacobi462_931edbf0-881d-6361-0adb-b4aa5ea924d7.json	201	679		2026/patients/ingest-responses-load0/ingest-response-parallel-185.json
/home/glilly/work/vista-stack/HL7-FHIR-quality-testing/2026/patients/raw/synthea-1000-20260901-20260101/fhir/Chris95_Rice937_eef029ee-8d12-87b2-3fb5-c9637f0b7de0.json	201	678		2026/patients/ingest-responses-load0/ingest-response-parallel-163.json
/home/glilly/work/vista-stack/HL7-FHIR-quality-testing/2026/patients/raw/synthea-1000-20260901-20260101/fhir/Clemente531_Tremblay80_32fc337e-8f5a-0979-90be-15f96a4f7c86.json	201	679		2026/patients/ingest-responses-load0/ingest-response-parallel-175.json
/home/glilly/work/vista-stack/HL7-FHIR-quality-testing/2026/patients/raw/synthea-1000-20260901-20260101/fhir/Columbus656_Bednar518_9f76ffca-6744-ad5e-e487-75a3cdc26b5a.json	201	681		2026/patients/ingest-responses-load0/ingest-response-parallel-187.json
/home/glilly/work/vista-stack/HL7-FHIR-quality-testing/2026/patients/raw/synthea-1000-20260901-20260101/fhir/Claribel706_Schultz619_cfd0564b-16ca-f50a-ae2b-5fa05ad98f78.json	201	680		2026/patients/ingest-responses-load0/ingest-response-parallel-171.json
/home/glilly/work/vista-stack/HL7-FHIR-quality-testing/2026/patients/raw/synthea-1000-20260901-20260101/fhir/Cody889_Turcotte120_ac512edb-42a0-2c6b-e863-7d025b0f5a0a.json	201	682		2026/patients/ingest-responses-load0/ingest-response-parallel-184.json
/home/glilly/work/vista-stack/HL7-FHIR-quality-testing/2026/patients/raw/synthea-1000-20260901-20260101/fhir/Concha418_Smith67_77004378-2dd0-1863-0801-c0c0d0ff4a0a.json	201	683		2026/patients/ingest-responses-load0/ingest-response-parallel-189.json
/home/glilly/work/vista-stack/HL7-FHIR-quality-testing/2026/patients/raw/synthea-1000-20260901-20260101/fhir/Corliss645_Green467_eac3ac40-e83b-3a54-5ed1-76ea05bf109a.json	201	684		2026/patients/ingest-responses-load0/ingest-response-parallel-192.json
/home/glilly/work/vista-stack/HL7-FHIR-quality-testing/2026/patients/raw/synthea-1000-20260901-20260101/fhir/Cleo27_Rempel203_fac2b2e4-996c-e5af-6daa-16cafd117ee1.json	201	683		2026/patients/ingest-responses-load0/ingest-response-parallel-176.json
/home/glilly/work/vista-stack/HL7-FHIR-quality-testing/2026/patients/raw/synthea-1000-20260901-20260101/fhir/Corina534_Kihn564_4838a280-f016-cc81-be19-78d55a65ce44.json	201	685		2026/patients/ingest-responses-load0/ingest-response-parallel-191.json
/home/glilly/work/vista-stack/HL7-FHIR-quality-testing/2026/patients/raw/synthea-1000-20260901-20260101/fhir/Colton403_Gusikowski974_1e20ccd9-8dc4-1d17-a522-b9be5ede73be.json	201	686		2026/patients/ingest-responses-load0/ingest-response-parallel-186.json
/home/glilly/work/vista-stack/HL7-FHIR-quality-testing/2026/patients/raw/synthea-1000-20260901-20260101/fhir/Cortney940_Runolfsson901_492c911b-3b64-fbbd-71f7-2fb32d4416a9.json	201	687		2026/patients/ingest-responses-load0/ingest-response-parallel-197.json
/home/glilly/work/vista-stack/HL7-FHIR-quality-testing/2026/patients/raw/synthea-1000-20260901-20260101/fhir/Corrin41_Gutmann970_225307e2-0be9-3b0b-3a54-04717722d235.json	201	688		2026/patients/ingest-responses-load0/ingest-response-parallel-194.json
/home/glilly/work/vista-stack/HL7-FHIR-quality-testing/2026/patients/raw/synthea-1000-20260901-20260101/fhir/Corrine68_Purdy2_035ad236-76bd-cccc-b411-29954fa53f46.json	201	689		2026/patients/ingest-responses-load0/ingest-response-parallel-196.json
/home/glilly/work/vista-stack/HL7-FHIR-quality-testing/2026/patients/raw/synthea-1000-20260901-20260101/fhir/Courtney281_Kertzmann286_d888c851-3904-8c5a-a788-4fcbd41407b3.json	201	690		2026/patients/ingest-responses-load0/ingest-response-parallel-199.json
/home/glilly/work/vista-stack/HL7-FHIR-quality-testing/2026/patients/raw/synthea-1000-20260901-20260101/fhir/Corrin41_Rutherford999_3e1baf5d-4ec9-d8da-8d56-74591e432400.json	201	691		2026/patients/ingest-responses-load0/ingest-response-parallel-195.json
/home/glilly/work/vista-stack/HL7-FHIR-quality-testing/2026/patients/raw/synthea-1000-20260901-20260101/fhir/Cristian531_Garica503_7c969fbf-14ff-b225-a8d3-2c4bfe4a1bd0.json	201	692		2026/patients/ingest-responses-load0/ingest-response-parallel-201.json
/home/glilly/work/vista-stack/HL7-FHIR-quality-testing/2026/patients/raw/synthea-1000-20260901-20260101/fhir/Cristopher265_Quitzon246_71cca8d3-6532-5c0d-610e-cf0c628c3bf2.json	201	693		2026/patients/ingest-responses-load0/ingest-response-parallel-203.json
/home/glilly/work/vista-stack/HL7-FHIR-quality-testing/2026/patients/raw/synthea-1000-20260901-20260101/fhir/Concepción765_Blanca837_Otero621_b7f1c263-1377-423b-1529-f28a21f21d03.json	201	692		2026/patients/ingest-responses-load0/ingest-response-parallel-188.json
/home/glilly/work/vista-stack/HL7-FHIR-quality-testing/2026/patients/raw/synthea-1000-20260901-20260101/fhir/Courtney281_Runolfsdottir785_ce99420b-732a-43dd-6881-d28d05c2f207.json	201	694		2026/patients/ingest-responses-load0/ingest-response-parallel-200.json
/home/glilly/work/vista-stack/HL7-FHIR-quality-testing/2026/patients/raw/synthea-1000-20260901-20260101/fhir/Cristin88_Clelia416_Lesch175_7b540842-a94b-2c0c-bc6b-12e728cb42a7.json	201	695		2026/patients/ingest-responses-load0/ingest-response-parallel-202.json
/home/glilly/work/vista-stack/HL7-FHIR-quality-testing/2026/patients/raw/synthea-1000-20260901-20260101/fhir/Daine571_Wyman904_ae29ef6d-1ed8-a954-c013-3b8e1888a0bc.json	201	696		2026/patients/ingest-responses-load0/ingest-response-parallel-205.json
/home/glilly/work/vista-stack/HL7-FHIR-quality-testing/2026/patients/raw/synthea-1000-20260901-20260101/fhir/Dale454_Flatley871_7ca7a854-884d-cc21-6c84-f9cb8995f1b9.json	201	697		2026/patients/ingest-responses-load0/ingest-response-parallel-206.json
/home/glilly/work/vista-stack/HL7-FHIR-quality-testing/2026/patients/raw/synthea-1000-20260901-20260101/fhir/Dalton260_Casper496_3a5bf248-68bf-922a-8d8f-4e9e47c835dd.json	201	698		2026/patients/ingest-responses-load0/ingest-response-parallel-207.json
/home/glilly/work/vista-stack/HL7-FHIR-quality-testing/2026/patients/raw/synthea-1000-20260901-20260101/fhir/Damon455_Little434_48223d55-780f-b71f-d025-375a17daee82.json	201	699		2026/patients/ingest-responses-load0/ingest-response-parallel-208.json
/home/glilly/work/vista-stack/HL7-FHIR-quality-testing/2026/patients/raw/synthea-1000-20260901-20260101/fhir/Dan465_Feeney44_1d20313d-a1aa-579b-fdf1-67deee5614d2.json	201	699		2026/patients/ingest-responses-load0/ingest-response-parallel-210.json
/home/glilly/work/vista-stack/HL7-FHIR-quality-testing/2026/patients/raw/synthea-1000-20260901-20260101/fhir/Dan465_Carey440_Thiel172_3cc10c28-ae60-b6f6-603e-4647a6bba024.json	201	700		2026/patients/ingest-responses-load0/ingest-response-parallel-209.json
/home/glilly/work/vista-stack/HL7-FHIR-quality-testing/2026/patients/raw/synthea-1000-20260901-20260101/fhir/Daniella68_Crooks415_419b741a-ce4f-074d-5a4e-8a7a18df1f2a.json	201	701		2026/patients/ingest-responses-load0/ingest-response-parallel-214.json
/home/glilly/work/vista-stack/HL7-FHIR-quality-testing/2026/patients/raw/synthea-1000-20260901-20260101/fhir/Daniell603_Rice937_5f17503e-2942-934b-0c2d-3dca5a79a1c6.json	201	702		2026/patients/ingest-responses-load0/ingest-response-parallel-213.json
/home/glilly/work/vista-stack/HL7-FHIR-quality-testing/2026/patients/raw/synthea-1000-20260901-20260101/fhir/Crysta430_Janette321_Hackett68_c5c15a40-c2a4-899f-054f-d38424d23ba4.json	201	702		2026/patients/ingest-responses-load0/ingest-response-parallel-204.json
/home/glilly/work/vista-stack/HL7-FHIR-quality-testing/2026/patients/raw/synthea-1000-20260901-20260101/fhir/Dannie881_Hoppe518_df207569-a389-4c76-ac18-79ac6b5d4276.json	201	703		2026/patients/ingest-responses-load0/ingest-response-parallel-216.json
/home/glilly/work/vista-stack/HL7-FHIR-quality-testing/2026/patients/raw/synthea-1000-20260901-20260101/fhir/Dane516_Schroeder447_f0755304-78d0-5bb4-2324-04ea973eb53b.json	201	704		2026/patients/ingest-responses-load0/ingest-response-parallel-212.json
/home/glilly/work/vista-stack/HL7-FHIR-quality-testing/2026/patients/raw/synthea-1000-20260901-20260101/fhir/Darell496_Ruecker817_279faf7b-693f-c9f0-10fe-d8bc22b51256.json	201	705		2026/patients/ingest-responses-load0/ingest-response-parallel-218.json
/home/glilly/work/vista-stack/HL7-FHIR-quality-testing/2026/patients/raw/synthea-1000-20260901-20260101/fhir/Dario75_Gutmann970_52f5dc2e-61fb-d7d3-941a-2aae422e674d.json	201	706		2026/patients/ingest-responses-load0/ingest-response-parallel-219.json
/home/glilly/work/vista-stack/HL7-FHIR-quality-testing/2026/patients/raw/synthea-1000-20260901-20260101/fhir/Darla154_Kozey370_5edd9328-880d-15c0-8a46-6fc7a83be6f7.json	201	707		2026/patients/ingest-responses-load0/ingest-response-parallel-222.json
/home/glilly/work/vista-stack/HL7-FHIR-quality-testing/2026/patients/raw/synthea-1000-20260901-20260101/fhir/Darlena95_Ankunding277_9ded376f-3389-2ffb-7c06-5f7800ee96f8.json	201	707		2026/patients/ingest-responses-load0/ingest-response-parallel-223.json
/home/glilly/work/vista-stack/HL7-FHIR-quality-testing/2026/patients/raw/synthea-1000-20260901-20260101/fhir/Darius626_Thiel172_b0fcb64d-e697-e515-aa07-40b97f514e7f.json	201	708		2026/patients/ingest-responses-load0/ingest-response-parallel-221.json
/home/glilly/work/vista-stack/HL7-FHIR-quality-testing/2026/patients/raw/synthea-1000-20260901-20260101/fhir/Dannette613_Bea654_Block661_e75dcae7-cfa5-9688-4af3-e73d596f4ec3.json	201	708		2026/patients/ingest-responses-load0/ingest-response-parallel-215.json
/home/glilly/work/vista-stack/HL7-FHIR-quality-testing/2026/patients/raw/synthea-1000-20260901-20260101/fhir/Daron260_Sipes176_7e85a931-715c-a51f-fb56-96923f6c125c.json	201	709		2026/patients/ingest-responses-load0/ingest-response-parallel-224.json
/home/glilly/work/vista-stack/HL7-FHIR-quality-testing/2026/patients/raw/synthea-1000-20260901-20260101/fhir/Darryl392_Welch179_a3467cb5-7c8b-9d94-210e-55293d104ae3.json	201	710		2026/patients/ingest-responses-load0/ingest-response-parallel-226.json
/home/glilly/work/vista-stack/HL7-FHIR-quality-testing/2026/patients/raw/synthea-1000-20260901-20260101/fhir/Darryl392_Cartwright189_19eb0c3f-6115-9884-96a1-c168915bbab9.json	201	711		2026/patients/ingest-responses-load0/ingest-response-parallel-225.json
/home/glilly/work/vista-stack/HL7-FHIR-quality-testing/2026/patients/raw/synthea-1000-20260901-20260101/fhir/Dave764_Lubowitz58_e8949c54-c9eb-fb4a-e07c-dfe2cdbda277.json	201	712		2026/patients/ingest-responses-load0/ingest-response-parallel-228.json
/home/glilly/work/vista-stack/HL7-FHIR-quality-testing/2026/patients/raw/synthea-1000-20260901-20260101/fhir/Dean966_Zulauf375_e464cd80-6f98-d5d3-e013-031c1e19ccbb.json	201	713		2026/patients/ingest-responses-load0/ingest-response-parallel-231.json
/home/glilly/work/vista-stack/HL7-FHIR-quality-testing/2026/patients/raw/synthea-1000-20260901-20260101/fhir/Dayle885_McLaughlin530_73a912e8-6658-d2cd-43fd-7c7b1ed0d222.json	201	714		2026/patients/ingest-responses-load0/ingest-response-parallel-229.json
/home/glilly/work/vista-stack/HL7-FHIR-quality-testing/2026/patients/raw/synthea-1000-20260901-20260101/fhir/Dayna943_Mohr916_4fc10187-68a0-4cda-bda1-3cf7df94194c.json	201	715		2026/patients/ingest-responses-load0/ingest-response-parallel-230.json
/home/glilly/work/vista-stack/HL7-FHIR-quality-testing/2026/patients/raw/synthea-1000-20260901-20260101/fhir/Deja232_Ankunding277_86ad3212-fea3-4878-8623-0222d6cc232c.json	201	716		2026/patients/ingest-responses-load0/ingest-response-parallel-235.json
/home/glilly/work/vista-stack/HL7-FHIR-quality-testing/2026/patients/raw/synthea-1000-20260901-20260101/fhir/Deana43_Liberty95_Rodriguez71_58de94f6-3140-5b98-6e8c-5f506fdfe9e2.json	201	717		2026/patients/ingest-responses-load0/ingest-response-parallel-232.json
/home/glilly/work/vista-stack/HL7-FHIR-quality-testing/2026/patients/raw/synthea-1000-20260901-20260101/fhir/Debbi640_Hyatt152_9c6ffc88-c664-aab0-f022-cf7e6a0d22c5.json	201	718		2026/patients/ingest-responses-load0/ingest-response-parallel-233.json
/home/glilly/work/vista-stack/HL7-FHIR-quality-testing/2026/patients/raw/synthea-1000-20260901-20260101/fhir/Delorse592_Moon129_D'Amore443_c62f5562-7523-a2b7-8832-22b3947e9430.json	201	719		2026/patients/ingest-responses-load0/ingest-response-parallel-238.json
/home/glilly/work/vista-stack/HL7-FHIR-quality-testing/2026/patients/raw/synthea-1000-20260901-20260101/fhir/Delbert384_Wiza601_ce859bd3-ad29-71c9-e1ba-d2b5df4149ca.json	201	719		2026/patients/ingest-responses-load0/ingest-response-parallel-236.json
/home/glilly/work/vista-stack/HL7-FHIR-quality-testing/2026/patients/raw/synthea-1000-20260901-20260101/fhir/Deloris888_Hodkiewicz467_95e3d754-dcf3-433a-1710-1adc8025db50.json	201	720		2026/patients/ingest-responses-load0/ingest-response-parallel-237.json
/home/glilly/work/vista-stack/HL7-FHIR-quality-testing/2026/patients/raw/synthea-1000-20260901-20260101/fhir/Demetrice140_Josette398_Hackett68_2b7ea2ad-96c5-a991-fb4f-5fa5ddbf89e7.json	201	721		2026/patients/ingest-responses-load0/ingest-response-parallel-239.json
/home/glilly/work/vista-stack/HL7-FHIR-quality-testing/2026/patients/raw/synthea-1000-20260901-20260101/fhir/Demetrius568_O'Connell601_cd530090-e183-51c1-e9a8-44b93e594120.json	201	722		2026/patients/ingest-responses-load0/ingest-response-parallel-240.json
/home/glilly/work/vista-stack/HL7-FHIR-quality-testing/2026/patients/raw/synthea-1000-20260901-20260101/fhir/Denita497_Mayert710_7c797b4d-1bd8-c635-82a8-07856611f664.json	201	723		2026/patients/ingest-responses-load0/ingest-response-parallel-243.json
/home/glilly/work/vista-stack/HL7-FHIR-quality-testing/2026/patients/raw/synthea-1000-20260901-20260101/fhir/Dennis979_Harvey63_c63c268d-758c-c7c2-209f-f4b2624018ef.json	201	724		2026/patients/ingest-responses-load0/ingest-response-parallel-245.json
/home/glilly/work/vista-stack/HL7-FHIR-quality-testing/2026/patients/raw/synthea-1000-20260901-20260101/fhir/Denita497_Conroy74_b44a3dd0-2a21-7de3-007f-d395b1338ab0.json	201	724		2026/patients/ingest-responses-load0/ingest-response-parallel-242.json
/home/glilly/work/vista-stack/HL7-FHIR-quality-testing/2026/patients/raw/synthea-1000-20260901-20260101/fhir/Denna536_Klein929_79d2dcba-faa5-ed77-efd5-90789b20f293.json	201	725		2026/patients/ingest-responses-load0/ingest-response-parallel-244.json
/home/glilly/work/vista-stack/HL7-FHIR-quality-testing/2026/patients/raw/synthea-1000-20260901-20260101/fhir/Denese626_Theresa98_Abernathy524_4d8cff5d-6b8d-392b-f8a8-2570c311ee57.json	201	725		2026/patients/ingest-responses-load0/ingest-response-parallel-241.json
/home/glilly/work/vista-stack/HL7-FHIR-quality-testing/2026/patients/raw/synthea-1000-20260901-20260101/fhir/Denver542_Zieme486_a24d17f2-6edd-13f5-1f5a-66bba3a7d43e.json	201	726		2026/patients/ingest-responses-load0/ingest-response-parallel-247.json
/home/glilly/work/vista-stack/HL7-FHIR-quality-testing/2026/patients/raw/synthea-1000-20260901-20260101/fhir/Denyse846_Juliette736_Carter549_5ab0f922-e1d2-efaa-7331-282334aeb83c.json	201	727		2026/patients/ingest-responses-load0/ingest-response-parallel-248.json
/home/glilly/work/vista-stack/HL7-FHIR-quality-testing/2026/patients/raw/synthea-1000-20260901-20260101/fhir/Desirae249_Noella563_Beatty507_de7d0f16-6846-c079-c1dc-3f4411bc73c4.json	201	728		2026/patients/ingest-responses-load0/ingest-response-parallel-250.json
/home/glilly/work/vista-stack/HL7-FHIR-quality-testing/2026/patients/raw/synthea-1000-20260901-20260101/fhir/Desmond566_Hagenes547_fe5a81c5-e2bc-4281-bf43-78e73d244ef2.json	201	729		2026/patients/ingest-responses-load0/ingest-response-parallel-251.json
/home/glilly/work/vista-stack/HL7-FHIR-quality-testing/2026/patients/raw/synthea-1000-20260901-20260101/fhir/Deshawn686_Waelchi213_01055c14-8247-e242-7657-09bf61646c4c.json	201	730		2026/patients/ingest-responses-load0/ingest-response-parallel-249.json
/home/glilly/work/vista-stack/HL7-FHIR-quality-testing/2026/patients/raw/synthea-1000-20260901-20260101/fhir/Devin82_Ondricka197_2e6bf868-3428-85e1-2d8f-4dc556a570fb.json	201	731		2026/patients/ingest-responses-load0/ingest-response-parallel-253.json
/home/glilly/work/vista-stack/HL7-FHIR-quality-testing/2026/patients/raw/synthea-1000-20260901-20260101/fhir/Dewey930_Berge125_31b130ff-79ed-0087-8ea9-9f5c6000c00e.json	201	732		2026/patients/ingest-responses-load0/ingest-response-parallel-256.json
/home/glilly/work/vista-stack/HL7-FHIR-quality-testing/2026/patients/raw/synthea-1000-20260901-20260101/fhir/Devon268_Bechtelar572_0d4937e6-6880-993f-047b-9260c72b6609.json	201	733		2026/patients/ingest-responses-load0/ingest-response-parallel-255.json
/home/glilly/work/vista-stack/HL7-FHIR-quality-testing/2026/patients/raw/synthea-1000-20260901-20260101/fhir/Devin82_Runolfsdottir785_ef599ec5-42b8-9538-bcbf-6647f731e659.json	201	734		2026/patients/ingest-responses-load0/ingest-response-parallel-254.json
/home/glilly/work/vista-stack/HL7-FHIR-quality-testing/2026/patients/raw/synthea-1000-20260901-20260101/fhir/Diego848_Rojas511_db9c7d26-368a-51f4-b738-360516601c30.json	201	735		2026/patients/ingest-responses-load0/ingest-response-parallel-259.json
/home/glilly/work/vista-stack/HL7-FHIR-quality-testing/2026/patients/raw/synthea-1000-20260901-20260101/fhir/Dick869_Stehr398_9b42aae7-6030-827a-5b36-1b10f868106c.json	201	736		2026/patients/ingest-responses-load0/ingest-response-parallel-258.json
/home/glilly/work/vista-stack/HL7-FHIR-quality-testing/2026/patients/raw/synthea-1000-20260901-20260101/fhir/Dexter530_Gorczany269_beeaacd0-358e-5de0-cb86-2220de8daf03.json	201	737		2026/patients/ingest-responses-load0/ingest-response-parallel-257.json
/home/glilly/work/vista-stack/HL7-FHIR-quality-testing/2026/patients/raw/synthea-1000-20260901-20260101/fhir/Devin82_Botsford977_562f4a75-bc64-7a8c-1f33-be5c66b0eeb7.json	201	736		2026/patients/ingest-responses-load0/ingest-response-parallel-252.json
/home/glilly/work/vista-stack/HL7-FHIR-quality-testing/2026/patients/raw/synthea-1000-20260901-20260101/fhir/Dillon740_Bernhard322_ed9bc462-b2e6-4741-4efb-38c0ecc8bc7f.json	201	738		2026/patients/ingest-responses-load0/ingest-response-parallel-260.json
/home/glilly/work/vista-stack/HL7-FHIR-quality-testing/2026/patients/raw/synthea-1000-20260901-20260101/fhir/Dionna991_Leuschke194_69b3855c-0853-b4b6-d5b9-06f60deb1fbb.json	201	739		2026/patients/ingest-responses-load0/ingest-response-parallel-262.json
/home/glilly/work/vista-stack/HL7-FHIR-quality-testing/2026/patients/raw/synthea-1000-20260901-20260101/fhir/Dirk334_Schaefer657_57419ea3-881a-26d9-999c-3b4b5b20330f.json	201	740		2026/patients/ingest-responses-load0/ingest-response-parallel-265.json
/home/glilly/work/vista-stack/HL7-FHIR-quality-testing/2026/patients/raw/synthea-1000-20260901-20260101/fhir/Domenica436_Leuschke194_8b49a2e8-382f-3a08-86fc-3c07cd72268a.json	201	741		2026/patients/ingest-responses-load0/ingest-response-parallel-267.json
/home/glilly/work/vista-stack/HL7-FHIR-quality-testing/2026/patients/raw/synthea-1000-20260901-20260101/fhir/Dimple273_Hermann103_7d4df1cb-618f-9ac7-6d35-13964b837667.json	201	742		2026/patients/ingest-responses-load0/ingest-response-parallel-261.json
/home/glilly/work/vista-stack/HL7-FHIR-quality-testing/2026/patients/raw/synthea-1000-20260901-20260101/fhir/Dennis979_Quitzon246_12974747-0266-9255-8ef9-f50d9da1eb10.json	201	741		2026/patients/ingest-responses-load0/ingest-response-parallel-246.json
/home/glilly/work/vista-stack/HL7-FHIR-quality-testing/2026/patients/raw/synthea-1000-20260901-20260101/fhir/Divina723_Crist667_4d2d687e-860d-b94f-7530-75cb1576e9c1.json	201	743		2026/patients/ingest-responses-load0/ingest-response-parallel-266.json
/home/glilly/work/vista-stack/HL7-FHIR-quality-testing/2026/patients/raw/synthea-1000-20260901-20260101/fhir/Dominic463_Flatley871_2fa768e6-2436-26fc-81e2-4fbc5f9a21ef.json	201	743		2026/patients/ingest-responses-load0/ingest-response-parallel-268.json
/home/glilly/work/vista-stack/HL7-FHIR-quality-testing/2026/patients/raw/synthea-1000-20260901-20260101/fhir/Dominic463_Johnston597_bc8b596a-66c5-042e-61b3-3501974ff865.json	201	744		2026/patients/ingest-responses-load0/ingest-response-parallel-269.json
/home/glilly/work/vista-stack/HL7-FHIR-quality-testing/2026/patients/raw/synthea-1000-20260901-20260101/fhir/Don899_Kris249_b44e89a8-2058-9732-7838-ebd31b397b51.json	201	746		2026/patients/ingest-responses-load0/ingest-response-parallel-272.json
/home/glilly/work/vista-stack/HL7-FHIR-quality-testing/2026/patients/raw/synthea-1000-20260901-20260101/fhir/Dionna991_Spencer878_c788ab53-d0b3-ba2f-35a3-f96637386389.json	201	745		2026/patients/ingest-responses-load0/ingest-response-parallel-263.json
/home/glilly/work/vista-stack/HL7-FHIR-quality-testing/2026/patients/raw/synthea-1000-20260901-20260101/fhir/Dionne995_Leffler128_dd0b1ce0-5468-35b7-09c5-49969b890120.json	201	745		2026/patients/ingest-responses-load0/ingest-response-parallel-264.json
/home/glilly/work/vista-stack/HL7-FHIR-quality-testing/2026/patients/raw/synthea-1000-20260901-20260101/fhir/Donovan745_Bergnaum523_4841804b-6de7-9cf1-5ec0-ccb5f5be14d4.json	201	747		2026/patients/ingest-responses-load0/ingest-response-parallel-274.json
/home/glilly/work/vista-stack/HL7-FHIR-quality-testing/2026/patients/raw/synthea-1000-20260901-20260101/fhir/Dominique369_Gottlieb798_8f49c074-cced-84f6-70f6-5e130068962c.json	201	747		2026/patients/ingest-responses-load0/ingest-response-parallel-271.json
/home/glilly/work/vista-stack/HL7-FHIR-quality-testing/2026/patients/raw/synthea-1000-20260901-20260101/fhir/Donette997_Swaniawski813_ce1d469d-aa74-b55f-25c4-05cd9eb6c193.json	201	748		2026/patients/ingest-responses-load0/ingest-response-parallel-273.json
/home/glilly/work/vista-stack/HL7-FHIR-quality-testing/2026/patients/raw/synthea-1000-20260901-20260101/fhir/Dortha70_Murazik203_c612e493-09bc-5d9c-8fe9-1054f7422dc2.json	201	749		2026/patients/ingest-responses-load0/ingest-response-parallel-281.json
/home/glilly/work/vista-stack/HL7-FHIR-quality-testing/2026/patients/raw/synthea-1000-20260901-20260101/fhir/Dominica520_Melita22_Thompson596_6ba622ba-91a1-f607-b197-f66a7ae71c29.json	201	749		2026/patients/ingest-responses-load0/ingest-response-parallel-270.json
/home/glilly/work/vista-stack/HL7-FHIR-quality-testing/2026/patients/raw/synthea-1000-20260901-20260101/fhir/Dorotea472_Girón243_963399d5-a20f-d560-096c-323610fa0db2.json	201	750		2026/patients/ingest-responses-load0/ingest-response-parallel-278.json
/home/glilly/work/vista-stack/HL7-FHIR-quality-testing/2026/patients/raw/synthea-1000-20260901-20260101/fhir/Dorotea472_Olivares593_f88e6965-5520-b0d5-191e-671c89ab8ab4.json	201	751		2026/patients/ingest-responses-load0/ingest-response-parallel-279.json
/home/glilly/work/vista-stack/HL7-FHIR-quality-testing/2026/patients/raw/synthea-1000-20260901-20260101/fhir/Donovan745_Howe413_74905631-365d-719d-ab3a-f7ed18561bd3.json	201	751		2026/patients/ingest-responses-load0/ingest-response-parallel-275.json
/home/glilly/work/vista-stack/HL7-FHIR-quality-testing/2026/patients/raw/synthea-1000-20260901-20260101/fhir/Dortha70_Lemke654_49e36fa6-45d1-8138-44e1-9658ca175730.json	201	752		2026/patients/ingest-responses-load0/ingest-response-parallel-280.json
/home/glilly/work/vista-stack/HL7-FHIR-quality-testing/2026/patients/raw/synthea-1000-20260901-20260101/fhir/Dorian295_Carter549_afb28143-6dec-ccff-3e5d-7bdd69192f71.json	201	753		2026/patients/ingest-responses-load0/ingest-response-parallel-277.json
/home/glilly/work/vista-stack/HL7-FHIR-quality-testing/2026/patients/raw/synthea-1000-20260901-20260101/fhir/Duane703_Wolf938_4234d910-fcc9-766e-d345-2ff54a25c0bd.json	201	754		2026/patients/ingest-responses-load0/ingest-response-parallel-285.json
/home/glilly/work/vista-stack/HL7-FHIR-quality-testing/2026/patients/raw/synthea-1000-20260901-20260101/fhir/Dudley365_O'Connell601_2db1d92e-cbc2-a09e-881d-abd71ffcde8b.json	201	754		2026/patients/ingest-responses-load0/ingest-response-parallel-286.json
/home/glilly/work/vista-stack/HL7-FHIR-quality-testing/2026/patients/raw/synthea-1000-20260901-20260101/fhir/Doria135_Schaefer657_985a1480-fd7a-3af6-fdbf-811149ec16e8.json	201	755		2026/patients/ingest-responses-load0/ingest-response-parallel-276.json
/home/glilly/work/vista-stack/HL7-FHIR-quality-testing/2026/patients/raw/synthea-1000-20260901-20260101/fhir/Dreama246_Gertrude228_Lockman863_8b0a512e-e162-4957-8d79-5289109da741.json	201	756		2026/patients/ingest-responses-load0/ingest-response-parallel-284.json
/home/glilly/work/vista-stack/HL7-FHIR-quality-testing/2026/patients/raw/synthea-1000-20260901-20260101/fhir/Dottie687_Reginia455_Haag279_e92f7e35-fe57-a6b2-c9e1-209284a8eb37.json	201	756		2026/patients/ingest-responses-load0/ingest-response-parallel-282.json
/home/glilly/work/vista-stack/HL7-FHIR-quality-testing/2026/patients/raw/synthea-1000-20260901-20260101/fhir/Ebony669_Hirthe744_b033f75e-de52-c0a9-e112-9eefa35888a7.json	201	757		2026/patients/ingest-responses-load0/ingest-response-parallel-293.json
/home/glilly/work/vista-stack/HL7-FHIR-quality-testing/2026/patients/raw/synthea-1000-20260901-20260101/fhir/Dwight645_Carroll471_f22ce1f3-2bf5-2e73-6265-ced7ddebbcfa.json	201	757		2026/patients/ingest-responses-load0/ingest-response-parallel-289.json
/home/glilly/work/vista-stack/HL7-FHIR-quality-testing/2026/patients/raw/synthea-1000-20260901-20260101/fhir/Dusty207_Schmidt332_0bad986b-7f9d-6675-b714-b1f470a1edef.json	201	758		2026/patients/ingest-responses-load0/ingest-response-parallel-288.json
/home/glilly/work/vista-stack/HL7-FHIR-quality-testing/2026/patients/raw/synthea-1000-20260901-20260101/fhir/Dwight645_Ullrich385_86322cef-968b-72d4-0dfd-9054f9688f04.json	201	758		2026/patients/ingest-responses-load0/ingest-response-parallel-290.json
/home/glilly/work/vista-stack/HL7-FHIR-quality-testing/2026/patients/raw/synthea-1000-20260901-20260101/fhir/Douglass930_Wiegand701_83e4843b-b2bc-3d3f-e26e-b65be665e17f.json	201	759		2026/patients/ingest-responses-load0/ingest-response-parallel-283.json
/home/glilly/work/vista-stack/HL7-FHIR-quality-testing/2026/patients/raw/synthea-1000-20260901-20260101/fhir/Dylan44_Wisoky380_d8d274ce-4447-17d1-49b3-501fba81da54.json	201	760		2026/patients/ingest-responses-load0/ingest-response-parallel-291.json
/home/glilly/work/vista-stack/HL7-FHIR-quality-testing/2026/patients/raw/synthea-1000-20260901-20260101/fhir/Eddy900_Doyle959_b35f8c16-d80a-deab-0b74-679be77ea564.json	201	761		2026/patients/ingest-responses-load0/ingest-response-parallel-295.json
/home/glilly/work/vista-stack/HL7-FHIR-quality-testing/2026/patients/raw/synthea-1000-20260901-20260101/fhir/Edgardo196_Adams676_4b873635-f32d-4bcc-d931-a54340aadc3f.json	201	762		2026/patients/ingest-responses-load0/ingest-response-parallel-296.json
/home/glilly/work/vista-stack/HL7-FHIR-quality-testing/2026/patients/raw/synthea-1000-20260901-20260101/fhir/Eboni653_Carroll471_b84f40ca-4bb3-2a78-ca93-e7b0f14e33a1.json	201	763		2026/patients/ingest-responses-load0/ingest-response-parallel-292.json
/home/glilly/work/vista-stack/HL7-FHIR-quality-testing/2026/patients/raw/synthea-1000-20260901-20260101/fhir/Eddie505_Lueilwitz711_f652146c-d6d4-d288-f639-701bc40171b6.json	201	764		2026/patients/ingest-responses-load0/ingest-response-parallel-294.json
/home/glilly/work/vista-stack/HL7-FHIR-quality-testing/2026/patients/raw/synthea-1000-20260901-20260101/fhir/Edris973_Heaney114_310a7acc-fe7c-fedf-d63b-35d3d3283078.json	201	765		2026/patients/ingest-responses-load0/ingest-response-parallel-302.json
/home/glilly/work/vista-stack/HL7-FHIR-quality-testing/2026/patients/raw/synthea-1000-20260901-20260101/fhir/Edmundo94_Marquardt819_cd235759-d648-cccc-45a1-5723d4cb1f29.json	201	766		2026/patients/ingest-responses-load0/ingest-response-parallel-300.json
/home/glilly/work/vista-stack/HL7-FHIR-quality-testing/2026/patients/raw/synthea-1000-20260901-20260101/fhir/Edmond919_Mills423_07713b61-cd6b-1730-76d3-9b9aaf0adf5b.json	201	767		2026/patients/ingest-responses-load0/ingest-response-parallel-299.json
/home/glilly/work/vista-stack/HL7-FHIR-quality-testing/2026/patients/raw/synthea-1000-20260901-20260101/fhir/Eduardo902_Gutiérrez115_f6d20b3f-c1dd-e700-f0ac-38aa42bb7b44.json	201	768		2026/patients/ingest-responses-load0/ingest-response-parallel-303.json
/home/glilly/work/vista-stack/HL7-FHIR-quality-testing/2026/patients/raw/synthea-1000-20260901-20260101/fhir/Eldridge510_Reynolds644_18c6ef4a-be33-84d2-b9e6-d7c50391f6a7.json	201	769		2026/patients/ingest-responses-load0/ingest-response-parallel-307.json
/home/glilly/work/vista-stack/HL7-FHIR-quality-testing/2026/patients/raw/synthea-1000-20260901-20260101/fhir/Edward499_Smitham825_57fe0071-23b7-d2d3-9a2b-99950a533cc2.json	201	770		2026/patients/ingest-responses-load0/ingest-response-parallel-305.json
/home/glilly/work/vista-stack/HL7-FHIR-quality-testing/2026/patients/raw/synthea-1000-20260901-20260101/fhir/Edna186_Carlota980_Kuphal363_3d756731-87b6-f237-9e62-c2478f6df859.json	201	771		2026/patients/ingest-responses-load0/ingest-response-parallel-301.json
/home/glilly/work/vista-stack/HL7-FHIR-quality-testing/2026/patients/raw/synthea-1000-20260901-20260101/fhir/Edwardo860_Willms744_e6762687-abec-9b51-e0eb-f61812e8d9db.json	201	772		2026/patients/ingest-responses-load0/ingest-response-parallel-306.json
/home/glilly/work/vista-stack/HL7-FHIR-quality-testing/2026/patients/raw/synthea-1000-20260901-20260101/fhir/Elicia233_Gearldine455_McCullough561_604a773d-fc06-ae18-e108-07ddba520531.json	201	773		2026/patients/ingest-responses-load0/ingest-response-parallel-311.json
/home/glilly/work/vista-stack/HL7-FHIR-quality-testing/2026/patients/raw/synthea-1000-20260901-20260101/fhir/Eldridge510_Schmidt332_99f9a1f4-3cf9-d918-4a52-442b8ea08d1b.json	201	773		2026/patients/ingest-responses-load0/ingest-response-parallel-308.json
/home/glilly/work/vista-stack/HL7-FHIR-quality-testing/2026/patients/raw/synthea-1000-20260901-20260101/fhir/Eli762_Strosin214_42b31923-4477-1005-f8e8-7e0f423680b1.json	201	774		2026/patients/ingest-responses-load0/ingest-response-parallel-310.json
/home/glilly/work/vista-stack/HL7-FHIR-quality-testing/2026/patients/raw/synthea-1000-20260901-20260101/fhir/Elenor843_Kuhlman484_87fc7a1e-0ce3-6987-df49-f39bb64a0efb.json	201	774		2026/patients/ingest-responses-load0/ingest-response-parallel-309.json
/home/glilly/work/vista-stack/HL7-FHIR-quality-testing/2026/patients/raw/synthea-1000-20260901-20260101/fhir/Eliseo499_Effertz744_ad436acb-52d3-9d15-1ce9-45c49e51389a.json	201	776		2026/patients/ingest-responses-load0/ingest-response-parallel-314.json
/home/glilly/work/vista-stack/HL7-FHIR-quality-testing/2026/patients/raw/synthea-1000-20260901-20260101/fhir/Edgardo196_McClure239_2da5fdd6-f7c3-daca-bdfb-1391980e99bd.json	201	775		2026/patients/ingest-responses-load0/ingest-response-parallel-297.json
/home/glilly/work/vista-stack/HL7-FHIR-quality-testing/2026/patients/raw/synthea-1000-20260901-20260101/fhir/Elisabeth967_Gaylord332_1543a577-1477-063f-8d2e-a322e389f9eb.json	201	777		2026/patients/ingest-responses-load0/ingest-response-parallel-313.json
/home/glilly/work/vista-stack/HL7-FHIR-quality-testing/2026/patients/raw/synthea-1000-20260901-20260101/fhir/Elizbeth263_Schulist381_02aeb756-41db-d6a2-f953-ffccb911d063.json	201	778		2026/patients/ingest-responses-load0/ingest-response-parallel-315.json
/home/glilly/work/vista-stack/HL7-FHIR-quality-testing/2026/patients/raw/synthea-1000-20260901-20260101/fhir/Elmo857_Homenick806_2355ba83-8207-1e1c-e2f1-79ab13da1da1.json	201	779		2026/patients/ingest-responses-load0/ingest-response-parallel-318.json
/home/glilly/work/vista-stack/HL7-FHIR-quality-testing/2026/patients/raw/synthea-1000-20260901-20260101/fhir/Elroy493_Lueilwitz711_c4ba47ed-d784-b4e5-2c57-6e29939de7a9.json	201	780		2026/patients/ingest-responses-load0/ingest-response-parallel-320.json
/home/glilly/work/vista-stack/HL7-FHIR-quality-testing/2026/patients/raw/synthea-1000-20260901-20260101/fhir/Elicia233_Schaden604_966db223-a2e2-5888-0e72-051440811de7.json	201	780		2026/patients/ingest-responses-load0/ingest-response-parallel-312.json
/home/glilly/work/vista-stack/HL7-FHIR-quality-testing/2026/patients/raw/synthea-1000-20260901-20260101/fhir/Ellis535_Fahey393_f0b1abb4-588f-335f-ff6d-c4ebf7ecf327.json	201	781		2026/patients/ingest-responses-load0/ingest-response-parallel-316.json
/home/glilly/work/vista-stack/HL7-FHIR-quality-testing/2026/patients/raw/synthea-1000-20260901-20260101/fhir/Elton404_Marquardt819_656f8e07-4110-13c9-3a35-e3cc2e4f4cc3.json	201	782		2026/patients/ingest-responses-load0/ingest-response-parallel-321.json
/home/glilly/work/vista-stack/HL7-FHIR-quality-testing/2026/patients/raw/synthea-1000-20260901-20260101/fhir/Elvis145_Cormier289_92158d7a-a35d-55d1-7535-9515c1176c0e.json	201	783		2026/patients/ingest-responses-load0/ingest-response-parallel-323.json
/home/glilly/work/vista-stack/HL7-FHIR-quality-testing/2026/patients/raw/synthea-1000-20260901-20260101/fhir/Ellis535_Hertha832_Schulist381_0031d25e-a481-a6c6-5736-8325350a4abf.json	201	783		2026/patients/ingest-responses-load0/ingest-response-parallel-317.json
/home/glilly/work/vista-stack/HL7-FHIR-quality-testing/2026/patients/raw/synthea-1000-20260901-20260101/fhir/Elva122_Maxine796_Mayert710_cb05c4cd-3999-6ddd-0833-8f8362d86761.json	201	784		2026/patients/ingest-responses-load0/ingest-response-parallel-322.json
/home/glilly/work/vista-stack/HL7-FHIR-quality-testing/2026/patients/raw/synthea-1000-20260901-20260101/fhir/Elyse324_Emelina469_Dare640_1582e56a-eba7-f8d0-5d5d-038161b9d795.json	201	785		2026/patients/ingest-responses-load0/ingest-response-parallel-324.json
/home/glilly/work/vista-stack/HL7-FHIR-quality-testing/2026/patients/raw/synthea-1000-20260901-20260101/fhir/Emerson869_Rice937_84bcf941-bf88-1d4e-c89f-1bddf362d1eb.json	201	785		2026/patients/ingest-responses-load0/ingest-response-parallel-325.json
/home/glilly/work/vista-stack/HL7-FHIR-quality-testing/2026/patients/raw/synthea-1000-20260901-20260101/fhir/Emmanuel930_Legros616_c7ce0148-40a6-dfd0-2023-9716a6511e59.json	201	786		2026/patients/ingest-responses-load0/ingest-response-parallel-328.json
/home/glilly/work/vista-stack/HL7-FHIR-quality-testing/2026/patients/raw/synthea-1000-20260901-20260101/fhir/Eloise59_Amie520_Ferry570_1a6cbb27-47c7-3840-8db4-a9b0a580f1a4.json	201	786		2026/patients/ingest-responses-load0/ingest-response-parallel-319.json
/home/glilly/work/vista-stack/HL7-FHIR-quality-testing/2026/patients/raw/synthea-1000-20260901-20260101/fhir/Emmitt44_Harber290_e097a85c-1e9f-b5b6-85ba-907fca6153ff.json	201	787		2026/patients/ingest-responses-load0/ingest-response-parallel-331.json
/home/glilly/work/vista-stack/HL7-FHIR-quality-testing/2026/patients/raw/synthea-1000-20260901-20260101/fhir/Emile522_Murray856_1e561739-6a2a-e038-ba22-03af9fcf0387.json	201	788		2026/patients/ingest-responses-load0/ingest-response-parallel-326.json
/home/glilly/work/vista-stack/HL7-FHIR-quality-testing/2026/patients/raw/synthea-1000-20260901-20260101/fhir/Emilia403_Soledad678_Correa904_c94edbe0-9705-c73b-6fc9-fef218723568.json	201	788		2026/patients/ingest-responses-load0/ingest-response-parallel-327.json
/home/glilly/work/vista-stack/HL7-FHIR-quality-testing/2026/patients/raw/synthea-1000-20260901-20260101/fhir/Erick204_Crist667_e2a64667-2fc2-98f7-55d5-93fccf6adc56.json	201	789		2026/patients/ingest-responses-load0/ingest-response-parallel-334.json
/home/glilly/work/vista-stack/HL7-FHIR-quality-testing/2026/patients/raw/synthea-1000-20260901-20260101/fhir/Erin498_Barton704_097ad693-ad80-d9c7-5b03-c9507896b285.json	201	790		2026/patients/ingest-responses-load0/ingest-response-parallel-335.json
/home/glilly/work/vista-stack/HL7-FHIR-quality-testing/2026/patients/raw/synthea-1000-20260901-20260101/fhir/Emmanuel930_Swaniawski813_f63f5c0c-8da0-de97-8d01-bb020dc19074.json	201	789		2026/patients/ingest-responses-load0/ingest-response-parallel-329.json
/home/glilly/work/vista-stack/HL7-FHIR-quality-testing/2026/patients/raw/synthea-1000-20260901-20260101/fhir/Eryn994_Crist667_1a9a171f-272f-8693-2a4e-886574a4dea6.json	201	791		2026/patients/ingest-responses-load0/ingest-response-parallel-337.json
/home/glilly/work/vista-stack/HL7-FHIR-quality-testing/2026/patients/raw/synthea-1000-20260901-20260101/fhir/Erich201_Cronin387_0357ac19-8415-1f3c-9d98-69fe3bbc5005.json	201	792		2026/patients/ingest-responses-load0/ingest-response-parallel-333.json
/home/glilly/work/vista-stack/HL7-FHIR-quality-testing/2026/patients/raw/synthea-1000-20260901-20260101/fhir/Ethyl508_Berry486_Koch169_dad78d0b-e9da-07c0-173f-ac0ee12fe898.json	201	793		2026/patients/ingest-responses-load0/ingest-response-parallel-339.json
/home/glilly/work/vista-stack/HL7-FHIR-quality-testing/2026/patients/raw/synthea-1000-20260901-20260101/fhir/Eura647_Manie910_Crist667_4bb3d50a-f005-9ac0-c562-763e279a57b8.json	201	794		2026/patients/ingest-responses-load0/ingest-response-parallel-341.json
/home/glilly/work/vista-stack/HL7-FHIR-quality-testing/2026/patients/raw/synthea-1000-20260901-20260101/fhir/Emmett200_Casper496_dcaf8498-4e6f-df3a-b9ba-c664fda6649f.json	201	794		2026/patients/ingest-responses-load0/ingest-response-parallel-330.json
/home/glilly/work/vista-stack/HL7-FHIR-quality-testing/2026/patients/raw/synthea-1000-20260901-20260101/fhir/Eusebia552_Mirta419_Jacobs452_829db9be-3506-f9cc-7f9b-00dce2b40e9d.json	201	795		2026/patients/ingest-responses-load0/ingest-response-parallel-342.json
/home/glilly/work/vista-stack/HL7-FHIR-quality-testing/2026/patients/raw/synthea-1000-20260901-20260101/fhir/Eusebia552_Thelma273_Roob72_7b8efa9d-c2f7-37d9-c058-93bffc68c4f8.json	201	796		2026/patients/ingest-responses-load0/ingest-response-parallel-343.json
/home/glilly/work/vista-stack/HL7-FHIR-quality-testing/2026/patients/raw/synthea-1000-20260901-20260101/fhir/Everette494_Walker122_91fbb3ed-2ef0-2c7a-8eaf-9456bf0220a0.json	201	797		2026/patients/ingest-responses-load0/ingest-response-parallel-346.json
/home/glilly/work/vista-stack/HL7-FHIR-quality-testing/2026/patients/raw/synthea-1000-20260901-20260101/fhir/Ernestine645_Bartoletti50_17a94bf2-a714-fb33-750f-e89a7a4276cc.json	201	796		2026/patients/ingest-responses-load0/ingest-response-parallel-336.json
/home/glilly/work/vista-stack/HL7-FHIR-quality-testing/2026/patients/raw/synthea-1000-20260901-20260101/fhir/Ezequiel972_Crooks415_012c559c-7c1a-8d5d-3ed4-a22a9a39e4a4.json	201	798		2026/patients/ingest-responses-load0/ingest-response-parallel-347.json
/home/glilly/work/vista-stack/HL7-FHIR-quality-testing/2026/patients/raw/synthea-1000-20260901-20260101/fhir/Evan94_Fay398_88a1c50b-4662-5e9a-4d68-71ebd5c13184.json	201	798		2026/patients/ingest-responses-load0/ingest-response-parallel-344.json
/home/glilly/work/vista-stack/HL7-FHIR-quality-testing/2026/patients/raw/synthea-1000-20260901-20260101/fhir/Ezequiel972_Kshlerin58_f11c2b64-a146-c3d6-ac79-6d06c0a06103.json	201	799		2026/patients/ingest-responses-load0/ingest-response-parallel-348.json
/home/glilly/work/vista-stack/HL7-FHIR-quality-testing/2026/patients/raw/synthea-1000-20260901-20260101/fhir/Ethel888_Suzanne628_Casper496_5bd9eff9-97af-6204-e83e-0b3e7c585a5c.json	201	799		2026/patients/ingest-responses-load0/ingest-response-parallel-338.json
/home/glilly/work/vista-stack/HL7-FHIR-quality-testing/2026/patients/raw/synthea-1000-20260901-20260101/fhir/Fabian647_Labadie908_57e1d3ca-958c-258f-8218-2c03e477dfff.json	201	800		2026/patients/ingest-responses-load0/ingest-response-parallel-349.json
/home/glilly/work/vista-stack/HL7-FHIR-quality-testing/2026/patients/raw/synthea-1000-20260901-20260101/fhir/Enola75_Temple691_Rice937_1786849a-2b21-9592-e885-92297bd9ac3d.json	201	800		2026/patients/ingest-responses-load0/ingest-response-parallel-332.json
/home/glilly/work/vista-stack/HL7-FHIR-quality-testing/2026/patients/raw/synthea-1000-20260901-20260101/fhir/Felecia131_Rodriguez71_7f7d2f10-bfe1-835b-1477-a37c52bbf37f.json	201	801		2026/patients/ingest-responses-load0/ingest-response-parallel-353.json
/home/glilly/work/vista-stack/HL7-FHIR-quality-testing/2026/patients/raw/synthea-1000-20260901-20260101/fhir/Fe271_Amada498_Johns824_08a1dd4d-1591-81a8-80b1-7c6fc0422c4b.json	201	802		2026/patients/ingest-responses-load0/ingest-response-parallel-351.json
/home/glilly/work/vista-stack/HL7-FHIR-quality-testing/2026/patients/raw/synthea-1000-20260901-20260101/fhir/Fern75_Homenick806_91802e91-fe42-271e-cbc5-683e975741ab.json	201	803		2026/patients/ingest-responses-load0/ingest-response-parallel-357.json
/home/glilly/work/vista-stack/HL7-FHIR-quality-testing/2026/patients/raw/synthea-1000-20260901-20260101/fhir/Fe271_Zulema784_Buckridge80_a12c32b9-2e2a-d823-32a4-0504ad216384.json	201	804		2026/patients/ingest-responses-load0/ingest-response-parallel-352.json
/home/glilly/work/vista-stack/HL7-FHIR-quality-testing/2026/patients/raw/synthea-1000-20260901-20260101/fhir/Eugenio846_Legros616_cbd74b8d-32d0-e3d5-064b-958bcc770645.json	201	803		2026/patients/ingest-responses-load0/ingest-response-parallel-340.json
/home/glilly/work/vista-stack/HL7-FHIR-quality-testing/2026/patients/raw/synthea-1000-20260901-20260101/fhir/Fernando603_Alcántar600_b4e617a7-d3ea-06ab-3fbf-7263aebe1a24.json	201	805		2026/patients/ingest-responses-load0/ingest-response-parallel-358.json
/home/glilly/work/vista-stack/HL7-FHIR-quality-testing/2026/patients/raw/synthea-1000-20260901-20260101/fhir/Felipe97_Pagan507_6de52a9f-4932-f50a-223f-a7b84661d1b0.json	201	805		2026/patients/ingest-responses-load0/ingest-response-parallel-356.json
/home/glilly/work/vista-stack/HL7-FHIR-quality-testing/2026/patients/raw/synthea-1000-20260901-20260101/fhir/Fernando603_Johnston597_e42f3eb4-1f5a-a626-bf9f-bf1700dc2a6a.json	201	806		2026/patients/ingest-responses-load0/ingest-response-parallel-359.json
/home/glilly/work/vista-stack/HL7-FHIR-quality-testing/2026/patients/raw/synthea-1000-20260901-20260101/fhir/Florene115_Schuster709_24bf6d05-1ebc-334a-59c3-59acc1492f13.json	201	807		2026/patients/ingest-responses-load0/ingest-response-parallel-360.json
/home/glilly/work/vista-stack/HL7-FHIR-quality-testing/2026/patients/raw/synthea-1000-20260901-20260101/fhir/Felicitas300_Minda79_Kreiger457_550af2d5-9d9b-a6f4-1362-b478abf0f1aa.json	201	807		2026/patients/ingest-responses-load0/ingest-response-parallel-354.json
/home/glilly/work/vista-stack/HL7-FHIR-quality-testing/2026/patients/raw/synthea-1000-20260901-20260101/fhir/Foster87_Schumm995_a009329d-5f13-ec27-1ad0-2bc526c2143f.json	201	808		2026/patients/ingest-responses-load0/ingest-response-parallel-364.json
/home/glilly/work/vista-stack/HL7-FHIR-quality-testing/2026/patients/raw/synthea-1000-20260901-20260101/fhir/Forest317_Reynolds644_0c221946-1554-6cf3-0685-27fd95485b65.json	201	809		2026/patients/ingest-responses-load0/ingest-response-parallel-363.json
/home/glilly/work/vista-stack/HL7-FHIR-quality-testing/2026/patients/raw/synthea-1000-20260901-20260101/fhir/Francoise850_Romaguera67_40f8422a-2631-8bb5-afff-54ac62495cc4.json	201	810		2026/patients/ingest-responses-load0/ingest-response-parallel-365.json
/home/glilly/work/vista-stack/HL7-FHIR-quality-testing/2026/patients/raw/synthea-1000-20260901-20260101/fhir/Frank378_Strosin214_07737261-e4e9-36e2-353c-47f72e2c45bb.json	201	811		2026/patients/ingest-responses-load0/ingest-response-parallel-367.json
/home/glilly/work/vista-stack/HL7-FHIR-quality-testing/2026/patients/raw/synthea-1000-20260901-20260101/fhir/Frank378_Ernser583_355e64b3-20ef-d3f5-5035-14b58f45bd4b.json	201	812		2026/patients/ingest-responses-load0/ingest-response-parallel-366.json
/home/glilly/work/vista-stack/HL7-FHIR-quality-testing/2026/patients/raw/synthea-1000-20260901-20260101/fhir/Everett935_Goldner995_fd5b9ff7-c818-112e-6e37-d8adf84db654.json	201	809		2026/patients/ingest-responses-load0/ingest-response-parallel-345.json
/home/glilly/work/vista-stack/HL7-FHIR-quality-testing/2026/patients/raw/synthea-1000-20260901-20260101/fhir/Freeman822_Witting912_c7ced9cd-956e-45b2-4221-b358fcd0c3d1.json	201	814		2026/patients/ingest-responses-load0/ingest-response-parallel-370.json
/home/glilly/work/vista-stack/HL7-FHIR-quality-testing/2026/patients/raw/synthea-1000-20260901-20260101/fhir/Floyd420_Gutkowski940_2efba15c-399f-8d5e-1ab2-c4d5f1d9393b.json	201	813		2026/patients/ingest-responses-load0/ingest-response-parallel-362.json
/home/glilly/work/vista-stack/HL7-FHIR-quality-testing/2026/patients/raw/synthea-1000-20260901-20260101/fhir/Frederick289_Gulgowski816_321dcba1-49a4-97d9-1d34-fd5158a39a82.json	201	815		2026/patients/ingest-responses-load0/ingest-response-parallel-368.json
/home/glilly/work/vista-stack/HL7-FHIR-quality-testing/2026/patients/raw/synthea-1000-20260901-20260101/fhir/Fredric73_Bogisich202_e5504129-3dd6-88c5-5e91-59ae1a6376ba.json	201	816		2026/patients/ingest-responses-load0/ingest-response-parallel-369.json
/home/glilly/work/vista-stack/HL7-FHIR-quality-testing/2026/patients/raw/synthea-1000-20260901-20260101/fhir/Garfield38_McKenzie376_ea867810-abc0-4348-7ab9-1a16e58f75b4.json	201	817		2026/patients/ingest-responses-load0/ingest-response-parallel-372.json
/home/glilly/work/vista-stack/HL7-FHIR-quality-testing/2026/patients/raw/synthea-1000-20260901-20260101/fhir/Gabriel934_Barraza113_6fcbe687-7bf0-9939-f1d6-c2433f3e862b.json	201	818		2026/patients/ingest-responses-load0/ingest-response-parallel-371.json
/home/glilly/work/vista-stack/HL7-FHIR-quality-testing/2026/patients/raw/synthea-1000-20260901-20260101/fhir/Garland107_Bauch723_d144e857-1d04-8c82-eec0-e899beb38c89.json	201	819		2026/patients/ingest-responses-load0/ingest-response-parallel-373.json
/home/glilly/work/vista-stack/HL7-FHIR-quality-testing/2026/patients/raw/synthea-1000-20260901-20260101/fhir/Gary33_Schoen8_db70185d-434e-cb40-4269-6e145fa1347a.json	201	820		2026/patients/ingest-responses-load0/ingest-response-parallel-376.json
/home/glilly/work/vista-stack/HL7-FHIR-quality-testing/2026/patients/raw/synthea-1000-20260901-20260101/fhir/Garland107_Bernhard322_27508ae4-5c46-90c0-bd49-36acb9cfdac8.json	201	821		2026/patients/ingest-responses-load0/ingest-response-parallel-374.json
/home/glilly/work/vista-stack/HL7-FHIR-quality-testing/2026/patients/raw/synthea-1000-20260901-20260101/fhir/Gary33_Johnston597_da5aa152-9e79-3366-ed9f-f6606811a611.json	201	821		2026/patients/ingest-responses-load0/ingest-response-parallel-375.json
/home/glilly/work/vista-stack/HL7-FHIR-quality-testing/2026/patients/raw/synthea-1000-20260901-20260101/fhir/Gay359_Blanda868_2d80140b-4e4c-d8a0-49c7-a9117bd2006d.json	201	822		2026/patients/ingest-responses-load0/ingest-response-parallel-377.json
/home/glilly/work/vista-stack/HL7-FHIR-quality-testing/2026/patients/raw/synthea-1000-20260901-20260101/fhir/Gaylene599_Shakita329_Schmidt332_be19732f-84cb-37ff-326d-af30aeb0edb8.json	201	823		2026/patients/ingest-responses-load0/ingest-response-parallel-378.json
/home/glilly/work/vista-stack/HL7-FHIR-quality-testing/2026/patients/raw/synthea-1000-20260901-20260101/fhir/Gennie418_Kina737_Crist667_3ae7f5e7-e3cb-f218-0794-63d5881f1094.json	201	824		2026/patients/ingest-responses-load0/ingest-response-parallel-379.json
/home/glilly/work/vista-stack/HL7-FHIR-quality-testing/2026/patients/raw/synthea-1000-20260901-20260101/fhir/Georgene966_Freeda113_Crist667_70e6c521-5355-9f6f-b369-de8ec6384524.json	201	825		2026/patients/ingest-responses-load0/ingest-response-parallel-380.json
/home/glilly/work/vista-stack/HL7-FHIR-quality-testing/2026/patients/raw/synthea-1000-20260901-20260101/fhir/Georgiana151_Fadel536_0661e801-1917-34d9-0844-9de5ef13e3a8.json	201	826		2026/patients/ingest-responses-load0/ingest-response-parallel-381.json
/home/glilly/work/vista-stack/HL7-FHIR-quality-testing/2026/patients/raw/synthea-1000-20260901-20260101/fhir/Georgianne697_Hortencia577_Wilderman619_6e7b7ee2-ff5d-941c-2649-3b97e022ea8d.json	201	827		2026/patients/ingest-responses-load0/ingest-response-parallel-383.json
/home/glilly/work/vista-stack/HL7-FHIR-quality-testing/2026/patients/raw/synthea-1000-20260901-20260101/fhir/Georgina806_Torp761_b15449be-8f65-7c54-19e0-5ce19f7c26ff.json	201	828		2026/patients/ingest-responses-load0/ingest-response-parallel-384.json
/home/glilly/work/vista-stack/HL7-FHIR-quality-testing/2026/patients/raw/synthea-1000-20260901-20260101/fhir/German382_Murphy561_81748a23-8cb1-36d0-2ab4-10619b6c88c9.json	201	829		2026/patients/ingest-responses-load0/ingest-response-parallel-388.json
/home/glilly/work/vista-stack/HL7-FHIR-quality-testing/2026/patients/raw/synthea-1000-20260901-20260101/fhir/Gerald181_Iraida50_Hammes673_8e17bde4-a54d-ef77-f53b-2f23bc7ab8ca.json	201	829		2026/patients/ingest-responses-load0/ingest-response-parallel-385.json
/home/glilly/work/vista-stack/HL7-FHIR-quality-testing/2026/patients/raw/synthea-1000-20260901-20260101/fhir/German382_Hudson301_ae625ae7-45e9-db70-1b0a-32cc79532de3.json	201	830		2026/patients/ingest-responses-load0/ingest-response-parallel-387.json
/home/glilly/work/vista-stack/HL7-FHIR-quality-testing/2026/patients/raw/synthea-1000-20260901-20260101/fhir/Geralyn932_Kertzmann286_476c33b5-8009-687d-aa95-2e8a21b6cac0.json	201	831		2026/patients/ingest-responses-load0/ingest-response-parallel-386.json
/home/glilly/work/vista-stack/HL7-FHIR-quality-testing/2026/patients/raw/synthea-1000-20260901-20260101/fhir/Ginny287_Fadel536_28e11fe9-4ef5-1fc9-500f-ee877e66b590.json	201	832		2026/patients/ingest-responses-load0/ingest-response-parallel-392.json
/home/glilly/work/vista-stack/HL7-FHIR-quality-testing/2026/patients/raw/synthea-1000-20260901-20260101/fhir/Gerry91_Feil794_8b56e663-480a-136f-8505-389150641b99.json	201	833		2026/patients/ingest-responses-load0/ingest-response-parallel-389.json
/home/glilly/work/vista-stack/HL7-FHIR-quality-testing/2026/patients/raw/synthea-1000-20260901-20260101/fhir/Gisele901_Morissette863_8e839c68-0913-8cf7-1117-6de3245e6a13.json	201	834		2026/patients/ingest-responses-load0/ingest-response-parallel-394.json
/home/glilly/work/vista-stack/HL7-FHIR-quality-testing/2026/patients/raw/synthea-1000-20260901-20260101/fhir/Giovanni385_Jakubowski832_a9d5700a-b6ad-98ae-b41a-ebe4385a1812.json	201	834		2026/patients/ingest-responses-load0/ingest-response-parallel-393.json
/home/glilly/work/vista-stack/HL7-FHIR-quality-testing/2026/patients/raw/synthea-1000-20260901-20260101/fhir/Gigi364_Penni796_Yundt842_803dcb94-abc5-28ad-5837-abbc7e3828df.json	201	834		2026/patients/ingest-responses-load0/ingest-response-parallel-391.json
/home/glilly/work/vista-stack/HL7-FHIR-quality-testing/2026/patients/raw/synthea-1000-20260901-20260101/fhir/Gertie348_Deena887_Donnelly343_91291b9d-4320-f04f-490a-6943156fd75e.json	201	835		2026/patients/ingest-responses-load0/ingest-response-parallel-390.json
/home/glilly/work/vista-stack/HL7-FHIR-quality-testing/2026/patients/raw/synthea-1000-20260901-20260101/fhir/Glenn0_Murazik203_c3b89abb-110d-be2f-28e7-e2777b0e2a2a.json	201	836		2026/patients/ingest-responses-load0/ingest-response-parallel-397.json
/home/glilly/work/vista-stack/HL7-FHIR-quality-testing/2026/patients/raw/synthea-1000-20260901-20260101/fhir/Giuseppina753_Raye931_Champlin946_8e6002a7-f211-a476-b3d8-469243b849fa.json	201	837		2026/patients/ingest-responses-load0/ingest-response-parallel-395.json
/home/glilly/work/vista-stack/HL7-FHIR-quality-testing/2026/patients/raw/synthea-1000-20260901-20260101/fhir/Goldie436_Denae137_Jakubowski832_34913f71-04e5-451c-c185-dec65b0d933e.json	201	838		2026/patients/ingest-responses-load0/ingest-response-parallel-399.json
/home/glilly/work/vista-stack/HL7-FHIR-quality-testing/2026/patients/raw/synthea-1000-20260901-20260101/fhir/Grady603_Murray856_dfc80e4d-5e8b-b266-dd42-772973b4dc5a.json	201	838		2026/patients/ingest-responses-load0/ingest-response-parallel-400.json
/home/glilly/work/vista-stack/HL7-FHIR-quality-testing/2026/patients/raw/synthea-1000-20260901-20260101/fhir/Golden321_Kuhic920_26d7ada0-2889-91d4-cf30-db3407e4cd0d.json	201	839		2026/patients/ingest-responses-load0/ingest-response-parallel-398.json
/home/glilly/work/vista-stack/HL7-FHIR-quality-testing/2026/patients/raw/synthea-1000-20260901-20260101/fhir/Glady857_Ritchie586_7e0d5235-450e-6545-d6ed-e5578962db8e.json	201	839		2026/patients/ingest-responses-load0/ingest-response-parallel-396.json
/home/glilly/work/vista-stack/HL7-FHIR-quality-testing/2026/patients/raw/synthea-1000-20260901-20260101/fhir/Graham902_Corkery305_c48d4e96-eec1-0422-0108-02fea8cfd3d3.json	201	840		2026/patients/ingest-responses-load0/ingest-response-parallel-402.json
/home/glilly/work/vista-stack/HL7-FHIR-quality-testing/2026/patients/raw/synthea-1000-20260901-20260101/fhir/Graham902_Kovacek682_f47adbc7-012e-9699-4353-9f3e5ed86f40.json	201	841		2026/patients/ingest-responses-load0/ingest-response-parallel-403.json
/home/glilly/work/vista-stack/HL7-FHIR-quality-testing/2026/patients/raw/synthea-1000-20260901-20260101/fhir/Greg949_Mertz280_b22b0bf1-5138-b4a5-f551-8637b5e97089.json	201	842		2026/patients/ingest-responses-load0/ingest-response-parallel-406.json
/home/glilly/work/vista-stack/HL7-FHIR-quality-testing/2026/patients/raw/synthea-1000-20260901-20260101/fhir/Graig740_Johnson679_2644b89f-8283-66fa-5b81-30f44cfefcbd.json	201	843		2026/patients/ingest-responses-load0/ingest-response-parallel-404.json
/home/glilly/work/vista-stack/HL7-FHIR-quality-testing/2026/patients/raw/synthea-1000-20260901-20260101/fhir/Guillermina633_Tórrez28_b6f86ecd-a4db-fab2-2636-c2db15beceac.json	201	844		2026/patients/ingest-responses-load0/ingest-response-parallel-409.json
/home/glilly/work/vista-stack/HL7-FHIR-quality-testing/2026/patients/raw/synthea-1000-20260901-20260101/fhir/Grady603_Willms744_03af2e83-bd30-4a59-d7bc-1bc70f4cfe6a.json	201	843		2026/patients/ingest-responses-load0/ingest-response-parallel-401.json
/home/glilly/work/vista-stack/HL7-FHIR-quality-testing/2026/patients/raw/synthea-1000-20260901-20260101/fhir/Georgiann138_White193_a5755c98-df90-d4ba-9901-ae08985fe2ff.json	201	842		2026/patients/ingest-responses-load0/ingest-response-parallel-382.json
/home/glilly/work/vista-stack/HL7-FHIR-quality-testing/2026/patients/raw/synthea-1000-20260901-20260101/fhir/Greg949_Gulgowski816_0002efd8-6e62-edd9-5db2-e6894503adf5.json	201	845		2026/patients/ingest-responses-load0/ingest-response-parallel-405.json
/home/glilly/work/vista-stack/HL7-FHIR-quality-testing/2026/patients/raw/synthea-1000-20260901-20260101/fhir/Guillermina633_Marilu588_Aguirre875_ac614e34-5487-f76d-187e-91a41be5be31.json	201	846		2026/patients/ingest-responses-load0/ingest-response-parallel-408.json
/home/glilly/work/vista-stack/HL7-FHIR-quality-testing/2026/patients/raw/synthea-1000-20260901-20260101/fhir/Guadalupe206_Marshall526_Jaskolski867_e701c035-3029-ddd3-f4d0-cb33b62c1fbd.json	201	847		2026/patients/ingest-responses-load0/ingest-response-parallel-407.json
/home/glilly/work/vista-stack/HL7-FHIR-quality-testing/2026/patients/raw/synthea-1000-20260901-20260101/fhir/Haley279_Keebler762_00c73db3-39d4-41c2-61cd-9b3b7f66ca41.json	201	848		2026/patients/ingest-responses-load0/ingest-response-parallel-415.json
/home/glilly/work/vista-stack/HL7-FHIR-quality-testing/2026/patients/raw/synthea-1000-20260901-20260101/fhir/Hai304_Sipes176_a8735366-7cf9-fd71-8254-790b122ec413.json	201	848		2026/patients/ingest-responses-load0/ingest-response-parallel-413.json
/home/glilly/work/vista-stack/HL7-FHIR-quality-testing/2026/patients/raw/synthea-1000-20260901-20260101/fhir/Gustavo235_Reilly981_45b45cc4-e96e-1418-849a-220a88e0308a.json	201	849		2026/patients/ingest-responses-load0/ingest-response-parallel-411.json
/home/glilly/work/vista-stack/HL7-FHIR-quality-testing/2026/patients/raw/synthea-1000-20260901-20260101/fhir/Gus973_Rempel203_60ebf4e0-cf25-d9c7-f772-4c3122a69252.json	201	849		2026/patients/ingest-responses-load0/ingest-response-parallel-410.json
/home/glilly/work/vista-stack/HL7-FHIR-quality-testing/2026/patients/raw/synthea-1000-20260901-20260101/fhir/Hallie315_Howe413_73101575-1493-ac70-d26c-b45fb6a846cf.json	201	850		2026/patients/ingest-responses-load0/ingest-response-parallel-417.json
/home/glilly/work/vista-stack/HL7-FHIR-quality-testing/2026/patients/raw/synthea-1000-20260901-20260101/fhir/Hank686_Lueilwitz711_ecb8ace9-a914-c3cc-848a-aa293d2b922c.json	201	851		2026/patients/ingest-responses-load0/ingest-response-parallel-418.json
/home/glilly/work/vista-stack/HL7-FHIR-quality-testing/2026/patients/raw/synthea-1000-20260901-20260101/fhir/Gwendolyn93_Dach178_c76066c4-b926-08af-e3f4-a96d2cfff428.json	201	852		2026/patients/ingest-responses-load0/ingest-response-parallel-412.json
/home/glilly/work/vista-stack/HL7-FHIR-quality-testing/2026/patients/raw/synthea-1000-20260901-20260101/fhir/Harlan808_Hettinger594_7b233882-09da-cff5-7355-fb59233e164c.json	201	853		2026/patients/ingest-responses-load0/ingest-response-parallel-419.json
/home/glilly/work/vista-stack/HL7-FHIR-quality-testing/2026/patients/raw/synthea-1000-20260901-20260101/fhir/Harland508_Dicki44_e45a9114-30dd-548b-43ee-3b1f9eeff510.json	201	853		2026/patients/ingest-responses-load0/ingest-response-parallel-420.json
/home/glilly/work/vista-stack/HL7-FHIR-quality-testing/2026/patients/raw/synthea-1000-20260901-20260101/fhir/Hector463_Hahn503_dae08bec-2ef6-97bf-bc01-0eb1dc52d15d.json	201	855		2026/patients/ingest-responses-load0/ingest-response-parallel-424.json
/home/glilly/work/vista-stack/HL7-FHIR-quality-testing/2026/patients/raw/synthea-1000-20260901-20260101/fhir/Haydee844_Versie644_Harber290_51e6e945-d7d4-11e7-c4be-25814e43ed1a.json	201	854		2026/patients/ingest-responses-load0/ingest-response-parallel-422.json
/home/glilly/work/vista-stack/HL7-FHIR-quality-testing/2026/patients/raw/synthea-1000-20260901-20260101/fhir/Halley419_Wehner319_dc42fc3c-da60-cd75-4166-2210b221f8fa.json	201	855		2026/patients/ingest-responses-load0/ingest-response-parallel-416.json
/home/glilly/work/vista-stack/HL7-FHIR-quality-testing/2026/patients/raw/synthea-1000-20260901-20260101/fhir/Hedwig986_Hilll811_f06d2a14-ba8d-22f3-a3d3-6b099a60c2e9.json	201	856		2026/patients/ingest-responses-load0/ingest-response-parallel-427.json
/home/glilly/work/vista-stack/HL7-FHIR-quality-testing/2026/patients/raw/synthea-1000-20260901-20260101/fhir/Haywood675_Harris789_bd95c7b3-2e35-ee76-b0d9-99ae6f37a7eb.json	201	857		2026/patients/ingest-responses-load0/ingest-response-parallel-423.json
/home/glilly/work/vista-stack/HL7-FHIR-quality-testing/2026/patients/raw/synthea-1000-20260901-20260101/fhir/Helena807_Shakira391_Murazik203_89f6f51c-d6fc-2552-b4bc-67cca4ec3183.json	201	858		2026/patients/ingest-responses-load0/ingest-response-parallel-428.json
/home/glilly/work/vista-stack/HL7-FHIR-quality-testing/2026/patients/raw/synthea-1000-20260901-20260101/fhir/Hector463_Hammes673_068aa7c3-1f15-9b18-4729-b2e951c66a2a.json	201	858		2026/patients/ingest-responses-load0/ingest-response-parallel-425.json
/home/glilly/work/vista-stack/HL7-FHIR-quality-testing/2026/patients/raw/synthea-1000-20260901-20260101/fhir/Hernán834_Mora209_2f116387-dbb0-bc6e-18d0-316209c5f25a.json	201	860		2026/patients/ingest-responses-load0/ingest-response-parallel-433.json
/home/glilly/work/vista-stack/HL7-FHIR-quality-testing/2026/patients/raw/synthea-1000-20260901-20260101/fhir/Helene803_Cruickshank494_15f2b6a7-fb31-99ee-7b48-5343c3c94d8a.json	201	859		2026/patients/ingest-responses-load0/ingest-response-parallel-429.json
/home/glilly/work/vista-stack/HL7-FHIR-quality-testing/2026/patients/raw/synthea-1000-20260901-20260101/fhir/Heriberto162_D'Amore443_d5fa8b66-8171-168b-1871-2c04f9ec2d28.json	201	859		2026/patients/ingest-responses-load0/ingest-response-parallel-431.json
/home/glilly/work/vista-stack/HL7-FHIR-quality-testing/2026/patients/raw/synthea-1000-20260901-20260101/fhir/Herman763_Kozey370_eadaf990-63a8-e223-c6d9-81ebc99a0877.json	201	861		2026/patients/ingest-responses-load0/ingest-response-parallel-432.json
/home/glilly/work/vista-stack/HL7-FHIR-quality-testing/2026/patients/raw/synthea-1000-20260901-20260101/fhir/Hisako109_Deja232_Shields502_53475d40-7ff1-79c2-9852-ac116118a894.json	201	862		2026/patients/ingest-responses-load0/ingest-response-parallel-435.json
/home/glilly/work/vista-stack/HL7-FHIR-quality-testing/2026/patients/raw/synthea-1000-20260901-20260101/fhir/Hortencia577_Mraz590_2535ab68-2c71-9e91-3743-47edd4748373.json	201	864		2026/patients/ingest-responses-load0/ingest-response-parallel-438.json
/home/glilly/work/vista-stack/HL7-FHIR-quality-testing/2026/patients/raw/synthea-1000-20260901-20260101/fhir/Horace32_Wunsch504_15126d57-11bd-45b7-4429-0a7862a71554.json	201	863		2026/patients/ingest-responses-load0/ingest-response-parallel-436.json
/home/glilly/work/vista-stack/HL7-FHIR-quality-testing/2026/patients/raw/synthea-1000-20260901-20260101/fhir/Horacio317_Wisozk929_a4880517-0ced-4e6a-9351-ad7c786d5e41.json	201	864		2026/patients/ingest-responses-load0/ingest-response-parallel-437.json
/home/glilly/work/vista-stack/HL7-FHIR-quality-testing/2026/patients/raw/synthea-1000-20260901-20260101/fhir/Hoyt490_Fay398_fc43eb42-fb7d-4ac6-1376-21c3accb4477.json	201	865		2026/patients/ingest-responses-load0/ingest-response-parallel-441.json
/home/glilly/work/vista-stack/HL7-FHIR-quality-testing/2026/patients/raw/synthea-1000-20260901-20260101/fhir/Hosea56_Hauck852_e9dc8cf6-833f-92eb-8599-f2976b071b58.json	201	866		2026/patients/ingest-responses-load0/ingest-response-parallel-439.json
/home/glilly/work/vista-stack/HL7-FHIR-quality-testing/2026/patients/raw/synthea-1000-20260901-20260101/fhir/Houston994_Zieme486_1d9aa104-3859-a8ee-b720-0d05f549d709.json	201	867		2026/patients/ingest-responses-load0/ingest-response-parallel-440.json
/home/glilly/work/vista-stack/HL7-FHIR-quality-testing/2026/patients/raw/synthea-1000-20260901-20260101/fhir/Hue920_Lemke654_e3990075-b1e6-92f9-2e4d-dff5568729fb.json	201	868		2026/patients/ingest-responses-load0/ingest-response-parallel-442.json
/home/glilly/work/vista-stack/HL7-FHIR-quality-testing/2026/patients/raw/synthea-1000-20260901-20260101/fhir/Hugo693_Koepp521_2c205506-2910-ad6f-284c-c529aadfd68e.json	201	870		2026/patients/ingest-responses-load0/ingest-response-parallel-444.json
/home/glilly/work/vista-stack/HL7-FHIR-quality-testing/2026/patients/raw/synthea-1000-20260901-20260101/fhir/Huey641_Eichmann909_e594f68d-7cab-bb7d-5496-fc1e6a8870a8.json	201	870		2026/patients/ingest-responses-load0/ingest-response-parallel-443.json
/home/glilly/work/vista-stack/HL7-FHIR-quality-testing/2026/patients/raw/synthea-1000-20260901-20260101/fhir/Harvey63_Kilback373_fcd19803-d3b4-623c-4986-aae3ab7aad0d.json	201	869		2026/patients/ingest-responses-load0/ingest-response-parallel-421.json
/home/glilly/work/vista-stack/HL7-FHIR-quality-testing/2026/patients/raw/synthea-1000-20260901-20260101/fhir/Ignacio928_Schmidt332_1d10f4f8-cb8d-11cb-c70c-3d529562b72a.json	201	871		2026/patients/ingest-responses-load0/ingest-response-parallel-449.json
/home/glilly/work/vista-stack/HL7-FHIR-quality-testing/2026/patients/raw/synthea-1000-20260901-20260101/fhir/Idella49_Jeanine128_Ankunding277_93e9ab5e-82d0-2f39-0569-b93838c3ff79.json	201	872		2026/patients/ingest-responses-load0/ingest-response-parallel-447.json
/home/glilly/work/vista-stack/HL7-FHIR-quality-testing/2026/patients/raw/synthea-1000-20260901-20260101/fhir/Idella49_Mann644_896cdae5-0e2d-7d70-d837-4b0ac2691351.json	201	873		2026/patients/ingest-responses-load0/ingest-response-parallel-448.json
/home/glilly/work/vista-stack/HL7-FHIR-quality-testing/2026/patients/raw/synthea-1000-20260901-20260101/fhir/Ian270_Upton904_d002acdf-c342-8ba6-7f97-6fae838d5de2.json	201	874		2026/patients/ingest-responses-load0/ingest-response-parallel-446.json
/home/glilly/work/vista-stack/HL7-FHIR-quality-testing/2026/patients/raw/synthea-1000-20260901-20260101/fhir/Iluminada398_Lind531_fa9a2b5f-4b1f-354b-dd6f-01863faad96d.json	201	875		2026/patients/ingest-responses-load0/ingest-response-parallel-452.json
/home/glilly/work/vista-stack/HL7-FHIR-quality-testing/2026/patients/raw/synthea-1000-20260901-20260101/fhir/Inell560_Fadel536_56d1d9c9-f5dc-22bc-cf05-b194de1033da.json	201	876		2026/patients/ingest-responses-load0/ingest-response-parallel-454.json
/home/glilly/work/vista-stack/HL7-FHIR-quality-testing/2026/patients/raw/synthea-1000-20260901-20260101/fhir/Indira327_Sipes176_44639ab9-aef6-c2d5-2403-724623d684f9.json	201	877		2026/patients/ingest-responses-load0/ingest-response-parallel-453.json
/home/glilly/work/vista-stack/HL7-FHIR-quality-testing/2026/patients/raw/synthea-1000-20260901-20260101/fhir/Isidro558_Boyle917_63abcccb-0bb5-7fd2-3cc7-92e3b25e96bc.json	201	878		2026/patients/ingest-responses-load0/ingest-response-parallel-457.json
/home/glilly/work/vista-stack/HL7-FHIR-quality-testing/2026/patients/raw/synthea-1000-20260901-20260101/fhir/Ike571_Wunsch504_cdda37e2-4296-15f7-2be6-aede534f5d08.json	201	879		2026/patients/ingest-responses-load0/ingest-response-parallel-451.json
/home/glilly/work/vista-stack/HL7-FHIR-quality-testing/2026/patients/raw/synthea-1000-20260901-20260101/fhir/Irish781_Auer97_2136fe8c-469c-bce2-fbc4-38126b881840.json	201	879		2026/patients/ingest-responses-load0/ingest-response-parallel-455.json
/home/glilly/work/vista-stack/HL7-FHIR-quality-testing/2026/patients/raw/synthea-1000-20260901-20260101/fhir/Isidro558_Kautzer186_ce1a2558-f95e-15ea-4ed6-05bf15945689.json	201	880		2026/patients/ingest-responses-load0/ingest-response-parallel-458.json
/home/glilly/work/vista-stack/HL7-FHIR-quality-testing/2026/patients/raw/synthea-1000-20260901-20260101/fhir/Isaiah615_Hegmann834_427136f5-2976-20e7-04f2-ba139d7e4e02.json	201	881		2026/patients/ingest-responses-load0/ingest-response-parallel-456.json
/home/glilly/work/vista-stack/HL7-FHIR-quality-testing/2026/patients/raw/synthea-1000-20260901-20260101/fhir/Issac619_Konopelski743_34bf920b-8019-1128-007e-567475a8bef7.json	201	882		2026/patients/ingest-responses-load0/ingest-response-parallel-461.json
/home/glilly/work/vista-stack/HL7-FHIR-quality-testing/2026/patients/raw/synthea-1000-20260901-20260101/fhir/Izola651_Daniel959_394cdbb0-6169-d777-154c-f0d50bedd7f6.json	201	883		2026/patients/ingest-responses-load0/ingest-response-parallel-463.json
/home/glilly/work/vista-stack/HL7-FHIR-quality-testing/2026/patients/raw/synthea-1000-20260901-20260101/fhir/Isreal8_Rau926_ba9a0a18-8052-5c40-d1d9-f99bec483581.json	201	884		2026/patients/ingest-responses-load0/ingest-response-parallel-460.json
/home/glilly/work/vista-stack/HL7-FHIR-quality-testing/2026/patients/raw/synthea-1000-20260901-20260101/fhir/Jacobo456_Mora209_b876e891-7956-6863-2f54-4bd18ff55b13.json	201	885		2026/patients/ingest-responses-load0/ingest-response-parallel-466.json
/home/glilly/work/vista-stack/HL7-FHIR-quality-testing/2026/patients/raw/synthea-1000-20260901-20260101/fhir/Ivan258_Ledner144_331310ed-c476-b79b-aedd-a8633271c1d4.json	201	886		2026/patients/ingest-responses-load0/ingest-response-parallel-462.json
/home/glilly/work/vista-stack/HL7-FHIR-quality-testing/2026/patients/raw/synthea-1000-20260901-20260101/fhir/Izola651_Maryrose226_Abbott774_50a0f88c-d962-371c-7ca9-0d934c188f1c.json	201	887		2026/patients/ingest-responses-load0/ingest-response-parallel-464.json
/home/glilly/work/vista-stack/HL7-FHIR-quality-testing/2026/patients/raw/synthea-1000-20260901-20260101/fhir/Jackson413_Terry864_9e7b6545-78f6-4289-4c01-9732a5faecd5.json	201	888		2026/patients/ingest-responses-load0/ingest-response-parallel-465.json
/home/glilly/work/vista-stack/HL7-FHIR-quality-testing/2026/patients/raw/synthea-1000-20260901-20260101/fhir/Jacquelyne425_Grace552_Pollich983_896217c6-c1f0-7c49-13a0-4e896c595379.json	201	889		2026/patients/ingest-responses-load0/ingest-response-parallel-467.json
/home/glilly/work/vista-stack/HL7-FHIR-quality-testing/2026/patients/raw/synthea-1000-20260901-20260101/fhir/Jamal145_Cormier289_13889b4f-a07c-0670-17f8-e83adc4ad80d.json	201	890		2026/patients/ingest-responses-load0/ingest-response-parallel-470.json
/home/glilly/work/vista-stack/HL7-FHIR-quality-testing/2026/patients/raw/synthea-1000-20260901-20260101/fhir/Jame231_Cronin387_b758411e-a90c-ef43-119e-c47ded839549.json	201	891		2026/patients/ingest-responses-load0/ingest-response-parallel-472.json
/home/glilly/work/vista-stack/HL7-FHIR-quality-testing/2026/patients/raw/synthea-1000-20260901-20260101/fhir/Jamar151_Hyatt152_a1b0b10d-0864-812a-fded-9c2488818d70.json	201	892		2026/patients/ingest-responses-load0/ingest-response-parallel-471.json
/home/glilly/work/vista-stack/HL7-FHIR-quality-testing/2026/patients/raw/synthea-1000-20260901-20260101/fhir/Jame231_Pfannerstill264_fc17d1e7-3d87-874d-753d-d3b7e6408f5a.json	201	893		2026/patients/ingest-responses-load0/ingest-response-parallel-473.json
/home/glilly/work/vista-stack/HL7-FHIR-quality-testing/2026/patients/raw/synthea-1000-20260901-20260101/fhir/Jacques50_Haag279_170623c6-cc67-7f30-0ed3-dbc24df9678e.json	201	891		2026/patients/ingest-responses-load0/ingest-response-parallel-468.json
/home/glilly/work/vista-stack/HL7-FHIR-quality-testing/2026/patients/raw/synthea-1000-20260901-20260101/fhir/Jaime666_Zayas20_a3a4a96b-81bf-c0b0-9832-e5753ec030b8.json	201	892		2026/patients/ingest-responses-load0/ingest-response-parallel-469.json
/home/glilly/work/vista-stack/HL7-FHIR-quality-testing/2026/patients/raw/synthea-1000-20260901-20260101/fhir/James276_Hansen121_9fdb6827-d791-fc71-175f-85cc812cd62b.json	201	894		2026/patients/ingest-responses-load0/ingest-response-parallel-474.json
/home/glilly/work/vista-stack/HL7-FHIR-quality-testing/2026/patients/raw/synthea-1000-20260901-20260101/fhir/Jamika47_Adams676_08573907-8e90-a733-6709-36526c68c357.json	201	894		2026/patients/ingest-responses-load0/ingest-response-parallel-477.json
/home/glilly/work/vista-stack/HL7-FHIR-quality-testing/2026/patients/raw/synthea-1000-20260901-20260101/fhir/Jamey282_Klein929_2b7a15b3-f629-efce-5aba-85f9cd573316.json	201	895		2026/patients/ingest-responses-load0/ingest-response-parallel-475.json
/home/glilly/work/vista-stack/HL7-FHIR-quality-testing/2026/patients/raw/synthea-1000-20260901-20260101/fhir/Janel230_Carrie738_Nitzsche158_72c82681-e924-2d54-494b-e7c3298e48e8.json	201	896		2026/patients/ingest-responses-load0/ingest-response-parallel-478.json
/home/glilly/work/vista-stack/HL7-FHIR-quality-testing/2026/patients/raw/synthea-1000-20260901-20260101/fhir/Janet238_Eichmann909_240a52d7-ae38-bae6-3e0d-3befc52a5421.json	201	897		2026/patients/ingest-responses-load0/ingest-response-parallel-480.json
/home/glilly/work/vista-stack/HL7-FHIR-quality-testing/2026/patients/raw/synthea-1000-20260901-20260101/fhir/Janelle257_Yost751_f22e2ac9-5cf7-6873-174d-4f9335107b31.json	201	898		2026/patients/ingest-responses-load0/ingest-response-parallel-479.json
/home/glilly/work/vista-stack/HL7-FHIR-quality-testing/2026/patients/raw/synthea-1000-20260901-20260101/fhir/Jarrett354_Langworth352_6e9ff990-8f51-d62c-90bf-61ccf15aac85.json	201	899		2026/patients/ingest-responses-load0/ingest-response-parallel-484.json
/home/glilly/work/vista-stack/HL7-FHIR-quality-testing/2026/patients/raw/synthea-1000-20260901-20260101/fhir/Jami235_Hollie21_Boehm581_de3edb06-b862-3af4-d03d-bdf69187f7ef.json	201	900		2026/patients/ingest-responses-load0/ingest-response-parallel-476.json
/home/glilly/work/vista-stack/HL7-FHIR-quality-testing/2026/patients/raw/synthea-1000-20260901-20260101/fhir/Janna498_Bergstrom287_91112a58-5af7-6732-3531-6d6af341410b.json	201	901		2026/patients/ingest-responses-load0/ingest-response-parallel-482.json
/home/glilly/work/vista-stack/HL7-FHIR-quality-testing/2026/patients/raw/synthea-1000-20260901-20260101/fhir/Janiece99_Lowe577_33be9477-fcd5-00c4-d3ec-030a31928f59.json	201	901		2026/patients/ingest-responses-load0/ingest-response-parallel-481.json
/home/glilly/work/vista-stack/HL7-FHIR-quality-testing/2026/patients/raw/synthea-1000-20260901-20260101/fhir/Jay242_Anderson154_972904ce-b0f4-52dd-5870-ed65d161b5ec.json	201	902		2026/patients/ingest-responses-load0/ingest-response-parallel-490.json
/home/glilly/work/vista-stack/HL7-FHIR-quality-testing/2026/patients/raw/synthea-1000-20260901-20260101/fhir/Javier97_Grimes165_fb2a6ff1-f0ce-6864-d40f-d5bdbd257bdf.json	201	903		2026/patients/ingest-responses-load0/ingest-response-parallel-489.json
/home/glilly/work/vista-stack/HL7-FHIR-quality-testing/2026/patients/raw/synthea-1000-20260901-20260101/fhir/Jasmin506_Vandervort697_1abb9198-723d-d2c2-f321-8bef93556704.json	201	903		2026/patients/ingest-responses-load0/ingest-response-parallel-487.json
/home/glilly/work/vista-stack/HL7-FHIR-quality-testing/2026/patients/raw/synthea-1000-20260901-20260101/fhir/Jay242_Boehm581_5275e6ee-f9a7-8d01-fb9d-9fb2318e763a.json	201	904		2026/patients/ingest-responses-load0/ingest-response-parallel-491.json
/home/glilly/work/vista-stack/HL7-FHIR-quality-testing/2026/patients/raw/synthea-1000-20260901-20260101/fhir/Jaunita130_Rutherford999_c790ce45-bf37-f459-bfd3-84231e3b9efb.json	201	905		2026/patients/ingest-responses-load0/ingest-response-parallel-488.json
/home/glilly/work/vista-stack/HL7-FHIR-quality-testing/2026/patients/raw/synthea-1000-20260901-20260101/fhir/Jarvis643_Larkin917_c4d17a2c-63a5-be91-5d07-823f69aaf459.json	201	905		2026/patients/ingest-responses-load0/ingest-response-parallel-486.json
/home/glilly/work/vista-stack/HL7-FHIR-quality-testing/2026/patients/raw/synthea-1000-20260901-20260101/fhir/Jarrod316_Bayer639_ca4746c3-edf7-245a-449f-3de863586407.json	201	905		2026/patients/ingest-responses-load0/ingest-response-parallel-485.json
/home/glilly/work/vista-stack/HL7-FHIR-quality-testing/2026/patients/raw/synthea-1000-20260901-20260101/fhir/Jannette265_Petrina721_Thompson596_175be352-c887-31be-6829-f455b913d20a.json	201	905		2026/patients/ingest-responses-load0/ingest-response-parallel-483.json
/home/glilly/work/vista-stack/HL7-FHIR-quality-testing/2026/patients/raw/synthea-1000-20260901-20260101/fhir/Jeanine128_Lang846_8f547e0b-0bc1-62ba-1df9-0d548be36a8f.json	201	906		2026/patients/ingest-responses-load0/ingest-response-parallel-496.json
/home/glilly/work/vista-stack/HL7-FHIR-quality-testing/2026/patients/raw/synthea-1000-20260901-20260101/fhir/Jed345_Erdman779_40109f22-8e98-4386-9b1b-d1e968b86a6d.json	201	907		2026/patients/ingest-responses-load0/ingest-response-parallel-499.json
/home/glilly/work/vista-stack/HL7-FHIR-quality-testing/2026/patients/raw/synthea-1000-20260901-20260101/fhir/Jeanice469_Powlowski563_8d700af1-fe2c-7dd4-5de5-494e8a14d5be.json	201	907		2026/patients/ingest-responses-load0/ingest-response-parallel-495.json
/home/glilly/work/vista-stack/HL7-FHIR-quality-testing/2026/patients/raw/synthea-1000-20260901-20260101/fhir/Jeanine128_Nickole723_Kiehn525_454e0cff-c26a-aeec-ba79-6d53ecb42eb7.json	201	908		2026/patients/ingest-responses-load0/ingest-response-parallel-497.json
/home/glilly/work/vista-stack/HL7-FHIR-quality-testing/2026/patients/raw/synthea-1000-20260901-20260101/fhir/Jed345_Abshire638_45085418-a6a8-8240-4418-04799576e236.json	201	908		2026/patients/ingest-responses-load0/ingest-response-parallel-498.json
/home/glilly/work/vista-stack/HL7-FHIR-quality-testing/2026/patients/raw/synthea-1000-20260901-20260101/fhir/Jeanette800_Durgan499_bf2edc4f-395c-caba-71bd-00a765c1de12.json	201	909		2026/patients/ingest-responses-load0/ingest-response-parallel-494.json
/home/glilly/work/vista-stack/HL7-FHIR-quality-testing/2026/patients/raw/synthea-1000-20260901-20260101/fhir/Jeff859_Hyatt152_876ffa40-6e88-8d1f-7e1b-e95384685558.json	201	910		2026/patients/ingest-responses-load0/ingest-response-parallel-500.json
/home/glilly/work/vista-stack/HL7-FHIR-quality-testing/2026/patients/raw/synthea-1000-20260901-20260101/fhir/Jeffery551_Ward668_16e0d94a-2c04-7903-76f4-008e4d44fa02.json	201	911		2026/patients/ingest-responses-load0/ingest-response-parallel-502.json
/home/glilly/work/vista-stack/HL7-FHIR-quality-testing/2026/patients/raw/synthea-1000-20260901-20260101/fhir/Jc393_Torphy630_589b1d0e-b5c3-3da7-d574-6f043eba34d0.json	201	910		2026/patients/ingest-responses-load0/ingest-response-parallel-492.json
/home/glilly/work/vista-stack/HL7-FHIR-quality-testing/2026/patients/raw/synthea-1000-20260901-20260101/fhir/Jeanett771_Hodkiewicz467_ecb59e9e-a973-5306-26e7-c5319c964a43.json	201	912		2026/patients/ingest-responses-load0/ingest-response-parallel-493.json
/home/glilly/work/vista-stack/HL7-FHIR-quality-testing/2026/patients/raw/synthea-1000-20260901-20260101/fhir/Jenna662_Turner526_0731223b-4832-eac3-89fb-898a88bfaac0.json	201	913		2026/patients/ingest-responses-load0/ingest-response-parallel-507.json
/home/glilly/work/vista-stack/HL7-FHIR-quality-testing/2026/patients/raw/synthea-1000-20260901-20260101/fhir/Jerald662_Wolf938_f8e7ad21-9b3f-4737-998a-a1b21febd62d.json	201	914		2026/patients/ingest-responses-load0/ingest-response-parallel-509.json
/home/glilly/work/vista-stack/HL7-FHIR-quality-testing/2026/patients/raw/synthea-1000-20260901-20260101/fhir/Jeramy610_Thompson596_04eac474-0388-3a1b-d2d1-08c24eaee720.json	201	915		2026/patients/ingest-responses-load0/ingest-response-parallel-510.json
/home/glilly/work/vista-stack/HL7-FHIR-quality-testing/2026/patients/raw/synthea-1000-20260901-20260101/fhir/Jeneva675_Kathey482_Mohr916_38acc437-1229-611c-301c-a9813b9b9275.json	201	916		2026/patients/ingest-responses-load0/ingest-response-parallel-506.json
/home/glilly/work/vista-stack/HL7-FHIR-quality-testing/2026/patients/raw/synthea-1000-20260901-20260101/fhir/Jefferey580_Schowalter414_9c5fcb4f-d559-c627-8eff-8a3efd4631fa.json	201	915		2026/patients/ingest-responses-load0/ingest-response-parallel-501.json
/home/glilly/work/vista-stack/HL7-FHIR-quality-testing/2026/patients/raw/synthea-1000-20260901-20260101/fhir/Jenelle653_Homenick806_bbf53f02-7d45-950b-6ba3-f6c640b71964.json	201	917		2026/patients/ingest-responses-load0/ingest-response-parallel-505.json
/home/glilly/work/vista-stack/HL7-FHIR-quality-testing/2026/patients/raw/synthea-1000-20260901-20260101/fhir/Jerold208_Mosciski958_0d006c2f-eade-b4c9-9341-3771a0525e89.json	201	918		2026/patients/ingest-responses-load0/ingest-response-parallel-514.json
/home/glilly/work/vista-stack/HL7-FHIR-quality-testing/2026/patients/raw/synthea-1000-20260901-20260101/fhir/Jeremy766_Koss676_04d2bfe4-987c-65de-0d3a-f67260c36db5.json	201	919		2026/patients/ingest-responses-load0/ingest-response-parallel-513.json
/home/glilly/work/vista-stack/HL7-FHIR-quality-testing/2026/patients/raw/synthea-1000-20260901-20260101/fhir/Jennie425_Kristyn560_Jacobs452_f82f58d0-6485-fdb9-082e-11bdeb7214fd.json	201	920		2026/patients/ingest-responses-load0/ingest-response-parallel-508.json
/home/glilly/work/vista-stack/HL7-FHIR-quality-testing/2026/patients/raw/synthea-1000-20260901-20260101/fhir/Jeromy156_Daniel959_99e20fb1-67fc-5f64-226e-14147362fe65.json	201	921		2026/patients/ingest-responses-load0/ingest-response-parallel-516.json
/home/glilly/work/vista-stack/HL7-FHIR-quality-testing/2026/patients/raw/synthea-1000-20260901-20260101/fhir/Jerrica452_Witting912_20b57d1b-4ba2-84f0-cbf2-5415dc5db85b.json	201	922		2026/patients/ingest-responses-load0/ingest-response-parallel-517.json
/home/glilly/work/vista-stack/HL7-FHIR-quality-testing/2026/patients/raw/synthea-1000-20260901-20260101/fhir/Jerome176_Schumm995_61cf0586-bbcd-2835-f2a8-06037f49c042.json	201	923		2026/patients/ingest-responses-load0/ingest-response-parallel-515.json
/home/glilly/work/vista-stack/HL7-FHIR-quality-testing/2026/patients/raw/synthea-1000-20260901-20260101/fhir/Jene106_Hartmann983_692b3b59-8cac-c7a4-5027-25d67136bf94.json	201	922		2026/patients/ingest-responses-load0/ingest-response-parallel-504.json
/home/glilly/work/vista-stack/HL7-FHIR-quality-testing/2026/patients/raw/synthea-1000-20260901-20260101/fhir/Jeremy766_Bogan287_475a91fa-4352-7248-8c66-39658c8c13d3.json	201	922		2026/patients/ingest-responses-load0/ingest-response-parallel-512.json
/home/glilly/work/vista-stack/HL7-FHIR-quality-testing/2026/patients/raw/synthea-1000-20260901-20260101/fhir/Jerrod232_Schulist381_ab90c25e-32c5-d497-4513-15bcdecb0de0.json	201	924		2026/patients/ingest-responses-load0/ingest-response-parallel-518.json
/home/glilly/work/vista-stack/HL7-FHIR-quality-testing/2026/patients/raw/synthea-1000-20260901-20260101/fhir/Jerry654_Gulgowski816_bc3f410d-dcfa-ae51-2039-9155fe46f7f7.json	201	925		2026/patients/ingest-responses-load0/ingest-response-parallel-520.json
/home/glilly/work/vista-stack/HL7-FHIR-quality-testing/2026/patients/raw/synthea-1000-20260901-20260101/fhir/Jerrold404_Casper496_9f3aee07-846c-ba86-6227-bf55bf66e35b.json	201	926		2026/patients/ingest-responses-load0/ingest-response-parallel-519.json
/home/glilly/work/vista-stack/HL7-FHIR-quality-testing/2026/patients/raw/synthea-1000-20260901-20260101/fhir/Jess275_Simonis280_e984c464-5326-c2c4-eb3a-d9e2c2e8e855.json	201	927		2026/patients/ingest-responses-load0/ingest-response-parallel-523.json
/home/glilly/work/vista-stack/HL7-FHIR-quality-testing/2026/patients/raw/synthea-1000-20260901-20260101/fhir/Jerónimo599_Samaniego616_e2eaf8bb-7e84-ca00-850f-b33ceb8e71c3.json	201	927		2026/patients/ingest-responses-load0/ingest-response-parallel-521.json
/home/glilly/work/vista-stack/HL7-FHIR-quality-testing/2026/patients/raw/synthea-1000-20260901-20260101/fhir/Jess275_Schoen8_379357d0-091c-37cc-7231-7cc1c5d69c85.json	201	927		2026/patients/ingest-responses-load0/ingest-response-parallel-522.json
/home/glilly/work/vista-stack/HL7-FHIR-quality-testing/2026/patients/raw/synthea-1000-20260901-20260101/fhir/Jesse626_Hand679_11c0dc6c-e340-7e86-5ff4-836de8796f93.json	201	928		2026/patients/ingest-responses-load0/ingest-response-parallel-524.json
/home/glilly/work/vista-stack/HL7-FHIR-quality-testing/2026/patients/raw/synthea-1000-20260901-20260101/fhir/Jesus702_Reichel38_5b9f42d6-633a-25a2-56e4-3e7ab4897c5e.json	201	929		2026/patients/ingest-responses-load0/ingest-response-parallel-526.json
/home/glilly/work/vista-stack/HL7-FHIR-quality-testing/2026/patients/raw/synthea-1000-20260901-20260101/fhir/Jestine4_Matilda472_Flatley871_dcbac584-7c45-df67-d0fc-7e6f4c5fd4ce.json	201	929		2026/patients/ingest-responses-load0/ingest-response-parallel-525.json
/home/glilly/work/vista-stack/HL7-FHIR-quality-testing/2026/patients/raw/synthea-1000-20260901-20260101/fhir/Jewell855_Welch179_ea3ae29c-f7ab-7262-c889-9a0205da442a.json	201	930		2026/patients/ingest-responses-load0/ingest-response-parallel-528.json
/home/glilly/work/vista-stack/HL7-FHIR-quality-testing/2026/patients/raw/synthea-1000-20260901-20260101/fhir/Jeremy766_Arthur650_Wyman904_1074c2c2-7867-1c61-dad8-b170ecf97877.json	201	929		2026/patients/ingest-responses-load0/ingest-response-parallel-511.json
/home/glilly/work/vista-stack/HL7-FHIR-quality-testing/2026/patients/raw/synthea-1000-20260901-20260101/fhir/Jena102_Kum811_Kerluke267_1919f5fd-c93d-b6fd-a161-3940a3cf49e8.json	201	929		2026/patients/ingest-responses-load0/ingest-response-parallel-503.json
/home/glilly/work/vista-stack/HL7-FHIR-quality-testing/2026/patients/raw/synthea-1000-20260901-20260101/fhir/Jimmie93_Bayer639_f61ec42b-0a92-eadf-185d-5e8d9b3e5743.json	201	931		2026/patients/ingest-responses-load0/ingest-response-parallel-529.json
/home/glilly/work/vista-stack/HL7-FHIR-quality-testing/2026/patients/raw/synthea-1000-20260901-20260101/fhir/Jodee687_Kohler843_48ed5597-0cec-d33c-be9b-e177e29b48f6.json	201	932		2026/patients/ingest-responses-load0/ingest-response-parallel-534.json
/home/glilly/work/vista-stack/HL7-FHIR-quality-testing/2026/patients/raw/synthea-1000-20260901-20260101/fhir/Jin479_Hermina428_Cummings51_04c307f7-1bdb-6237-dc42-576e547508bc.json	201	933		2026/patients/ingest-responses-load0/ingest-response-parallel-531.json
/home/glilly/work/vista-stack/HL7-FHIR-quality-testing/2026/patients/raw/synthea-1000-20260901-20260101/fhir/Joe656_Funk324_7376091c-52a9-289c-ef8f-5a65ed12181b.json	201	934		2026/patients/ingest-responses-load0/ingest-response-parallel-535.json
/home/glilly/work/vista-stack/HL7-FHIR-quality-testing/2026/patients/raw/synthea-1000-20260901-20260101/fhir/Jesús825_Nájera755_1fd48f72-da66-e355-b6c2-1f0ed3bcf0cb.json	201	933		2026/patients/ingest-responses-load0/ingest-response-parallel-527.json
/home/glilly/work/vista-stack/HL7-FHIR-quality-testing/2026/patients/raw/synthea-1000-20260901-20260101/fhir/Joan322_Botsford977_fab92a26-0dd6-8084-91e8-1966738fe6a5.json	201	935		2026/patients/ingest-responses-load0/ingest-response-parallel-532.json
/home/glilly/work/vista-stack/HL7-FHIR-quality-testing/2026/patients/raw/synthea-1000-20260901-20260101/fhir/Joaquin141_Sipes176_9d32cef2-dbaf-0bc2-5f98-9d1d16dd0349.json	201	935		2026/patients/ingest-responses-load0/ingest-response-parallel-533.json
/home/glilly/work/vista-stack/HL7-FHIR-quality-testing/2026/patients/raw/synthea-1000-20260901-20260101/fhir/Joe656_Sporer811_f18469db-611a-5538-81ae-b8a69e688c68.json	201	936		2026/patients/ingest-responses-load0/ingest-response-parallel-536.json
/home/glilly/work/vista-stack/HL7-FHIR-quality-testing/2026/patients/raw/synthea-1000-20260901-20260101/fhir/Johnathon489_D'Amore443_9db6f83e-a825-b409-9ccb-2f62a7b4bf3c.json	201	937		2026/patients/ingest-responses-load0/ingest-response-parallel-537.json
/home/glilly/work/vista-stack/HL7-FHIR-quality-testing/2026/patients/raw/synthea-1000-20260901-20260101/fhir/Johnette525_Refugio197_Mayert710_50060bb2-24cb-ea97-09a0-c1a223ffac97.json	201	938		2026/patients/ingest-responses-load0/ingest-response-parallel-539.json
/home/glilly/work/vista-stack/HL7-FHIR-quality-testing/2026/patients/raw/synthea-1000-20260901-20260101/fhir/Jimmy858_Hortense60_Borer986_b9377e29-6d03-a9af-7125-cc868f944dee.json	201	938		2026/patients/ingest-responses-load0/ingest-response-parallel-530.json
/home/glilly/work/vista-stack/HL7-FHIR-quality-testing/2026/patients/raw/synthea-1000-20260901-20260101/fhir/Jonna572_Mafalda94_Koch169_354fa541-8750-4b64-b626-cbe43969d58f.json	201	939		2026/patients/ingest-responses-load0/ingest-response-parallel-545.json
/home/glilly/work/vista-stack/HL7-FHIR-quality-testing/2026/patients/raw/synthea-1000-20260901-20260101/fhir/Jonelle857_Koepp521_5b30b4c2-3ef2-7b14-6f5c-0ae0550b3a29.json	201	940		2026/patients/ingest-responses-load0/ingest-response-parallel-544.json
/home/glilly/work/vista-stack/HL7-FHIR-quality-testing/2026/patients/raw/synthea-1000-20260901-20260101/fhir/Jonna572_Marva153_Weissnat378_63df593b-b365-bb5e-ce6c-334b6b45a80f.json	201	941		2026/patients/ingest-responses-load0/ingest-response-parallel-546.json
/home/glilly/work/vista-stack/HL7-FHIR-quality-testing/2026/patients/raw/synthea-1000-20260901-20260101/fhir/Jonelle857_Champlin946_3bff7b29-25a4-e326-b899-32dc3a33b760.json	201	942		2026/patients/ingest-responses-load0/ingest-response-parallel-543.json
/home/glilly/work/vista-stack/HL7-FHIR-quality-testing/2026/patients/raw/synthea-1000-20260901-20260101/fhir/Jorge203_Haley279_414006e5-2889-b0d4-b7e9-09a2e8f07a36.json	201	942		2026/patients/ingest-responses-load0/ingest-response-parallel-547.json
/home/glilly/work/vista-stack/HL7-FHIR-quality-testing/2026/patients/raw/synthea-1000-20260901-20260101/fhir/Joseph689_Reichel38_11b06fc9-66cb-e427-ec8b-50db00bf2b66.json	201	943		2026/patients/ingest-responses-load0/ingest-response-parallel-550.json
/home/glilly/work/vista-stack/HL7-FHIR-quality-testing/2026/patients/raw/synthea-1000-20260901-20260101/fhir/Joseph689_Jakubowski832_5351cff3-a826-2334-0a95-01e02e43aa82.json	201	944		2026/patients/ingest-responses-load0/ingest-response-parallel-549.json
/home/glilly/work/vista-stack/HL7-FHIR-quality-testing/2026/patients/raw/synthea-1000-20260901-20260101/fhir/Jorge203_West559_6899c5b2-d9af-a1c7-1df2-efe5f6bb752d.json	201	944		2026/patients/ingest-responses-load0/ingest-response-parallel-548.json
/home/glilly/work/vista-stack/HL7-FHIR-quality-testing/2026/patients/raw/synthea-1000-20260901-20260101/fhir/Jonell764_Amalia471_Lockman863_be9f3ccd-6355-cb6c-8186-0bf519585f1d.json	201	944		2026/patients/ingest-responses-load0/ingest-response-parallel-542.json
/home/glilly/work/vista-stack/HL7-FHIR-quality-testing/2026/patients/raw/synthea-1000-20260901-20260101/fhir/Josh874_Miller503_e2ae3b8e-9e49-2407-e257-a288985f4ec3.json	201	945		2026/patients/ingest-responses-load0/ingest-response-parallel-551.json
/home/glilly/work/vista-stack/HL7-FHIR-quality-testing/2026/patients/raw/synthea-1000-20260901-20260101/fhir/Joshua658_Bartoletti50_9d0c03c1-e01a-5b99-c67d-072a54befed3.json	201	946		2026/patients/ingest-responses-load0/ingest-response-parallel-553.json
/home/glilly/work/vista-stack/HL7-FHIR-quality-testing/2026/patients/raw/synthea-1000-20260901-20260101/fhir/José_María211_Farías160_7923509f-b219-6d94-d6e3-f6b3e3f6fd14.json	201	947		2026/patients/ingest-responses-load0/ingest-response-parallel-554.json
/home/glilly/work/vista-stack/HL7-FHIR-quality-testing/2026/patients/raw/synthea-1000-20260901-20260101/fhir/Josh874_O'Keefe54_dda4fe39-bc0e-19e9-b2e1-bed170b3abd0.json	201	948		2026/patients/ingest-responses-load0/ingest-response-parallel-552.json
/home/glilly/work/vista-stack/HL7-FHIR-quality-testing/2026/patients/raw/synthea-1000-20260901-20260101/fhir/Juan_Carlos348_Oquendo599_6ae2592e-0896-b1b1-25e9-15a5388256d0.json	201	949		2026/patients/ingest-responses-load0/ingest-response-parallel-557.json
/home/glilly/work/vista-stack/HL7-FHIR-quality-testing/2026/patients/raw/synthea-1000-20260901-20260101/fhir/Joycelyn213_Lakeshia836_Zulauf375_707b6f53-36ec-93ce-d22b-9a3d351bb535.json	201	950		2026/patients/ingest-responses-load0/ingest-response-parallel-555.json
/home/glilly/work/vista-stack/HL7-FHIR-quality-testing/2026/patients/raw/synthea-1000-20260901-20260101/fhir/Julian715_Quigley282_105a813c-55ff-7d0e-825f-f0cb636ebc8b.json	201	951		2026/patients/ingest-responses-load0/ingest-response-parallel-558.json
/home/glilly/work/vista-stack/HL7-FHIR-quality-testing/2026/patients/raw/synthea-1000-20260901-20260101/fhir/Johnathon489_Wilkinson796_3662d3d1-bed7-a16f-46c9-38fc6a5e175d.json	201	949		2026/patients/ingest-responses-load0/ingest-response-parallel-538.json
/home/glilly/work/vista-stack/HL7-FHIR-quality-testing/2026/patients/raw/synthea-1000-20260901-20260101/fhir/Juan88_Herzog843_20c88946-de86-210e-cda0-f2c52946a5fb.json	201	952		2026/patients/ingest-responses-load0/ingest-response-parallel-556.json
/home/glilly/work/vista-stack/HL7-FHIR-quality-testing/2026/patients/raw/synthea-1000-20260901-20260101/fhir/Kacey193_Prosacco716_b6775bfd-d0a8-445e-763c-00d6ef74abf7.json	201	953		2026/patients/ingest-responses-load0/ingest-response-parallel-563.json
/home/glilly/work/vista-stack/HL7-FHIR-quality-testing/2026/patients/raw/synthea-1000-20260901-20260101/fhir/Juliet585_Enriqueta274_Monahan736_15dd2fc3-95b8-ae53-d017-a65e14fdcd47.json	201	954		2026/patients/ingest-responses-load0/ingest-response-parallel-561.json
/home/glilly/work/vista-stack/HL7-FHIR-quality-testing/2026/patients/raw/synthea-1000-20260901-20260101/fhir/Julieann172_Goyette777_811cf6f3-bf0d-2724-777c-7bdcfea5f31c.json	201	955		2026/patients/ingest-responses-load0/ingest-response-parallel-560.json
/home/glilly/work/vista-stack/HL7-FHIR-quality-testing/2026/patients/raw/synthea-1000-20260901-20260101/fhir/Juliann385_Mariella503_Koelpin146_632822a7-2c78-7f31-a82b-4d05dd36610e.json	201	956		2026/patients/ingest-responses-load0/ingest-response-parallel-559.json
/home/glilly/work/vista-stack/HL7-FHIR-quality-testing/2026/patients/raw/synthea-1000-20260901-20260101/fhir/Kaitlin600_Schowalter414_419ae4d9-5b04-52f4-3e0f-e3dc007737a1.json	201	957		2026/patients/ingest-responses-load0/ingest-response-parallel-564.json
/home/glilly/work/vista-stack/HL7-FHIR-quality-testing/2026/patients/raw/synthea-1000-20260901-20260101/fhir/Kaitlyn96_Hegmann834_2c6bfa23-d816-1243-6635-0230521a4060.json	201	958		2026/patients/ingest-responses-load0/ingest-response-parallel-565.json
/home/glilly/work/vista-stack/HL7-FHIR-quality-testing/2026/patients/raw/synthea-1000-20260901-20260101/fhir/Kaley842_Autumn454_Boyle917_2837a644-204b-f79a-8a3f-24d79856fc7d.json	201	959		2026/patients/ingest-responses-load0/ingest-response-parallel-566.json
/home/glilly/work/vista-stack/HL7-FHIR-quality-testing/2026/patients/raw/synthea-1000-20260901-20260101/fhir/Kandace783_Elke785_Bednar518_11e3b29b-41f8-171c-684d-19db71ae89c8.json	201	960		2026/patients/ingest-responses-load0/ingest-response-parallel-567.json
/home/glilly/work/vista-stack/HL7-FHIR-quality-testing/2026/patients/raw/synthea-1000-20260901-20260101/fhir/Juliette736_Romaguera67_2f6cf8b4-b26c-2a6c-60e9-c135e956cc82.json	201	959		2026/patients/ingest-responses-load0/ingest-response-parallel-562.json
/home/glilly/work/vista-stack/HL7-FHIR-quality-testing/2026/patients/raw/synthea-1000-20260901-20260101/fhir/Kari181_Ledner144_6fb49b60-f333-80b8-378c-b5c0269bebca.json	201	961		2026/patients/ingest-responses-load0/ingest-response-parallel-572.json
/home/glilly/work/vista-stack/HL7-FHIR-quality-testing/2026/patients/raw/synthea-1000-20260901-20260101/fhir/Kandis954_Gutmann970_071a59b8-be6b-cfa4-b2b1-939ba6adf1ad.json	201	961		2026/patients/ingest-responses-load0/ingest-response-parallel-568.json
/home/glilly/work/vista-stack/HL7-FHIR-quality-testing/2026/patients/raw/synthea-1000-20260901-20260101/fhir/Karen597_Caitlyn56_Legros616_6fce30d4-4675-7de1-75e3-2ee0e9db344b.json	201	962		2026/patients/ingest-responses-load0/ingest-response-parallel-570.json
/home/glilly/work/vista-stack/HL7-FHIR-quality-testing/2026/patients/raw/synthea-1000-20260901-20260101/fhir/Kareen958_Shiela18_Labadie908_a6820d95-4ff9-3a64-0fc6-eedb5ec32bd1.json	201	962		2026/patients/ingest-responses-load0/ingest-response-parallel-569.json
/home/glilly/work/vista-stack/HL7-FHIR-quality-testing/2026/patients/raw/synthea-1000-20260901-20260101/fhir/Kari181_Apolonia139_Wunsch504_92949b9e-7872-3cd0-4c98-87b707c0b15c.json	201	963		2026/patients/ingest-responses-load0/ingest-response-parallel-571.json
/home/glilly/work/vista-stack/HL7-FHIR-quality-testing/2026/patients/raw/synthea-1000-20260901-20260101/fhir/Karima879_Cassy835_Satterfield305_df0dd6a1-86d1-dc9f-086c-f8cdb1b8026f.json	201	964		2026/patients/ingest-responses-load0/ingest-response-parallel-573.json
/home/glilly/work/vista-stack/HL7-FHIR-quality-testing/2026/patients/raw/synthea-1000-20260901-20260101/fhir/Karl184_Hackett68_029e43cd-2cd8-3ec1-d08d-cfb372d5dbac.json	201	965		2026/patients/ingest-responses-load0/ingest-response-parallel-576.json
/home/glilly/work/vista-stack/HL7-FHIR-quality-testing/2026/patients/raw/synthea-1000-20260901-20260101/fhir/Karmen270_Nader710_8a16d19e-9c4d-08dd-45cc-51d1bc8d9350.json	201	966		2026/patients/ingest-responses-load0/ingest-response-parallel-577.json
/home/glilly/work/vista-stack/HL7-FHIR-quality-testing/2026/patients/raw/synthea-1000-20260901-20260101/fhir/Kathleen516_Kuvalis369_1c6f5ce2-e82c-b291-eccb-fda8ebc700df.json	201	967		2026/patients/ingest-responses-load0/ingest-response-parallel-581.json
/home/glilly/work/vista-stack/HL7-FHIR-quality-testing/2026/patients/raw/synthea-1000-20260901-20260101/fhir/Kathern391_Murazik203_afe809f9-5865-0da0-a50c-63763b21c6b7.json	201	968		2026/patients/ingest-responses-load0/ingest-response-parallel-579.json
/home/glilly/work/vista-stack/HL7-FHIR-quality-testing/2026/patients/raw/synthea-1000-20260901-20260101/fhir/Karisa693_Audrie782_Wilkinson796_074ef6d1-d3d1-5f57-3d70-2f634d856de2.json	201	969		2026/patients/ingest-responses-load0/ingest-response-parallel-575.json
/home/glilly/work/vista-stack/HL7-FHIR-quality-testing/2026/patients/raw/synthea-1000-20260901-20260101/fhir/Kasandra729_Reynolds644_f016d9fd-51ce-d7b8-3ce4-91ef76dc3683.json	201	970		2026/patients/ingest-responses-load0/ingest-response-parallel-578.json
/home/glilly/work/vista-stack/HL7-FHIR-quality-testing/2026/patients/raw/synthea-1000-20260901-20260101/fhir/Karina848_Fe271_Satterfield305_976cd629-9620-97a4-20ee-084d6b88716f.json	201	971		2026/patients/ingest-responses-load0/ingest-response-parallel-574.json
/home/glilly/work/vista-stack/HL7-FHIR-quality-testing/2026/patients/raw/synthea-1000-20260901-20260101/fhir/Kathie378_Austin578_Zboncak558_d78ac7b3-f631-ea22-eac8-3fa39210ef7a.json	201	971		2026/patients/ingest-responses-load0/ingest-response-parallel-580.json
/home/glilly/work/vista-stack/HL7-FHIR-quality-testing/2026/patients/raw/synthea-1000-20260901-20260101/fhir/Kathyrn611_Jona712_Abshire638_7d6932fc-fc3c-283c-1013-0510eff3b534.json	201	972		2026/patients/ingest-responses-load0/ingest-response-parallel-582.json
/home/glilly/work/vista-stack/HL7-FHIR-quality-testing/2026/patients/raw/synthea-1000-20260901-20260101/fhir/Keith571_Kuphal363_92dc8db2-5366-8853-f59d-d3bb921fc884.json	201	973		2026/patients/ingest-responses-load0/ingest-response-parallel-585.json
/home/glilly/work/vista-stack/HL7-FHIR-quality-testing/2026/patients/raw/synthea-1000-20260901-20260101/fhir/Keenan632_Davis923_441613dd-3391-ccbc-727c-9bd6b765c759.json	201	973		2026/patients/ingest-responses-load0/ingest-response-parallel-584.json
/home/glilly/work/vista-stack/HL7-FHIR-quality-testing/2026/patients/raw/synthea-1000-20260901-20260101/fhir/Kelley882_Hermiston71_4e044335-fda6-eb56-cd76-522b8bbe42b7.json	201	974		2026/patients/ingest-responses-load0/ingest-response-parallel-588.json
/home/glilly/work/vista-stack/HL7-FHIR-quality-testing/2026/patients/raw/synthea-1000-20260901-20260101/fhir/Katrice671_Parisian75_91d3156a-cc5c-4e65-167f-6950168827f9.json	201	974		2026/patients/ingest-responses-load0/ingest-response-parallel-583.json
/home/glilly/work/vista-stack/HL7-FHIR-quality-testing/2026/patients/raw/synthea-1000-20260901-20260101/fhir/Kenneth671_Mohr916_890afccb-2984-7b55-15f3-2c86a8d888e6.json	201	975		2026/patients/ingest-responses-load0/ingest-response-parallel-592.json
/home/glilly/work/vista-stack/HL7-FHIR-quality-testing/2026/patients/raw/synthea-1000-20260901-20260101/fhir/Kendal125_Chiquita638_Fay398_6bcba403-6b4d-8bba-776e-b207a706860f.json	201	975		2026/patients/ingest-responses-load0/ingest-response-parallel-591.json
/home/glilly/work/vista-stack/HL7-FHIR-quality-testing/2026/patients/raw/synthea-1000-20260901-20260101/fhir/Kena893_Alane21_Beier427_c859011b-4355-c824-6752-50b343f047e7.json	201	976		2026/patients/ingest-responses-load0/ingest-response-parallel-590.json
/home/glilly/work/vista-stack/HL7-FHIR-quality-testing/2026/patients/raw/synthea-1000-20260901-20260101/fhir/Kennith515_Klocko335_b31dc2ec-23c6-d079-2d04-3428c68b7f47.json	201	977		2026/patients/ingest-responses-load0/ingest-response-parallel-593.json
/home/glilly/work/vista-stack/HL7-FHIR-quality-testing/2026/patients/raw/synthea-1000-20260901-20260101/fhir/Kent912_Mosciski958_bae5d5e3-c94a-156d-50a6-37527ebede47.json	201	978		2026/patients/ingest-responses-load0/ingest-response-parallel-596.json
/home/glilly/work/vista-stack/HL7-FHIR-quality-testing/2026/patients/raw/synthea-1000-20260901-20260101/fhir/Kelly223_Dia700_Pfeffer420_071bb9c0-a8d4-a843-be7d-152b231c143f.json	201	979		2026/patients/ingest-responses-load0/ingest-response-parallel-589.json
/home/glilly/work/vista-stack/HL7-FHIR-quality-testing/2026/patients/raw/synthea-1000-20260901-20260101/fhir/Kennith515_Larson43_94cd73f5-7b03-75b6-e360-dc40bde634c8.json	201	980		2026/patients/ingest-responses-load0/ingest-response-parallel-594.json
/home/glilly/work/vista-stack/HL7-FHIR-quality-testing/2026/patients/raw/synthea-1000-20260901-20260101/fhir/Kent912_Gusikowski974_b0f4d113-0b84-55e1-6d69-cc3413115b6e.json	201	981		2026/patients/ingest-responses-load0/ingest-response-parallel-595.json
/home/glilly/work/vista-stack/HL7-FHIR-quality-testing/2026/patients/raw/synthea-1000-20260901-20260101/fhir/Keven605_Vandervort697_6836a3cd-7a63-eb2e-9e93-d9db1df0d2b2.json	201	982		2026/patients/ingest-responses-load0/ingest-response-parallel-599.json
/home/glilly/work/vista-stack/HL7-FHIR-quality-testing/2026/patients/raw/synthea-1000-20260901-20260101/fhir/Keven605_Block661_f79e8195-b11d-3822-8bb0-e3f991176516.json	201	983		2026/patients/ingest-responses-load0/ingest-response-parallel-598.json
/home/glilly/work/vista-stack/HL7-FHIR-quality-testing/2026/patients/raw/synthea-1000-20260901-20260101/fhir/Kevin729_Wisoky380_0baeb4a2-8334-7bbe-e3e8-1c9716952ebc.json	201	984		2026/patients/ingest-responses-load0/ingest-response-parallel-600.json
/home/glilly/work/vista-stack/HL7-FHIR-quality-testing/2026/patients/raw/synthea-1000-20260901-20260101/fhir/Kim439_Braun514_5f0f2a37-a7e8-9881-0b1f-6b39c35bbe7e.json	201	985		2026/patients/ingest-responses-load0/ingest-response-parallel-603.json
/home/glilly/work/vista-stack/HL7-FHIR-quality-testing/2026/patients/raw/synthea-1000-20260901-20260101/fhir/Keva141_Feeney44_89da73f0-8241-307b-551f-880f4a5729ea.json	201	986		2026/patients/ingest-responses-load0/ingest-response-parallel-597.json
/home/glilly/work/vista-stack/HL7-FHIR-quality-testing/2026/patients/raw/synthea-1000-20260901-20260101/fhir/Kiana854_Babette571_Prohaska837_fb196046-3776-c241-8aa9-10b9980e0767.json	201	987		2026/patients/ingest-responses-load0/ingest-response-parallel-601.json
/home/glilly/work/vista-stack/HL7-FHIR-quality-testing/2026/patients/raw/synthea-1000-20260901-20260101/fhir/Kina737_Jaunita130_Heathcote539_3c050c85-efb9-0f67-e4c9-ede5f34bf2dc.json	201	988		2026/patients/ingest-responses-load0/ingest-response-parallel-607.json
/home/glilly/work/vista-stack/HL7-FHIR-quality-testing/2026/patients/raw/synthea-1000-20260901-20260101/fhir/Kimberly627_Adams676_79cdc240-9f29-faee-d929-9299f5b02c6f.json	201	988		2026/patients/ingest-responses-load0/ingest-response-parallel-605.json
/home/glilly/work/vista-stack/HL7-FHIR-quality-testing/2026/patients/raw/synthea-1000-20260901-20260101/fhir/Kim439_Roberts511_5a043436-5671-a0eb-c48d-30060b29369a.json	201	989		2026/patients/ingest-responses-load0/ingest-response-parallel-604.json
/home/glilly/work/vista-stack/HL7-FHIR-quality-testing/2026/patients/raw/synthea-1000-20260901-20260101/fhir/Kieth891_Barrows492_3c3723d4-8f60-69cf-78de-ca24b10535ed.json	201	990		2026/patients/ingest-responses-load0/ingest-response-parallel-602.json
/home/glilly/work/vista-stack/HL7-FHIR-quality-testing/2026/patients/raw/synthea-1000-20260901-20260101/fhir/Kirby843_Carter549_e39d7d69-b57d-df24-d391-a9f043be9f32.json	201	991		2026/patients/ingest-responses-load0/ingest-response-parallel-608.json
/home/glilly/work/vista-stack/HL7-FHIR-quality-testing/2026/patients/raw/synthea-1000-20260901-20260101/fhir/Keith571_Schuster709_d58d02c3-7d18-ba7f-9463-6f39f09b8a67.json	201	988		2026/patients/ingest-responses-load0/ingest-response-parallel-586.json
/home/glilly/work/vista-stack/HL7-FHIR-quality-testing/2026/patients/raw/synthea-1000-20260901-20260101/fhir/Kimbra238_Crona259_2db16b71-80d5-534a-63c9-e53f61a89ea6.json	201	992		2026/patients/ingest-responses-load0/ingest-response-parallel-606.json
/home/glilly/work/vista-stack/HL7-FHIR-quality-testing/2026/patients/raw/synthea-1000-20260901-20260101/fhir/Krishna674_Phung894_Hahn503_d6742982-ac21-6ad2-0f77-30555428175d.json	201	993		2026/patients/ingest-responses-load0/ingest-response-parallel-611.json
/home/glilly/work/vista-stack/HL7-FHIR-quality-testing/2026/patients/raw/synthea-1000-20260901-20260101/fhir/Kirby843_Sherrie396_Durgan499_7462a7ee-292f-cde2-0945-243818a558ea.json	201	994		2026/patients/ingest-responses-load0/ingest-response-parallel-609.json
/home/glilly/work/vista-stack/HL7-FHIR-quality-testing/2026/patients/raw/synthea-1000-20260901-20260101/fhir/Kyung736_Shields502_2cde2fab-9311-a703-2bbc-a3b3a7489c95.json	201	995		2026/patients/ingest-responses-load0/ingest-response-parallel-615.json
/home/glilly/work/vista-stack/HL7-FHIR-quality-testing/2026/patients/raw/synthea-1000-20260901-20260101/fhir/Kristy290_Sipes176_4306863e-dc7d-fa52-6552-d1412380e464.json	201	996		2026/patients/ingest-responses-load0/ingest-response-parallel-613.json
/home/glilly/work/vista-stack/HL7-FHIR-quality-testing/2026/patients/raw/synthea-1000-20260901-20260101/fhir/Kristina583_Magdalena964_Pfeffer420_28356665-ebca-58cf-5194-64afaf4e54a0.json	201	997		2026/patients/ingest-responses-load0/ingest-response-parallel-612.json
/home/glilly/work/vista-stack/HL7-FHIR-quality-testing/2026/patients/raw/synthea-1000-20260901-20260101/fhir/Lahoma872_Farrell962_18b63863-962b-aca8-fd53-638a0c84d7e0.json	201	998		2026/patients/ingest-responses-load0/ingest-response-parallel-617.json
/home/glilly/work/vista-stack/HL7-FHIR-quality-testing/2026/patients/raw/synthea-1000-20260901-20260101/fhir/Lacy523_Hammes673_ea4e51d2-c96c-a004-2820-f3759e85a19d.json	201	998		2026/patients/ingest-responses-load0/ingest-response-parallel-616.json
/home/glilly/work/vista-stack/HL7-FHIR-quality-testing/2026/patients/raw/synthea-1000-20260901-20260101/fhir/Krystina167_Batz141_9f498c98-53e0-a057-9be1-b805c0f58efb.json	201	999		2026/patients/ingest-responses-load0/ingest-response-parallel-614.json
/home/glilly/work/vista-stack/HL7-FHIR-quality-testing/2026/patients/raw/synthea-1000-20260901-20260101/fhir/Lanette41_Hoppe518_9257082e-9ba6-a519-5f15-2e2663144547.json	201	1000		2026/patients/ingest-responses-load0/ingest-response-parallel-622.json
/home/glilly/work/vista-stack/HL7-FHIR-quality-testing/2026/patients/raw/synthea-1000-20260901-20260101/fhir/Lakiesha286_Hilpert278_e4e90f4f-bc1b-1d0f-1ffa-5a25d96a6509.json	201	1001		2026/patients/ingest-responses-load0/ingest-response-parallel-619.json
/home/glilly/work/vista-stack/HL7-FHIR-quality-testing/2026/patients/raw/synthea-1000-20260901-20260101/fhir/Lane844_Jerrie417_Stehr398_3d069458-3b4c-043b-6f7f-8a3b44778864.json	201	1001		2026/patients/ingest-responses-load0/ingest-response-parallel-621.json
/home/glilly/work/vista-stack/HL7-FHIR-quality-testing/2026/patients/raw/synthea-1000-20260901-20260101/fhir/Lashawna733_Jacobson885_34384c24-fd5c-094b-652c-74f94853c15f.json	201	1002		2026/patients/ingest-responses-load0/ingest-response-parallel-625.json
/home/glilly/work/vista-stack/HL7-FHIR-quality-testing/2026/patients/raw/synthea-1000-20260901-20260101/fhir/Larita511_Dooley940_8863845e-f233-2e61-add7-2c9816bf55e1.json	201	1004		2026/patients/ingest-responses-load0/ingest-response-parallel-624.json
/home/glilly/work/vista-stack/HL7-FHIR-quality-testing/2026/patients/raw/synthea-1000-20260901-20260101/fhir/Lanita675_Ray930_Satterfield305_509818f2-ade3-5059-73bc-d17660a48f4e.json	201	1003		2026/patients/ingest-responses-load0/ingest-response-parallel-623.json
/home/glilly/work/vista-stack/HL7-FHIR-quality-testing/2026/patients/raw/synthea-1000-20260901-20260101/fhir/Latashia561_Alvina833_Cormier289_8798b4e1-3501-4f04-d4f9-3e598a59d2fd.json	201	1005		2026/patients/ingest-responses-load0/ingest-response-parallel-627.json
/home/glilly/work/vista-stack/HL7-FHIR-quality-testing/2026/patients/raw/synthea-1000-20260901-20260101/fhir/Launa267_Araceli695_Roberts511_fb2f430d-30c1-8580-c4b6-72a4fc3fb59b.json	201	1006		2026/patients/ingest-responses-load0/ingest-response-parallel-628.json
/home/glilly/work/vista-stack/HL7-FHIR-quality-testing/2026/patients/raw/synthea-1000-20260901-20260101/fhir/Lakiesha286_Ignacia942_Durgan499_6a904c08-2f08-1144-8a1d-a19a5627e87f.json	201	1005		2026/patients/ingest-responses-load0/ingest-response-parallel-620.json
/home/glilly/work/vista-stack/HL7-FHIR-quality-testing/2026/patients/raw/synthea-1000-20260901-20260101/fhir/Lashawnda573_Jennifer579_Hauck852_b9922741-5224-6bb0-47cb-d319bde4cfe1.json	201	1006		2026/patients/ingest-responses-load0/ingest-response-parallel-626.json
/home/glilly/work/vista-stack/HL7-FHIR-quality-testing/2026/patients/raw/synthea-1000-20260901-20260101/fhir/Laurel943_Marylee823_Lesch175_0b879479-3d66-a073-a9d5-8ba6677556e2.json	201	1007		2026/patients/ingest-responses-load0/ingest-response-parallel-631.json
/home/glilly/work/vista-stack/HL7-FHIR-quality-testing/2026/patients/raw/synthea-1000-20260901-20260101/fhir/Laure395_Ondricka197_7cc9b147-e958-21a5-06d8-f63c90de898f.json	201	1008		2026/patients/ingest-responses-load0/ingest-response-parallel-629.json
/home/glilly/work/vista-stack/HL7-FHIR-quality-testing/2026/patients/raw/synthea-1000-20260901-20260101/fhir/Lauren941_Gutmann970_c3a783e9-7fd2-6092-2efe-9b6675b68451.json	201	1009		2026/patients/ingest-responses-load0/ingest-response-parallel-632.json
/home/glilly/work/vista-stack/HL7-FHIR-quality-testing/2026/patients/raw/synthea-1000-20260901-20260101/fhir/Lavern240_Sporer811_569bf9bc-9dcd-2e27-407b-bb42821cd646.json	201	1010		2026/patients/ingest-responses-load0/ingest-response-parallel-635.json
/home/glilly/work/vista-stack/HL7-FHIR-quality-testing/2026/patients/raw/synthea-1000-20260901-20260101/fhir/Lavonne167_Schoen8_2142c36c-6afc-d3d7-adc8-5b90f4fc9d54.json	201	1011		2026/patients/ingest-responses-load0/ingest-response-parallel-638.json
/home/glilly/work/vista-stack/HL7-FHIR-quality-testing/2026/patients/raw/synthea-1000-20260901-20260101/fhir/Lauren941_Zieme486_67d3caeb-8e20-6679-148e-ae47b7038d77.json	201	1011		2026/patients/ingest-responses-load0/ingest-response-parallel-633.json
/home/glilly/work/vista-stack/HL7-FHIR-quality-testing/2026/patients/raw/synthea-1000-20260901-20260101/fhir/Lavina533_Mertz280_f76223f6-3540-d735-5cdf-e287c811992f.json	201	1012		2026/patients/ingest-responses-load0/ingest-response-parallel-637.json
/home/glilly/work/vista-stack/HL7-FHIR-quality-testing/2026/patients/raw/synthea-1000-20260901-20260101/fhir/Lawerence6_Hirthe744_b40bce3f-cdc7-1310-e0b6-2f4119fdf81a.json	201	1013		2026/patients/ingest-responses-load0/ingest-response-parallel-639.json
/home/glilly/work/vista-stack/HL7-FHIR-quality-testing/2026/patients/raw/synthea-1000-20260901-20260101/fhir/Laveta191_Luettgen772_7a54e096-aca2-09b9-15e4-4304bcd3643a.json	201	1014		2026/patients/ingest-responses-load0/ingest-response-parallel-636.json
/home/glilly/work/vista-stack/HL7-FHIR-quality-testing/2026/patients/raw/synthea-1000-20260901-20260101/fhir/Leandro563_Miller503_e0268a3d-5893-ca84-cb87-205f938967af.json	201	1016		2026/patients/ingest-responses-load0/ingest-response-parallel-643.json
/home/glilly/work/vista-stack/HL7-FHIR-quality-testing/2026/patients/raw/synthea-1000-20260901-20260101/fhir/Leandra549_Eulah395_Kris249_66c22a1e-8e6a-6657-8e03-d876ec47f880.json	201	1015		2026/patients/ingest-responses-load0/ingest-response-parallel-641.json
/home/glilly/work/vista-stack/HL7-FHIR-quality-testing/2026/patients/raw/synthea-1000-20260901-20260101/fhir/Laureen100_Marianne327_Hudson301_4af0cf95-370c-fb62-c303-fe9ca91808ac.json	201	1017		2026/patients/ingest-responses-load0/ingest-response-parallel-630.json
/home/glilly/work/vista-stack/HL7-FHIR-quality-testing/2026/patients/raw/synthea-1000-20260901-20260101/fhir/Leisa54_Bechtelar572_54b9d3cf-baa0-bf6a-b8d1-3d2f637bc65d.json	201	1018		2026/patients/ingest-responses-load0/ingest-response-parallel-647.json
/home/glilly/work/vista-stack/HL7-FHIR-quality-testing/2026/patients/raw/synthea-1000-20260901-20260101/fhir/Leatha675_Lauralee67_Kuvalis369_d352462c-48b9-5b82-164d-fd18c5dccee6.json	201	1019		2026/patients/ingest-responses-load0/ingest-response-parallel-644.json
/home/glilly/work/vista-stack/HL7-FHIR-quality-testing/2026/patients/raw/synthea-1000-20260901-20260101/fhir/Leida589_Beverlee316_Altenwerth646_c965958c-f91a-74d4-e99e-f3440c4d17c3.json	201	1020		2026/patients/ingest-responses-load0/ingest-response-parallel-645.json
/home/glilly/work/vista-stack/HL7-FHIR-quality-testing/2026/patients/raw/synthea-1000-20260901-20260101/fhir/Leandro563_Mann644_b5d23e81-de06-c40f-0982-1db6fd46e813.json	201	1021		2026/patients/ingest-responses-load0/ingest-response-parallel-642.json
/home/glilly/work/vista-stack/HL7-FHIR-quality-testing/2026/patients/raw/synthea-1000-20260901-20260101/fhir/Leif534_Cassin499_04b9869c-8d99-454c-2523-4de3ca7eff29.json	201	1022		2026/patients/ingest-responses-load0/ingest-response-parallel-646.json
/home/glilly/work/vista-stack/HL7-FHIR-quality-testing/2026/patients/raw/synthea-1000-20260901-20260101/fhir/Lenita591_Karole140_Marquardt819_38d9eac3-937d-f8fe-5f60-326e96cd23a9.json	201	1023		2026/patients/ingest-responses-load0/ingest-response-parallel-649.json
/home/glilly/work/vista-stack/HL7-FHIR-quality-testing/2026/patients/raw/synthea-1000-20260901-20260101/fhir/Leoma634_Batz141_d0ae9ec0-ca53-4389-f90d-aac22a8a633a.json	201	1024		2026/patients/ingest-responses-load0/ingest-response-parallel-653.json
/home/glilly/work/vista-stack/HL7-FHIR-quality-testing/2026/patients/raw/synthea-1000-20260901-20260101/fhir/Lenore883_Madison727_Littel644_96c63c91-d8a3-accb-8efa-72521f19d006.json	201	1024		2026/patients/ingest-responses-load0/ingest-response-parallel-651.json
/home/glilly/work/vista-stack/HL7-FHIR-quality-testing/2026/patients/raw/synthea-1000-20260901-20260101/fhir/Leonardo412_Windler79_014cefe3-4763-0a4f-ea84-48cd6692f5ba.json	201	1025		2026/patients/ingest-responses-load0/ingest-response-parallel-654.json
/home/glilly/work/vista-stack/HL7-FHIR-quality-testing/2026/patients/raw/synthea-1000-20260901-20260101/fhir/Leonel449_Morissette863_95ab8fc5-d89e-dd86-6330-311f3a1a19d7.json	201	1026		2026/patients/ingest-responses-load0/ingest-response-parallel-655.json
/home/glilly/work/vista-stack/HL7-FHIR-quality-testing/2026/patients/raw/synthea-1000-20260901-20260101/fhir/Lesia354_Daugherty69_361b03e7-df58-ca41-d4b8-f38e34578ae3.json	201	1027		2026/patients/ingest-responses-load0/ingest-response-parallel-656.json
/home/glilly/work/vista-stack/HL7-FHIR-quality-testing/2026/patients/raw/synthea-1000-20260901-20260101/fhir/Lesley194_Gutmann970_6d271cda-8d51-7deb-7ca2-bb8076bff4da.json	201	1028		2026/patients/ingest-responses-load0/ingest-response-parallel-658.json
/home/glilly/work/vista-stack/HL7-FHIR-quality-testing/2026/patients/raw/synthea-1000-20260901-20260101/fhir/Lester513_Schmidt332_fd8f2f09-e981-5053-1373-c5e2fed4b785.json	201	1028		2026/patients/ingest-responses-load0/ingest-response-parallel-660.json
/home/glilly/work/vista-stack/HL7-FHIR-quality-testing/2026/patients/raw/synthea-1000-20260901-20260101/fhir/Lesley194_Dickinson688_719a6726-b2a3-1793-ed94-8137cdccb95e.json	201	1029		2026/patients/ingest-responses-load0/ingest-response-parallel-657.json
/home/glilly/work/vista-stack/HL7-FHIR-quality-testing/2026/patients/raw/synthea-1000-20260901-20260101/fhir/Lenna704_Kristie55_Hackett68_39a3b6a3-928b-707a-90c7-b2f3fd3a30b1.json	201	1029		2026/patients/ingest-responses-load0/ingest-response-parallel-650.json
/home/glilly/work/vista-stack/HL7-FHIR-quality-testing/2026/patients/raw/synthea-1000-20260901-20260101/fhir/Leticia253_Montañez267_5d1cf403-a71b-6853-defd-bab85e32b367.json	201	1030		2026/patients/ingest-responses-load0/ingest-response-parallel-661.json
/home/glilly/work/vista-stack/HL7-FHIR-quality-testing/2026/patients/raw/synthea-1000-20260901-20260101/fhir/Lilia791_Reinger292_b22cd9c9-44ef-50b5-2707-ead8c68b4868.json	201	1031		2026/patients/ingest-responses-load0/ingest-response-parallel-662.json
/home/glilly/work/vista-stack/HL7-FHIR-quality-testing/2026/patients/raw/synthea-1000-20260901-20260101/fhir/Lino542_Wehner319_3830bfdf-b245-c91c-1ca7-9407bf26e588.json	201	1032		2026/patients/ingest-responses-load0/ingest-response-parallel-666.json
/home/glilly/work/vista-stack/HL7-FHIR-quality-testing/2026/patients/raw/synthea-1000-20260901-20260101/fhir/Leo278_Kreiger457_96277848-bee5-2d46-079b-df3de170ba3d.json	201	1032		2026/patients/ingest-responses-load0/ingest-response-parallel-652.json
/home/glilly/work/vista-stack/HL7-FHIR-quality-testing/2026/patients/raw/synthea-1000-20260901-20260101/fhir/Lilliam592_Sandee884_Russel238_3b74c019-4c25-6783-0891-51686d13d816.json	201	1033		2026/patients/ingest-responses-load0/ingest-response-parallel-664.json
/home/glilly/work/vista-stack/HL7-FHIR-quality-testing/2026/patients/raw/synthea-1000-20260901-20260101/fhir/Linda558_Sue491_Bernhard322_2baa7d85-255d-4135-4c81-3d9c2417ea1b.json	201	1034		2026/patients/ingest-responses-load0/ingest-response-parallel-665.json
/home/glilly/work/vista-stack/HL7-FHIR-quality-testing/2026/patients/raw/synthea-1000-20260901-20260101/fhir/Liz413_Fadel536_48c61d3e-5704-4a78-3e0e-f662c79837d4.json	201	1035		2026/patients/ingest-responses-load0/ingest-response-parallel-669.json
/home/glilly/work/vista-stack/HL7-FHIR-quality-testing/2026/patients/raw/synthea-1000-20260901-20260101/fhir/Liz413_Rogahn59_c7c49630-e56d-2dc5-32d3-b34dc0aaaff3.json	201	1036		2026/patients/ingest-responses-load0/ingest-response-parallel-670.json
/home/glilly/work/vista-stack/HL7-FHIR-quality-testing/2026/patients/raw/synthea-1000-20260901-20260101/fhir/Lisa683_Ernser583_409a9b67-b3c5-02e4-76be-1c153afc6e8e.json	201	1037		2026/patients/ingest-responses-load0/ingest-response-parallel-667.json
/home/glilly/work/vista-stack/HL7-FHIR-quality-testing/2026/patients/raw/synthea-1000-20260901-20260101/fhir/Lissa828_Phylicia571_Hamill307_42983985-fea2-5536-e075-3434677cce95.json	201	1038		2026/patients/ingest-responses-load0/ingest-response-parallel-668.json
/home/glilly/work/vista-stack/HL7-FHIR-quality-testing/2026/patients/raw/synthea-1000-20260901-20260101/fhir/Liza900_Thao506_Cremin516_c1b4b922-fad7-e865-35b1-97283f9a4656.json	201	1039		2026/patients/ingest-responses-load0/ingest-response-parallel-671.json
/home/glilly/work/vista-stack/HL7-FHIR-quality-testing/2026/patients/raw/synthea-1000-20260901-20260101/fhir/Lizeth852_Laurie826_Metz686_8bb7158b-f5e5-3413-93b6-74919af75d5a.json	201	1040		2026/patients/ingest-responses-load0/ingest-response-parallel-672.json
/home/glilly/work/vista-stack/HL7-FHIR-quality-testing/2026/patients/raw/synthea-1000-20260901-20260101/fhir/Lester513_Koss676_e8dd2e23-5665-b286-f800-382093f13c93.json	201	1039		2026/patients/ingest-responses-load0/ingest-response-parallel-659.json
/home/glilly/work/vista-stack/HL7-FHIR-quality-testing/2026/patients/raw/synthea-1000-20260901-20260101/fhir/Lorena247_Montemayor547_4a9cd194-7473-167e-e690-a262c267d1b7.json	201	1041		2026/patients/ingest-responses-load0/ingest-response-parallel-674.json
/home/glilly/work/vista-stack/HL7-FHIR-quality-testing/2026/patients/raw/synthea-1000-20260901-20260101/fhir/Lorenzo669_Carrion142_d41bd23d-d2ea-a84f-1d9b-49e78c7f7e03.json	201	1042		2026/patients/ingest-responses-load0/ingest-response-parallel-675.json
/home/glilly/work/vista-stack/HL7-FHIR-quality-testing/2026/patients/raw/synthea-1000-20260901-20260101/fhir/Lorie307_Gay359_Connelly992_90953641-91a0-8e0b-c3bc-155f5c05f2a5.json	201	1042		2026/patients/ingest-responses-load0/ingest-response-parallel-676.json
/home/glilly/work/vista-stack/HL7-FHIR-quality-testing/2026/patients/raw/synthea-1000-20260901-20260101/fhir/Lorie307_Stracke611_d6dcb493-ab8e-dbac-8182-140c4a978e15.json	201	1043		2026/patients/ingest-responses-load0/ingest-response-parallel-677.json
/home/glilly/work/vista-stack/HL7-FHIR-quality-testing/2026/patients/raw/synthea-1000-20260901-20260101/fhir/Lorraine478_Shields502_7925b80d-4f1c-8e75-03c2-73874f02d2ba.json	201	1044		2026/patients/ingest-responses-load0/ingest-response-parallel-678.json
/home/glilly/work/vista-stack/HL7-FHIR-quality-testing/2026/patients/raw/synthea-1000-20260901-20260101/fhir/Louie190_Kub800_645f1483-0881-bc2e-238e-b038b055d4cf.json	201	1045		2026/patients/ingest-responses-load0/ingest-response-parallel-683.json
/home/glilly/work/vista-stack/HL7-FHIR-quality-testing/2026/patients/raw/synthea-1000-20260901-20260101/fhir/Lorrine765_Hegmann834_0ae9ec66-c2a0-7834-fecd-5bd2bd6850ad.json	201	1046		2026/patients/ingest-responses-load0/ingest-response-parallel-680.json
/home/glilly/work/vista-stack/HL7-FHIR-quality-testing/2026/patients/raw/synthea-1000-20260901-20260101/fhir/Loni302_Dawne25_Hackett68_3eba6dcb-04bd-49dd-63b9-5672ca56a0c4.json	201	1045		2026/patients/ingest-responses-load0/ingest-response-parallel-673.json
/home/glilly/work/vista-stack/HL7-FHIR-quality-testing/2026/patients/raw/synthea-1000-20260901-20260101/fhir/Lorri590_Albertina684_Daniel959_21ebf75e-ffdb-0c34-21a7-9abb36f90f76.json	201	1047		2026/patients/ingest-responses-load0/ingest-response-parallel-679.json
/home/glilly/work/vista-stack/HL7-FHIR-quality-testing/2026/patients/raw/synthea-1000-20260901-20260101/fhir/Louanne686_Haley279_7145b26f-ffdc-9702-6a4a-c28b0824589a.json	201	1048		2026/patients/ingest-responses-load0/ingest-response-parallel-681.json
/home/glilly/work/vista-stack/HL7-FHIR-quality-testing/2026/patients/raw/synthea-1000-20260901-20260101/fhir/Loyd638_Ebert178_b170d3b1-1f3f-eae7-07f8-b4e7e6e50ba8.json	201	1049		2026/patients/ingest-responses-load0/ingest-response-parallel-688.json
/home/glilly/work/vista-stack/HL7-FHIR-quality-testing/2026/patients/raw/synthea-1000-20260901-20260101/fhir/Lowell343_Borer986_fa197304-1cdd-d0d5-9a58-7bdad4c9ea03.json	201	1050		2026/patients/ingest-responses-load0/ingest-response-parallel-686.json
/home/glilly/work/vista-stack/HL7-FHIR-quality-testing/2026/patients/raw/synthea-1000-20260901-20260101/fhir/Louie190_Gleichner915_f4dd0db4-43b7-033b-7a85-57a570564d9f.json	201	1049		2026/patients/ingest-responses-load0/ingest-response-parallel-682.json
/home/glilly/work/vista-stack/HL7-FHIR-quality-testing/2026/patients/raw/synthea-1000-20260901-20260101/fhir/Lucio648_Jones311_ffdef068-f3c1-08cd-89b8-fec18629b48f.json	201	1051		2026/patients/ingest-responses-load0/ingest-response-parallel-691.json
/home/glilly/work/vista-stack/HL7-FHIR-quality-testing/2026/patients/raw/synthea-1000-20260901-20260101/fhir/Lucio648_Vandervort697_04ba02bd-9238-ae7d-8fa9-82a9d075fc91.json	201	1052		2026/patients/ingest-responses-load0/ingest-response-parallel-692.json
/home/glilly/work/vista-stack/HL7-FHIR-quality-testing/2026/patients/raw/synthea-1000-20260901-20260101/fhir/Luciano237_Bartoletti50_8f8094d2-5506-0546-a5dd-c98a120743d3.json	201	1053		2026/patients/ingest-responses-load0/ingest-response-parallel-689.json
/home/glilly/work/vista-stack/HL7-FHIR-quality-testing/2026/patients/raw/synthea-1000-20260901-20260101/fhir/Lucio648_Johns824_7cb71287-a120-c4a0-6389-e4fc3dd05114.json	201	1054		2026/patients/ingest-responses-load0/ingest-response-parallel-690.json
/home/glilly/work/vista-stack/HL7-FHIR-quality-testing/2026/patients/raw/synthea-1000-20260901-20260101/fhir/Luetta803_Luana867_Hoppe518_c0b04544-dcff-414e-d287-2ee4ed211f1a.json	201	1055		2026/patients/ingest-responses-load0/ingest-response-parallel-693.json
/home/glilly/work/vista-stack/HL7-FHIR-quality-testing/2026/patients/raw/synthea-1000-20260901-20260101/fhir/Luis923_Fadel536_36da787f-7bf0-60cc-9356-8242a93cfcf3.json	201	1056		2026/patients/ingest-responses-load0/ingest-response-parallel-694.json
/home/glilly/work/vista-stack/HL7-FHIR-quality-testing/2026/patients/raw/synthea-1000-20260901-20260101/fhir/Luisa710_Verónica383_Tafoya874_3e4e3c8c-c318-f729-df54-1135edff3a81.json	201	1057		2026/patients/ingest-responses-load0/ingest-response-parallel-696.json
/home/glilly/work/vista-stack/HL7-FHIR-quality-testing/2026/patients/raw/synthea-1000-20260901-20260101/fhir/Luz785_Cornejo190_bf2cbc94-1385-4c07-1d8a-a504a29a2cc2.json	201	1058		2026/patients/ingest-responses-load0/ingest-response-parallel-700.json
/home/glilly/work/vista-stack/HL7-FHIR-quality-testing/2026/patients/raw/synthea-1000-20260901-20260101/fhir/Luis923_Schamberger479_08372b21-55a4-815c-eeb1-3603c13e514e.json	201	1058		2026/patients/ingest-responses-load0/ingest-response-parallel-695.json
/home/glilly/work/vista-stack/HL7-FHIR-quality-testing/2026/patients/raw/synthea-1000-20260901-20260101/fhir/Luther918_Schuster709_d20074c0-fc1b-9679-acdc-2c2961c92aaf.json	201	1059		2026/patients/ingest-responses-load0/ingest-response-parallel-698.json
/home/glilly/work/vista-stack/HL7-FHIR-quality-testing/2026/patients/raw/synthea-1000-20260901-20260101/fhir/Luna60_Hodkiewicz467_ce30d822-0a22-4074-5147-02fdfb1cf9dc.json	201	1059		2026/patients/ingest-responses-load0/ingest-response-parallel-697.json
/home/glilly/work/vista-stack/HL7-FHIR-quality-testing/2026/patients/raw/synthea-1000-20260901-20260101/fhir/Lyda594_Marcene673_Leannon79_35d7b6a5-d0b3-e5ce-3f3a-8975e507f0ae.json	201	1060		2026/patients/ingest-responses-load0/ingest-response-parallel-702.json
/home/glilly/work/vista-stack/HL7-FHIR-quality-testing/2026/patients/raw/synthea-1000-20260901-20260101/fhir/Lynn917_Wuckert783_3a2d1779-8fea-3d1a-5bfd-e87eea76a88b.json	201	1061		2026/patients/ingest-responses-load0/ingest-response-parallel-704.json
/home/glilly/work/vista-stack/HL7-FHIR-quality-testing/2026/patients/raw/synthea-1000-20260901-20260101/fhir/Lyda594_Laure395_Glover433_7b1a10d2-81e2-3fdc-60d0-cf7706ff2352.json	201	1061		2026/patients/ingest-responses-load0/ingest-response-parallel-701.json
/home/glilly/work/vista-stack/HL7-FHIR-quality-testing/2026/patients/raw/synthea-1000-20260901-20260101/fhir/Mack300_Dicki44_07ec68d8-36a8-f23b-df74-9316b1bf9240.json	201	1062		2026/patients/ingest-responses-load0/ingest-response-parallel-706.json
/home/glilly/work/vista-stack/HL7-FHIR-quality-testing/2026/patients/raw/synthea-1000-20260901-20260101/fhir/Mack300_Herzog843_9f21ab1b-ef2a-5e35-6703-b5c1677419f3.json	201	1063		2026/patients/ingest-responses-load0/ingest-response-parallel-707.json
/home/glilly/work/vista-stack/HL7-FHIR-quality-testing/2026/patients/raw/synthea-1000-20260901-20260101/fhir/Lyman173_Weimann465_0574496f-3743-afe8-8aee-999a009ddd43.json	201	1063		2026/patients/ingest-responses-load0/ingest-response-parallel-703.json
/home/glilly/work/vista-stack/HL7-FHIR-quality-testing/2026/patients/raw/synthea-1000-20260901-20260101/fhir/Loura465_Ashely524_Streich926_9b2dc2d8-a17c-9cb9-3e44-434b288396b6.json	201	1062		2026/patients/ingest-responses-load0/ingest-response-parallel-684.json
/home/glilly/work/vista-stack/HL7-FHIR-quality-testing/2026/patients/raw/synthea-1000-20260901-20260101/fhir/Madaline59_Aufderhar910_5c37888d-db0c-89a1-c168-8d8ee97c194d.json	201	1064		2026/patients/ingest-responses-load0/ingest-response-parallel-708.json
/home/glilly/work/vista-stack/HL7-FHIR-quality-testing/2026/patients/raw/synthea-1000-20260901-20260101/fhir/Madelene819_Abbott774_60a43905-7385-bbb5-5914-02c28e0a1e8d.json	201	1065		2026/patients/ingest-responses-load0/ingest-response-parallel-709.json
/home/glilly/work/vista-stack/HL7-FHIR-quality-testing/2026/patients/raw/synthea-1000-20260901-20260101/fhir/Lynsey2_Effertz744_3b680a6c-b15d-ef35-a863-b733f0230d9d.json	201	1066		2026/patients/ingest-responses-load0/ingest-response-parallel-705.json
/home/glilly/work/vista-stack/HL7-FHIR-quality-testing/2026/patients/raw/synthea-1000-20260901-20260101/fhir/Madeline975_Laurena366_Jacobs452_9f3370f9-761e-c82d-d70d-fb211c88c3d1.json	201	1067		2026/patients/ingest-responses-load0/ingest-response-parallel-710.json
/home/glilly/work/vista-stack/HL7-FHIR-quality-testing/2026/patients/raw/synthea-1000-20260901-20260101/fhir/Malcolm243_Kiehn525_599bc91f-7758-f181-3124-5dde213d346b.json	201	1068		2026/patients/ingest-responses-load0/ingest-response-parallel-713.json
/home/glilly/work/vista-stack/HL7-FHIR-quality-testing/2026/patients/raw/synthea-1000-20260901-20260101/fhir/Mandy775_Jacobi462_44c05b6a-263f-ebc4-4e73-c00dbc8d9a59.json	201	1069		2026/patients/ingest-responses-load0/ingest-response-parallel-718.json
/home/glilly/work/vista-stack/HL7-FHIR-quality-testing/2026/patients/raw/synthea-1000-20260901-20260101/fhir/Manda751_Rosenbaum794_76b38929-846c-30bc-e858-45176b5e40cd.json	201	1070		2026/patients/ingest-responses-load0/ingest-response-parallel-717.json
/home/glilly/work/vista-stack/HL7-FHIR-quality-testing/2026/patients/raw/synthea-1000-20260901-20260101/fhir/Magdalena964_Nájera755_7e863d08-0c71-4937-d0d6-b79cf547043a.json	201	1070		2026/patients/ingest-responses-load0/ingest-response-parallel-712.json
/home/glilly/work/vista-stack/HL7-FHIR-quality-testing/2026/patients/raw/synthea-1000-20260901-20260101/fhir/Malik994_Price929_e104a778-4364-8f92-d633-ad7fbf447ee6.json	201	1071		2026/patients/ingest-responses-load0/ingest-response-parallel-715.json
/home/glilly/work/vista-stack/HL7-FHIR-quality-testing/2026/patients/raw/synthea-1000-20260901-20260101/fhir/Malik994_Gislason620_8ed01b8b-c316-97c7-6c7b-5532c89cd05c.json	201	1072		2026/patients/ingest-responses-load0/ingest-response-parallel-714.json
/home/glilly/work/vista-stack/HL7-FHIR-quality-testing/2026/patients/raw/synthea-1000-20260901-20260101/fhir/Malika385_Buena501_Hansen121_11759437-e44b-cb5e-0621-dd10ee9da3c3.json	201	1072		2026/patients/ingest-responses-load0/ingest-response-parallel-716.json
/home/glilly/work/vista-stack/HL7-FHIR-quality-testing/2026/patients/raw/synthea-1000-20260901-20260101/fhir/Manuel446_Hansen121_9801bcde-8daa-36e4-e39a-8237580b99d8.json	201	1073		2026/patients/ingest-responses-load0/ingest-response-parallel-719.json
/home/glilly/work/vista-stack/HL7-FHIR-quality-testing/2026/patients/raw/synthea-1000-20260901-20260101/fhir/Maegan141_Ai120_Ratke343_424c8f45-6d4d-46ff-0c63-62bc93984e39.json	201	1072		2026/patients/ingest-responses-load0/ingest-response-parallel-711.json
/home/glilly/work/vista-stack/HL7-FHIR-quality-testing/2026/patients/raw/synthea-1000-20260901-20260101/fhir/Many655_Marks830_fa1065f4-cd51-13c3-f902-a618cb5276ec.json	201	1074		2026/patients/ingest-responses-load0/ingest-response-parallel-721.json
/home/glilly/work/vista-stack/HL7-FHIR-quality-testing/2026/patients/raw/synthea-1000-20260901-20260101/fhir/Luz785_Beahan375_db5ee1d5-ed95-10b7-4123-240cdf022c7c.json	201	1071		2026/patients/ingest-responses-load0/ingest-response-parallel-699.json
/home/glilly/work/vista-stack/HL7-FHIR-quality-testing/2026/patients/raw/synthea-1000-20260901-20260101/fhir/Many655_Ana972_Hermiston71_eda93d0f-0632-620b-da56-e48b15e31e5d.json	201	1075		2026/patients/ingest-responses-load0/ingest-response-parallel-720.json
/home/glilly/work/vista-stack/HL7-FHIR-quality-testing/2026/patients/raw/synthea-1000-20260901-20260101/fhir/Maple925_Predovic534_6589386e-da7c-844c-1050-13802f296878.json	201	1076		2026/patients/ingest-responses-load0/ingest-response-parallel-722.json
/home/glilly/work/vista-stack/HL7-FHIR-quality-testing/2026/patients/raw/synthea-1000-20260901-20260101/fhir/Marceline716_Kreiger457_eed23096-3392-1835-61e7-e013a3221118.json	201	1077		2026/patients/ingest-responses-load0/ingest-response-parallel-726.json
/home/glilly/work/vista-stack/HL7-FHIR-quality-testing/2026/patients/raw/synthea-1000-20260901-20260101/fhir/Marcus77_Bayer639_66d82e71-f727-bd24-bebb-398a7cf0b3f2.json	201	1078		2026/patients/ingest-responses-load0/ingest-response-parallel-730.json
/home/glilly/work/vista-stack/HL7-FHIR-quality-testing/2026/patients/raw/synthea-1000-20260901-20260101/fhir/Marcel580_Schowalter414_8103c755-09e7-caf8-a18a-1e3ade001fd7.json	201	1079		2026/patients/ingest-responses-load0/ingest-response-parallel-724.json
/home/glilly/work/vista-stack/HL7-FHIR-quality-testing/2026/patients/raw/synthea-1000-20260901-20260101/fhir/Marcelina712_Kimberely738_Eichmann909_269ddf06-27b2-7742-c760-486a0b45253a.json	201	1080		2026/patients/ingest-responses-load0/ingest-response-parallel-725.json
/home/glilly/work/vista-stack/HL7-FHIR-quality-testing/2026/patients/raw/synthea-1000-20260901-20260101/fhir/Marcos263_Nader710_907d569b-9a44-993f-e18f-344d79915f85.json	201	1081		2026/patients/ingest-responses-load0/ingest-response-parallel-729.json
/home/glilly/work/vista-stack/HL7-FHIR-quality-testing/2026/patients/raw/synthea-1000-20260901-20260101/fhir/Margert370_Considine820_acf3eccc-d5cb-3b12-2cdb-eac709eb4c43.json	201	1082		2026/patients/ingest-responses-load0/ingest-response-parallel-732.json
/home/glilly/work/vista-stack/HL7-FHIR-quality-testing/2026/patients/raw/synthea-1000-20260901-20260101/fhir/Mariano761_Flórez858_bb835157-909d-4c3a-23fc-79f697713313.json	201	1082		2026/patients/ingest-responses-load0/ingest-response-parallel-733.json
/home/glilly/work/vista-stack/HL7-FHIR-quality-testing/2026/patients/raw/synthea-1000-20260901-20260101/fhir/Margarita164_Amalia471_Porras535_52fcd4d7-6d09-a9d6-42e1-b7281fdca277.json	201	1082		2026/patients/ingest-responses-load0/ingest-response-parallel-731.json
/home/glilly/work/vista-stack/HL7-FHIR-quality-testing/2026/patients/raw/synthea-1000-20260901-20260101/fhir/Marcellus830_Frami345_2dcf5400-4d66-e26d-f677-30dd58d1ca8d.json	201	1083		2026/patients/ingest-responses-load0/ingest-response-parallel-727.json
/home/glilly/work/vista-stack/HL7-FHIR-quality-testing/2026/patients/raw/synthea-1000-20260901-20260101/fhir/Maricarmen445_Rodríquez611_a9cf2d60-96d6-be83-ad26-5e28cf21495f.json	201	1084		2026/patients/ingest-responses-load0/ingest-response-parallel-734.json
/home/glilly/work/vista-stack/HL7-FHIR-quality-testing/2026/patients/raw/synthea-1000-20260901-20260101/fhir/Marchelle563_Catheryn300_Dooley940_3fd54502-143c-4c68-b836-06527af92f0f.json	201	1084		2026/patients/ingest-responses-load0/ingest-response-parallel-728.json
/home/glilly/work/vista-stack/HL7-FHIR-quality-testing/2026/patients/raw/synthea-1000-20260901-20260101/fhir/Marielle507_Concepcion673_Emard19_51b4168d-9771-7783-8c98-8a309e21a3ad.json	201	1085		2026/patients/ingest-responses-load0/ingest-response-parallel-735.json
/home/glilly/work/vista-stack/HL7-FHIR-quality-testing/2026/patients/raw/synthea-1000-20260901-20260101/fhir/Marin763_Kirby843_Mann644_a242e54a-28da-1d12-aa65-38003c992288.json	201	1086		2026/patients/ingest-responses-load0/ingest-response-parallel-737.json
/home/glilly/work/vista-stack/HL7-FHIR-quality-testing/2026/patients/raw/synthea-1000-20260901-20260101/fhir/Marietta439_Francie486_Cronin387_0bcca1f2-942f-042c-ff50-2eb22ed7b76d.json	201	1087		2026/patients/ingest-responses-load0/ingest-response-parallel-736.json
/home/glilly/work/vista-stack/HL7-FHIR-quality-testing/2026/patients/raw/synthea-1000-20260901-20260101/fhir/Marisol435_Vargas494_d7d12cf5-5bb1-184b-d07f-85092c8557af.json	201	1088		2026/patients/ingest-responses-load0/ingest-response-parallel-739.json
/home/glilly/work/vista-stack/HL7-FHIR-quality-testing/2026/patients/raw/synthea-1000-20260901-20260101/fhir/Marion502_Thompson596_34226e3f-0a19-d740-5996-e1bc4fea1e9d.json	201	1089		2026/patients/ingest-responses-load0/ingest-response-parallel-738.json
/home/glilly/work/vista-stack/HL7-FHIR-quality-testing/2026/patients/raw/synthea-1000-20260901-20260101/fhir/Marline710_Jacobson885_11c104a4-5363-62d5-17dc-027f2f4d8670.json	201	1089		2026/patients/ingest-responses-load0/ingest-response-parallel-741.json
/home/glilly/work/vista-stack/HL7-FHIR-quality-testing/2026/patients/raw/synthea-1000-20260901-20260101/fhir/Marty115_Cormier289_c74b7f1a-2dbe-877a-2234-9febc7e65092.json	201	1091		2026/patients/ingest-responses-load0/ingest-response-parallel-744.json
/home/glilly/work/vista-stack/HL7-FHIR-quality-testing/2026/patients/raw/synthea-1000-20260901-20260101/fhir/Mark765_Bode78_6da1ca76-4415-6681-95ea-a11f9972c004.json	201	1090		2026/patients/ingest-responses-load0/ingest-response-parallel-740.json
/home/glilly/work/vista-stack/HL7-FHIR-quality-testing/2026/patients/raw/synthea-1000-20260901-20260101/fhir/Marquetta382_Ward668_1e73caef-d47d-950c-a577-0b31bd5c32b0.json	201	1092		2026/patients/ingest-responses-load0/ingest-response-parallel-742.json
/home/glilly/work/vista-stack/HL7-FHIR-quality-testing/2026/patients/raw/synthea-1000-20260901-20260101/fhir/Martín25_Colón139_d7145de1-2400-647e-f51c-74bb984856ff.json	201	1093		2026/patients/ingest-responses-load0/ingest-response-parallel-745.json
/home/glilly/work/vista-stack/HL7-FHIR-quality-testing/2026/patients/raw/synthea-1000-20260901-20260101/fhir/María_Teresa440_Castañeda925_1da1483f-e54b-ccdb-5883-9b4c633def65.json	201	1094		2026/patients/ingest-responses-load0/ingest-response-parallel-748.json
/home/glilly/work/vista-stack/HL7-FHIR-quality-testing/2026/patients/raw/synthea-1000-20260901-20260101/fhir/Marylou497_Luettgen772_eeaf055b-3d38-34ff-2c9a-ec68ecac10a5.json	201	1095		2026/patients/ingest-responses-load0/ingest-response-parallel-747.json
/home/glilly/work/vista-stack/HL7-FHIR-quality-testing/2026/patients/raw/synthea-1000-20260901-20260101/fhir/Mason910_Haag279_bacc5818-d6b0-d0a6-3799-3cd880057476.json	201	1096		2026/patients/ingest-responses-load0/ingest-response-parallel-750.json
/home/glilly/work/vista-stack/HL7-FHIR-quality-testing/2026/patients/raw/synthea-1000-20260901-20260101/fhir/Mathew182_Herzog843_196efd0d-b3bc-da45-e15d-43dd23538fde.json	201	1097		2026/patients/ingest-responses-load0/ingest-response-parallel-751.json
/home/glilly/work/vista-stack/HL7-FHIR-quality-testing/2026/patients/raw/synthea-1000-20260901-20260101/fhir/María_del_Carmen27_Dolores502_Cerda549_fb540b2d-ee34-66bf-2de3-5566acb2e9ee.json	201	1098		2026/patients/ingest-responses-load0/ingest-response-parallel-749.json
/home/glilly/work/vista-stack/HL7-FHIR-quality-testing/2026/patients/raw/synthea-1000-20260901-20260101/fhir/Mathew182_Reilly981_d948e9b5-24ea-51f5-94f3-e86c3d164397.json	201	1099		2026/patients/ingest-responses-load0/ingest-response-parallel-752.json
/home/glilly/work/vista-stack/HL7-FHIR-quality-testing/2026/patients/raw/synthea-1000-20260901-20260101/fhir/Matthew562_Hane680_9c7e54a6-d347-6192-99ac-a25cccca0dff.json	201	1099		2026/patients/ingest-responses-load0/ingest-response-parallel-754.json
/home/glilly/work/vista-stack/HL7-FHIR-quality-testing/2026/patients/raw/synthea-1000-20260901-20260101/fhir/Matilda472_Treutel973_acd3f69a-3c9f-2837-c274-ddaf58b8cd66.json	201	1100		2026/patients/ingest-responses-load0/ingest-response-parallel-753.json
/home/glilly/work/vista-stack/HL7-FHIR-quality-testing/2026/patients/raw/synthea-1000-20260901-20260101/fhir/Maxima831_Muriel394_Morar593_026431b7-0a36-0c19-5cca-c2574ad8cfa7.json	201	1101		2026/patients/ingest-responses-load0/ingest-response-parallel-757.json
/home/glilly/work/vista-stack/HL7-FHIR-quality-testing/2026/patients/raw/synthea-1000-20260901-20260101/fhir/Mavis612_Bernier607_ab15b281-f2b3-bd4b-ed96-de6a361dc282.json	201	1102		2026/patients/ingest-responses-load0/ingest-response-parallel-756.json
/home/glilly/work/vista-stack/HL7-FHIR-quality-testing/2026/patients/raw/synthea-1000-20260901-20260101/fhir/Mayra756_Wyman904_65e33a76-5c19-775e-dc4f-606fb2e20c05.json	201	1102		2026/patients/ingest-responses-load0/ingest-response-parallel-758.json
/home/glilly/work/vista-stack/HL7-FHIR-quality-testing/2026/patients/raw/synthea-1000-20260901-20260101/fhir/Melany872_Kutch271_2cb24b76-8ec2-7b95-952b-94da2ee89168.json	201	1103		2026/patients/ingest-responses-load0/ingest-response-parallel-759.json
/home/glilly/work/vista-stack/HL7-FHIR-quality-testing/2026/patients/raw/synthea-1000-20260901-20260101/fhir/Maude482_Bahringer146_305363f8-131f-fc5e-e613-d6955cb65ddc.json	201	1104		2026/patients/ingest-responses-load0/ingest-response-parallel-755.json
/home/glilly/work/vista-stack/HL7-FHIR-quality-testing/2026/patients/raw/synthea-1000-20260901-20260101/fhir/Melvin857_Hilll811_a0da7b1e-e38f-65a1-067b-bd8bf5d099a4.json	201	1105		2026/patients/ingest-responses-load0/ingest-response-parallel-761.json
/home/glilly/work/vista-stack/HL7-FHIR-quality-testing/2026/patients/raw/synthea-1000-20260901-20260101/fhir/Micah422_Terry864_54a15563-11a8-260d-84a4-788fb1842759.json	201	1107		2026/patients/ingest-responses-load0/ingest-response-parallel-764.json
/home/glilly/work/vista-stack/HL7-FHIR-quality-testing/2026/patients/raw/synthea-1000-20260901-20260101/fhir/Melvina326_Melisa53_Gutkowski940_0b4fa819-fd77-3f72-8946-f8e7169b41e8.json	201	1106		2026/patients/ingest-responses-load0/ingest-response-parallel-762.json
/home/glilly/work/vista-stack/HL7-FHIR-quality-testing/2026/patients/raw/synthea-1000-20260901-20260101/fhir/Melonie209_Tomiko229_Gleason633_ea4e2f8f-096f-2dfb-5f11-c0fa6c433856.json	201	1108		2026/patients/ingest-responses-load0/ingest-response-parallel-760.json
/home/glilly/work/vista-stack/HL7-FHIR-quality-testing/2026/patients/raw/synthea-1000-20260901-20260101/fhir/Michal596_Block661_97103c33-414a-7d45-7870-10038fbe2797.json	201	1109		2026/patients/ingest-responses-load0/ingest-response-parallel-767.json
/home/glilly/work/vista-stack/HL7-FHIR-quality-testing/2026/patients/raw/synthea-1000-20260901-20260101/fhir/Michal596_Heller342_05b6d97e-e847-6b09-1736-4722fb35317a.json	201	1110		2026/patients/ingest-responses-load0/ingest-response-parallel-768.json
/home/glilly/work/vista-stack/HL7-FHIR-quality-testing/2026/patients/raw/synthea-1000-20260901-20260101/fhir/Michel472_Heaney114_224731c8-7be3-e9a4-cf50-c09f1983ca90.json	201	1111		2026/patients/ingest-responses-load0/ingest-response-parallel-769.json
/home/glilly/work/vista-stack/HL7-FHIR-quality-testing/2026/patients/raw/synthea-1000-20260901-20260101/fhir/Michaela318_Son314_Quigley282_39976bbb-8ebc-5c45-7360-947aa83ff956.json	201	1112		2026/patients/ingest-responses-load0/ingest-response-parallel-766.json
/home/glilly/work/vista-stack/HL7-FHIR-quality-testing/2026/patients/raw/synthea-1000-20260901-20260101/fhir/Michel472_Wisoky380_f69978de-5cf8-1a79-2c6b-3b40ec700117.json	201	1113		2026/patients/ingest-responses-load0/ingest-response-parallel-770.json
/home/glilly/work/vista-stack/HL7-FHIR-quality-testing/2026/patients/raw/synthea-1000-20260901-20260101/fhir/Mercedes82_Villalobos491_23697276-b851-b795-c4a2-d1738ed834f9.json	201	1112		2026/patients/ingest-responses-load0/ingest-response-parallel-763.json
/home/glilly/work/vista-stack/HL7-FHIR-quality-testing/2026/patients/raw/synthea-1000-20260901-20260101/fhir/Miguel_Ángel46_Gaona896_113e69df-b6f0-5703-fd3e-20c47653a79a.json	201	1114		2026/patients/ingest-responses-load0/ingest-response-parallel-771.json
/home/glilly/work/vista-stack/HL7-FHIR-quality-testing/2026/patients/raw/synthea-1000-20260901-20260101/fhir/Milan77_Beahan375_da17d594-96c2-3a62-2506-7e7c5acbd8ef.json	201	1115		2026/patients/ingest-responses-load0/ingest-response-parallel-774.json
/home/glilly/work/vista-stack/HL7-FHIR-quality-testing/2026/patients/raw/synthea-1000-20260901-20260101/fhir/Mika226_Elsa29_Parker433_f6666847-0b8e-ad7d-eb0d-d82292a62a30.json	201	1116		2026/patients/ingest-responses-load0/ingest-response-parallel-772.json
/home/glilly/work/vista-stack/HL7-FHIR-quality-testing/2026/patients/raw/synthea-1000-20260901-20260101/fhir/Mike230_Denesik803_bd9dfa3c-8600-7814-b470-340beb32f267.json	201	1116		2026/patients/ingest-responses-load0/ingest-response-parallel-773.json
/home/glilly/work/vista-stack/HL7-FHIR-quality-testing/2026/patients/raw/synthea-1000-20260901-20260101/fhir/Mireille557_Inge747_Kuphal363_aa12cbb1-dd05-f219-dba8-8686b797837d.json	201	1118		2026/patients/ingest-responses-load0/ingest-response-parallel-777.json
/home/glilly/work/vista-stack/HL7-FHIR-quality-testing/2026/patients/raw/synthea-1000-20260901-20260101/fhir/Micah422_Toy286_e57060aa-6fa2-fe1b-5a05-e99b62d71785.json	201	1117		2026/patients/ingest-responses-load0/ingest-response-parallel-765.json
/home/glilly/work/vista-stack/HL7-FHIR-quality-testing/2026/patients/raw/synthea-1000-20260901-20260101/fhir/Minerva230_Howe413_44d877f4-7fc3-a675-4802-5e751c010d41.json	201	1118		2026/patients/ingest-responses-load0/ingest-response-parallel-775.json
/home/glilly/work/vista-stack/HL7-FHIR-quality-testing/2026/patients/raw/synthea-1000-20260901-20260101/fhir/Ming325_Malissa448_Torphy630_a7e6ad83-7731-84d7-aa96-017f5ef83629.json	201	1119		2026/patients/ingest-responses-load0/ingest-response-parallel-776.json
/home/glilly/work/vista-stack/HL7-FHIR-quality-testing/2026/patients/raw/synthea-1000-20260901-20260101/fhir/Mirta419_Elsie248_Koss676_b251c009-52d9-157a-2352-5666a3206ac1.json	201	1120		2026/patients/ingest-responses-load0/ingest-response-parallel-779.json
/home/glilly/work/vista-stack/HL7-FHIR-quality-testing/2026/patients/raw/synthea-1000-20260901-20260101/fhir/Mitchell808_Stamm704_0b56998e-f475-39ed-f31e-e0e5f79c9aee.json	201	1121		2026/patients/ingest-responses-load0/ingest-response-parallel-781.json
/home/glilly/work/vista-stack/HL7-FHIR-quality-testing/2026/patients/raw/synthea-1000-20260901-20260101/fhir/Mirna233_Marquardt819_8eb29970-b51f-e192-7055-3d1b294c31ae.json	201	1121		2026/patients/ingest-responses-load0/ingest-response-parallel-778.json
/home/glilly/work/vista-stack/HL7-FHIR-quality-testing/2026/patients/raw/synthea-1000-20260901-20260101/fhir/Mitchel812_Ward668_2206be65-9185-97d3-4a0b-b37dd37edb0b.json	201	1122		2026/patients/ingest-responses-load0/ingest-response-parallel-780.json
/home/glilly/work/vista-stack/HL7-FHIR-quality-testing/2026/patients/raw/synthea-1000-20260901-20260101/fhir/Mitzie610_Jessia669_Turner526_db4ff760-8bd7-e5b7-c53f-0134b50d54ff.json	201	1123		2026/patients/ingest-responses-load0/ingest-response-parallel-782.json
/home/glilly/work/vista-stack/HL7-FHIR-quality-testing/2026/patients/raw/synthea-1000-20260901-20260101/fhir/Monnie762_Tabetha269_Aufderhar910_f39f1ed7-5d27-3d41-2f21-3ec60d89f79b.json	201	1124		2026/patients/ingest-responses-load0/ingest-response-parallel-785.json
/home/glilly/work/vista-stack/HL7-FHIR-quality-testing/2026/patients/raw/synthea-1000-20260901-20260101/fhir/Mohammad578_Parisian75_78acd4b1-f569-78f9-7ffe-e755c4c37fae.json	201	1124		2026/patients/ingest-responses-load0/ingest-response-parallel-783.json
/home/glilly/work/vista-stack/HL7-FHIR-quality-testing/2026/patients/raw/synthea-1000-20260901-20260101/fhir/Myles862_Ferry570_09747fc4-027c-77eb-e348-23d06f3d5d1b.json	201	1125		2026/patients/ingest-responses-load0/ingest-response-parallel-790.json
/home/glilly/work/vista-stack/HL7-FHIR-quality-testing/2026/patients/raw/synthea-1000-20260901-20260101/fhir/Moshe758_Pfeffer420_fd0eacf3-63c6-792f-46bc-60b59c1da6e0.json	201	1126		2026/patients/ingest-responses-load0/ingest-response-parallel-787.json
/home/glilly/work/vista-stack/HL7-FHIR-quality-testing/2026/patients/raw/synthea-1000-20260901-20260101/fhir/Murray856_McLaughlin530_d80128b3-e04b-3adc-aa70-8d96e474ea0b.json	201	1127		2026/patients/ingest-responses-load0/ingest-response-parallel-789.json
/home/glilly/work/vista-stack/HL7-FHIR-quality-testing/2026/patients/raw/synthea-1000-20260901-20260101/fhir/Myrle831_Gleason633_61a9ffcf-0e84-19ea-fd68-777908182b21.json	201	1128		2026/patients/ingest-responses-load0/ingest-response-parallel-791.json
/home/glilly/work/vista-stack/HL7-FHIR-quality-testing/2026/patients/raw/synthea-1000-20260901-20260101/fhir/Mozella148_Glennis930_Wyman904_e5fb4a01-d279-9a3a-644d-404701b9a28e.json	201	1128		2026/patients/ingest-responses-load0/ingest-response-parallel-788.json
/home/glilly/work/vista-stack/HL7-FHIR-quality-testing/2026/patients/raw/synthea-1000-20260901-20260101/fhir/Mora209_Schaden604_3ccdfb6b-d83f-2a2b-8b77-a5937e16edb5.json	201	1129		2026/patients/ingest-responses-load0/ingest-response-parallel-786.json
/home/glilly/work/vista-stack/HL7-FHIR-quality-testing/2026/patients/raw/synthea-1000-20260901-20260101/fhir/Nancee600_Darlena95_Stamm704_8eab9f9e-58e0-ba90-5599-c7d024b5ed26.json	201	1130		2026/patients/ingest-responses-load0/ingest-response-parallel-792.json
/home/glilly/work/vista-stack/HL7-FHIR-quality-testing/2026/patients/raw/synthea-1000-20260901-20260101/fhir/Nathanael908_Lueilwitz711_1ea9dcf5-6fd4-c3cb-42e9-b304e28ba088.json	201	1130		2026/patients/ingest-responses-load0/ingest-response-parallel-795.json
/home/glilly/work/vista-stack/HL7-FHIR-quality-testing/2026/patients/raw/synthea-1000-20260901-20260101/fhir/Nathan164_Funk324_fab384e4-9205-c8e3-86e0-10706425f768.json	201	1131		2026/patients/ingest-responses-load0/ingest-response-parallel-793.json
/home/glilly/work/vista-stack/HL7-FHIR-quality-testing/2026/patients/raw/synthea-1000-20260901-20260101/fhir/Nathanael908_Douglas31_286a3e2a-ad63-bc95-3512-fe26942b487c.json	201	1132		2026/patients/ingest-responses-load0/ingest-response-parallel-794.json
/home/glilly/work/vista-stack/HL7-FHIR-quality-testing/2026/patients/raw/synthea-1000-20260901-20260101/fhir/Neta452_Youlanda785_Shanahan202_b0f7598f-94aa-8065-5a99-3efbef390602.json	201	1133		2026/patients/ingest-responses-load0/ingest-response-parallel-797.json
/home/glilly/work/vista-stack/HL7-FHIR-quality-testing/2026/patients/raw/synthea-1000-20260901-20260101/fhir/Niki25_Dach178_09d55136-f88a-e213-8f49-28dab0e152a0.json	201	1134		2026/patients/ingest-responses-load0/ingest-response-parallel-800.json
/home/glilly/work/vista-stack/HL7-FHIR-quality-testing/2026/patients/raw/synthea-1000-20260901-20260101/fhir/Nikita578_Keebler762_9a7020e9-2769-af82-d965-5229cee00cc0.json	201	1135		2026/patients/ingest-responses-load0/ingest-response-parallel-802.json
/home/glilly/work/vista-stack/HL7-FHIR-quality-testing/2026/patients/raw/synthea-1000-20260901-20260101/fhir/Niki25_White193_d9a74f28-3f2a-8dbe-ec69-e7e15e9ab6a0.json	201	1136		2026/patients/ingest-responses-load0/ingest-response-parallel-801.json
/home/glilly/work/vista-stack/HL7-FHIR-quality-testing/2026/patients/raw/synthea-1000-20260901-20260101/fhir/Nicky270_Dorine689_Rolfson709_1b706f81-d095-0060-f47b-bfb0c2c284fa.json	201	1137		2026/patients/ingest-responses-load0/ingest-response-parallel-799.json
/home/glilly/work/vista-stack/HL7-FHIR-quality-testing/2026/patients/raw/synthea-1000-20260901-20260101/fhir/Nobuko304_Lashanda692_Konopelski743_b6b0a83d-be9a-7194-5f40-3fd4cde61288.json	201	1139		2026/patients/ingest-responses-load0/ingest-response-parallel-806.json
/home/glilly/work/vista-stack/HL7-FHIR-quality-testing/2026/patients/raw/synthea-1000-20260901-20260101/fhir/Nikki942_Tremblay80_652be824-db2a-1d3e-06e0-ef0d23e87354.json	201	1138		2026/patients/ingest-responses-load0/ingest-response-parallel-803.json
/home/glilly/work/vista-stack/HL7-FHIR-quality-testing/2026/patients/raw/synthea-1000-20260901-20260101/fhir/Noel608_Durgan499_6f6b2243-de29-303b-1d4a-8237b96820b6.json	201	1140		2026/patients/ingest-responses-load0/ingest-response-parallel-807.json
/home/glilly/work/vista-stack/HL7-FHIR-quality-testing/2026/patients/raw/synthea-1000-20260901-20260101/fhir/Nikki942_Wendy149_Lynch190_d1da3ac4-9663-5f18-348f-b532df115dac.json	201	1141		2026/patients/ingest-responses-load0/ingest-response-parallel-804.json
/home/glilly/work/vista-stack/HL7-FHIR-quality-testing/2026/patients/raw/synthea-1000-20260901-20260101/fhir/Noel608_Lynch190_ab239788-7e24-0ba3-645b-2da6110fa69f.json	201	1142		2026/patients/ingest-responses-load0/ingest-response-parallel-808.json
/home/glilly/work/vista-stack/HL7-FHIR-quality-testing/2026/patients/raw/synthea-1000-20260901-20260101/fhir/Norman647_Hagenes547_53d771ac-cff5-dd48-38ba-aba8de1157dd.json	201	1143		2026/patients/ingest-responses-load0/ingest-response-parallel-810.json
/home/glilly/work/vista-stack/HL7-FHIR-quality-testing/2026/patients/raw/synthea-1000-20260901-20260101/fhir/Normand813_O'Connell601_059d523f-2193-28e2-3028-c3ec30fac075.json	201	1144		2026/patients/ingest-responses-load0/ingest-response-parallel-811.json
/home/glilly/work/vista-stack/HL7-FHIR-quality-testing/2026/patients/raw/synthea-1000-20260901-20260101/fhir/Nola814_Adriana394_Lemke654_4aa7144a-89d6-cffb-b0fc-c53bfa18669e.json	201	1144		2026/patients/ingest-responses-load0/ingest-response-parallel-809.json
/home/glilly/work/vista-stack/HL7-FHIR-quality-testing/2026/patients/raw/synthea-1000-20260901-20260101/fhir/Noble66_Emmerich580_df78b490-f9ca-97da-3921-2d30b8f82cab.json	201	1145		2026/patients/ingest-responses-load0/ingest-response-parallel-805.json
/home/glilly/work/vista-stack/HL7-FHIR-quality-testing/2026/patients/raw/synthea-1000-20260901-20260101/fhir/Octavio643_Barrera709_12bf8ddc-8fdd-5ad7-8d49-7e1d5ce2766f.json	201	1146		2026/patients/ingest-responses-load0/ingest-response-parallel-812.json
/home/glilly/work/vista-stack/HL7-FHIR-quality-testing/2026/patients/raw/synthea-1000-20260901-20260101/fhir/Odilia72_Kshlerin58_668dccce-40ec-cac4-0709-c602c9f3a92c.json	201	1146		2026/patients/ingest-responses-load0/ingest-response-parallel-815.json
/home/glilly/work/vista-stack/HL7-FHIR-quality-testing/2026/patients/raw/synthea-1000-20260901-20260101/fhir/Olimpia983_Coralie787_Kihn564_5dbb8f2a-691e-f929-60fb-c164e7a42f82.json	201	1147		2026/patients/ingest-responses-load0/ingest-response-parallel-818.json
/home/glilly/work/vista-stack/HL7-FHIR-quality-testing/2026/patients/raw/synthea-1000-20260901-20260101/fhir/Moises22_Lockman863_1a3e38fe-1cf9-29f2-132f-980c90c59b88.json	201	1146		2026/patients/ingest-responses-load0/ingest-response-parallel-784.json
/home/glilly/work/vista-stack/HL7-FHIR-quality-testing/2026/patients/raw/synthea-1000-20260901-20260101/fhir/Olga567_Turner526_0035cce7-a517-37e2-07e4-2b6aeff6fea2.json	201	1148		2026/patients/ingest-responses-load0/ingest-response-parallel-817.json
/home/glilly/work/vista-stack/HL7-FHIR-quality-testing/2026/patients/raw/synthea-1000-20260901-20260101/fhir/Odis959_Crist667_7813620b-a08d-362c-1c35-8835abd4fa08.json	201	1149		2026/patients/ingest-responses-load0/ingest-response-parallel-816.json
/home/glilly/work/vista-stack/HL7-FHIR-quality-testing/2026/patients/raw/synthea-1000-20260901-20260101/fhir/Oliver401_Reichert620_24f62e73-1cb0-f4a3-e3e0-ba1f733eb9d9.json	201	1150		2026/patients/ingest-responses-load0/ingest-response-parallel-820.json
/home/glilly/work/vista-stack/HL7-FHIR-quality-testing/2026/patients/raw/synthea-1000-20260901-20260101/fhir/Omar359_Dare640_78c070ec-6a0c-2da0-7634-f78e482f3b58.json	201	1151		2026/patients/ingest-responses-load0/ingest-response-parallel-822.json
/home/glilly/work/vista-stack/HL7-FHIR-quality-testing/2026/patients/raw/synthea-1000-20260901-20260101/fhir/Ollie731_Nikole56_Skiles927_45bda700-1506-9094-6811-d3c838a690e5.json	201	1152		2026/patients/ingest-responses-load0/ingest-response-parallel-821.json
/home/glilly/work/vista-stack/HL7-FHIR-quality-testing/2026/patients/raw/synthea-1000-20260901-20260101/fhir/Olive251_Andre610_Reinger292_4bcd9d69-dc73-2bf7-0b0f-c9b594648b36.json	201	1152		2026/patients/ingest-responses-load0/ingest-response-parallel-819.json
/home/glilly/work/vista-stack/HL7-FHIR-quality-testing/2026/patients/raw/synthea-1000-20260901-20260101/fhir/Omer483_Keeling57_84b853cb-0e0f-672b-137f-fac7fbd1f5c7.json	201	1153		2026/patients/ingest-responses-load0/ingest-response-parallel-823.json
/home/glilly/work/vista-stack/HL7-FHIR-quality-testing/2026/patients/raw/synthea-1000-20260901-20260101/fhir/Otto672_Kub800_fdd60290-d7dc-98ae-09ba-353f52f815d1.json	201	1154		2026/patients/ingest-responses-load0/ingest-response-parallel-827.json
/home/glilly/work/vista-stack/HL7-FHIR-quality-testing/2026/patients/raw/synthea-1000-20260901-20260101/fhir/Orval846_Kunde533_37a99dab-8001-7a41-0b06-d440e5448de1.json	201	1155		2026/patients/ingest-responses-load0/ingest-response-parallel-824.json
/home/glilly/work/vista-stack/HL7-FHIR-quality-testing/2026/patients/raw/synthea-1000-20260901-20260101/fhir/Osvaldo336_Blick895_0fd0f4e1-10c2-a262-4bd0-46b9c546c352.json	201	1156		2026/patients/ingest-responses-load0/ingest-response-parallel-826.json
/home/glilly/work/vista-stack/HL7-FHIR-quality-testing/2026/patients/raw/synthea-1000-20260901-20260101/fhir/Owen89_Cronin387_ffda8a64-c786-0dc6-89ac-67a078313c3c.json	201	1157		2026/patients/ingest-responses-load0/ingest-response-parallel-828.json
/home/glilly/work/vista-stack/HL7-FHIR-quality-testing/2026/patients/raw/synthea-1000-20260901-20260101/fhir/Orville751_Schumm995_8970fd16-20d0-b9e4-832c-fa58eecb1f08.json	201	1158		2026/patients/ingest-responses-load0/ingest-response-parallel-825.json
/home/glilly/work/vista-stack/HL7-FHIR-quality-testing/2026/patients/raw/synthea-1000-20260901-20260101/fhir/Ozie87_Hane680_4dc6b007-3397-ea29-b6c9-c728e15c8747.json	201	1159		2026/patients/ingest-responses-load0/ingest-response-parallel-830.json
/home/glilly/work/vista-stack/HL7-FHIR-quality-testing/2026/patients/raw/synthea-1000-20260901-20260101/fhir/Ozzie259_Mohr916_be2d2d01-bde9-19be-70d8-5e757bf57c0c.json	201	1160		2026/patients/ingest-responses-load0/ingest-response-parallel-831.json
/home/glilly/work/vista-stack/HL7-FHIR-quality-testing/2026/patients/raw/synthea-1000-20260901-20260101/fhir/Pablo44_Armijo730_05e13c2e-545e-e466-4449-b48952ec9206.json	201	1161		2026/patients/ingest-responses-load0/ingest-response-parallel-833.json
/home/glilly/work/vista-stack/HL7-FHIR-quality-testing/2026/patients/raw/synthea-1000-20260901-20260101/fhir/Pablo44_Araña824_e2c3fbad-60b2-36ae-38b0-210bbf05564f.json	201	1161		2026/patients/ingest-responses-load0/ingest-response-parallel-832.json
/home/glilly/work/vista-stack/HL7-FHIR-quality-testing/2026/patients/raw/synthea-1000-20260901-20260101/fhir/Pat3_Koelpin146_4205facb-2a8c-820b-0033-79e9ac2ee838.json	201	1162		2026/patients/ingest-responses-load0/ingest-response-parallel-836.json
/home/glilly/work/vista-stack/HL7-FHIR-quality-testing/2026/patients/raw/synthea-1000-20260901-20260101/fhir/Particia365_Monika509_Dooley940_2b4460f3-fa1b-bdf8-23dc-71ffefe6383c.json	201	1163		2026/patients/ingest-responses-load0/ingest-response-parallel-834.json
/home/glilly/work/vista-stack/HL7-FHIR-quality-testing/2026/patients/raw/synthea-1000-20260901-20260101/fhir/Patria17_Murphy561_e1303947-b938-d6d1-7198-d736ee859a38.json	201	1164		2026/patients/ingest-responses-load0/ingest-response-parallel-837.json
/home/glilly/work/vista-stack/HL7-FHIR-quality-testing/2026/patients/raw/synthea-1000-20260901-20260101/fhir/Patricio639_Peralta301_f7e8931e-289a-eb85-ce60-0fa593a76c87.json	201	1165		2026/patients/ingest-responses-load0/ingest-response-parallel-839.json
/home/glilly/work/vista-stack/HL7-FHIR-quality-testing/2026/patients/raw/synthea-1000-20260901-20260101/fhir/Pat3_Kasi212_Murray856_4df8bfbf-4c40-b9d4-6f36-562f4f13131f.json	201	1166		2026/patients/ingest-responses-load0/ingest-response-parallel-835.json
/home/glilly/work/vista-stack/HL7-FHIR-quality-testing/2026/patients/raw/synthea-1000-20260901-20260101/fhir/Patrick786_Wolf938_451774ad-5141-d8c4-bdf4-d066216679ed.json	201	1167		2026/patients/ingest-responses-load0/ingest-response-parallel-842.json
/home/glilly/work/vista-stack/HL7-FHIR-quality-testing/2026/patients/raw/synthea-1000-20260901-20260101/fhir/Pedro316_Hudson301_6703d8a4-036e-fa33-46e7-f8a631b76b66.json	201	1168		2026/patients/ingest-responses-load0/ingest-response-parallel-844.json
/home/glilly/work/vista-stack/HL7-FHIR-quality-testing/2026/patients/raw/synthea-1000-20260901-20260101/fhir/Patrick786_Hagenes547_504679be-62e7-495c-18ef-308ae645112f.json	201	1168		2026/patients/ingest-responses-load0/ingest-response-parallel-841.json
/home/glilly/work/vista-stack/HL7-FHIR-quality-testing/2026/patients/raw/synthea-1000-20260901-20260101/fhir/Patty600_Veda284_Leffler128_5a212fc4-a0db-b3e0-ef13-01d3cd2336d4.json	201	1169		2026/patients/ingest-responses-load0/ingest-response-parallel-843.json
/home/glilly/work/vista-stack/HL7-FHIR-quality-testing/2026/patients/raw/synthea-1000-20260901-20260101/fhir/Perry780_Bode78_ce4b8446-40bd-8e30-7d93-0a8934b2289b.json	201	1170		2026/patients/ingest-responses-load0/ingest-response-parallel-846.json
/home/glilly/work/vista-stack/HL7-FHIR-quality-testing/2026/patients/raw/synthea-1000-20260901-20260101/fhir/Peter292_Hartmann983_40c3942a-bda1-822d-aa51-372db06c5b27.json	201	1171		2026/patients/ingest-responses-load0/ingest-response-parallel-847.json
/home/glilly/work/vista-stack/HL7-FHIR-quality-testing/2026/patients/raw/synthea-1000-20260901-20260101/fhir/Patrick786_Bednar518_ce2c6479-20d1-69ae-5b01-e5bb5a0c5321.json	201	1170		2026/patients/ingest-responses-load0/ingest-response-parallel-840.json
/home/glilly/work/vista-stack/HL7-FHIR-quality-testing/2026/patients/raw/synthea-1000-20260901-20260101/fhir/Peg114_Stephnie566_Purdy2_36564d2c-8da0-a766-d36a-e479ca0312bc.json	201	1172		2026/patients/ingest-responses-load0/ingest-response-parallel-845.json
/home/glilly/work/vista-stack/HL7-FHIR-quality-testing/2026/patients/raw/synthea-1000-20260901-20260101/fhir/Phebe144_Sheila338_Terry864_ec3172d5-d302-a2f2-3a7d-496a5cf99707.json	201	1173		2026/patients/ingest-responses-load0/ingest-response-parallel-848.json
/home/glilly/work/vista-stack/HL7-FHIR-quality-testing/2026/patients/raw/synthea-1000-20260901-20260101/fhir/Phil587_Cole117_8d2c8c4e-e523-5f57-42f7-91dcdf1bf7d4.json	201	1174		2026/patients/ingest-responses-load0/ingest-response-parallel-849.json
/home/glilly/work/vista-stack/HL7-FHIR-quality-testing/2026/patients/raw/synthea-1000-20260901-20260101/fhir/Prince887_Legros616_5514730e-34ed-2152-30f8-b5ebad9623e5.json	201	1174		2026/patients/ingest-responses-load0/ingest-response-parallel-851.json
/home/glilly/work/vista-stack/HL7-FHIR-quality-testing/2026/patients/raw/synthea-1000-20260901-20260101/fhir/Philip822_Russel238_c26c23a5-7c1a-029e-2392-79a812229252.json	201	1175		2026/patients/ingest-responses-load0/ingest-response-parallel-850.json
/home/glilly/work/vista-stack/HL7-FHIR-quality-testing/2026/patients/raw/synthea-1000-20260901-20260101/fhir/Princess223_Schuppe920_25cbd3be-543b-e807-62c5-05b0494e2ff2.json	201	1175		2026/patients/ingest-responses-load0/ingest-response-parallel-853.json
/home/glilly/work/vista-stack/HL7-FHIR-quality-testing/2026/patients/raw/synthea-1000-20260901-20260101/fhir/Rachele486_Bruen238_678c08ed-4e07-429b-c2e0-7f964a9ca2d5.json	201	1176		2026/patients/ingest-responses-load0/ingest-response-parallel-858.json
/home/glilly/work/vista-stack/HL7-FHIR-quality-testing/2026/patients/raw/synthea-1000-20260901-20260101/fhir/Princess223_Leuschke194_c669cd34-587a-1430-bfb8-225b945a4e0a.json	201	1177		2026/patients/ingest-responses-load0/ingest-response-parallel-852.json
/home/glilly/work/vista-stack/HL7-FHIR-quality-testing/2026/patients/raw/synthea-1000-20260901-20260101/fhir/Rachael540_Lubowitz58_01ee2d8d-6bff-ffcd-297c-451aa662525c.json	201	1178		2026/patients/ingest-responses-load0/ingest-response-parallel-856.json
/home/glilly/work/vista-stack/HL7-FHIR-quality-testing/2026/patients/raw/synthea-1000-20260901-20260101/fhir/Ramón841_Cerda549_c879cce8-d8e5-20da-05ca-1a6a0f35233e.json	201	1179		2026/patients/ingest-responses-load0/ingest-response-parallel-861.json
/home/glilly/work/vista-stack/HL7-FHIR-quality-testing/2026/patients/raw/synthea-1000-20260901-20260101/fhir/Rachel885_Ellan282_Waters156_cf23e670-7c51-d496-3ef0-149a160b786d.json	201	1180		2026/patients/ingest-responses-load0/ingest-response-parallel-857.json
/home/glilly/work/vista-stack/HL7-FHIR-quality-testing/2026/patients/raw/synthea-1000-20260901-20260101/fhir/Ralph813_Lynch190_22961e48-6fbe-6b1f-2952-d6b0ee396e8c.json	201	1181		2026/patients/ingest-responses-load0/ingest-response-parallel-860.json
/home/glilly/work/vista-stack/HL7-FHIR-quality-testing/2026/patients/raw/synthea-1000-20260901-20260101/fhir/Randell912_Marvin195_3d743695-5d62-3337-6cb3-4b11841f2142.json	201	1182		2026/patients/ingest-responses-load0/ingest-response-parallel-863.json
/home/glilly/work/vista-stack/HL7-FHIR-quality-testing/2026/patients/raw/synthea-1000-20260901-20260101/fhir/Raleigh478_Franecki195_0725354f-b589-263b-9f4f-c84cda0da772.json	201	1183		2026/patients/ingest-responses-load0/ingest-response-parallel-859.json
/home/glilly/work/vista-stack/HL7-FHIR-quality-testing/2026/patients/raw/synthea-1000-20260901-20260101/fhir/Ray930_Kub800_1151306e-1004-8cee-d1e1-cda67e86ef91.json	201	1184		2026/patients/ingest-responses-load0/ingest-response-parallel-867.json
/home/glilly/work/vista-stack/HL7-FHIR-quality-testing/2026/patients/raw/synthea-1000-20260901-20260101/fhir/Randy380_Gerhold939_a87320cc-07dc-b997-87a9-aded19d518d0.json	201	1185		2026/patients/ingest-responses-load0/ingest-response-parallel-864.json
/home/glilly/work/vista-stack/HL7-FHIR-quality-testing/2026/patients/raw/synthea-1000-20260901-20260101/fhir/Raul814_Corwin846_d28f3c8a-c27d-d21c-bbfa-07efb4822d01.json	201	1186		2026/patients/ingest-responses-load0/ingest-response-parallel-866.json
/home/glilly/work/vista-stack/HL7-FHIR-quality-testing/2026/patients/raw/synthea-1000-20260901-20260101/fhir/Rayford811_Gusikowski974_2339f6c3-d583-64c7-4230-f03818941994.json	201	1187		2026/patients/ingest-responses-load0/ingest-response-parallel-870.json
/home/glilly/work/vista-stack/HL7-FHIR-quality-testing/2026/patients/raw/synthea-1000-20260901-20260101/fhir/Randa356_Kovacek682_2d8f4911-5315-4d15-8ea0-59b76659543e.json	201	1187		2026/patients/ingest-responses-load0/ingest-response-parallel-862.json
/home/glilly/work/vista-stack/HL7-FHIR-quality-testing/2026/patients/raw/synthea-1000-20260901-20260101/fhir/Priscila9_Ocie984_McKenzie376_ab6264e9-7e82-996f-b1d6-674e43a03eaa.json	201	1187		2026/patients/ingest-responses-load0/ingest-response-parallel-854.json
/home/glilly/work/vista-stack/HL7-FHIR-quality-testing/2026/patients/raw/synthea-1000-20260901-20260101/fhir/Rebbecca977_Farrah946_White193_faa6026d-4436-3b3c-85b1-7001cf4d2350.json	201	1188		2026/patients/ingest-responses-load0/ingest-response-parallel-871.json
/home/glilly/work/vista-stack/HL7-FHIR-quality-testing/2026/patients/raw/synthea-1000-20260901-20260101/fhir/Reed154_Conn188_8546e5e2-a24b-61bf-3427-a88e1bba2a3e.json	201	1189		2026/patients/ingest-responses-load0/ingest-response-parallel-873.json
/home/glilly/work/vista-stack/HL7-FHIR-quality-testing/2026/patients/raw/synthea-1000-20260901-20260101/fhir/Rayford811_Beier427_8eb3bfbe-16b4-be40-311b-69d26191cc48.json	201	1189		2026/patients/ingest-responses-load0/ingest-response-parallel-868.json
/home/glilly/work/vista-stack/HL7-FHIR-quality-testing/2026/patients/raw/synthea-1000-20260901-20260101/fhir/Rebeca548_Villagómez416_dbb6ae97-3db1-3e98-ab76-abfffdf25cb8.json	201	1190		2026/patients/ingest-responses-load0/ingest-response-parallel-872.json
/home/glilly/work/vista-stack/HL7-FHIR-quality-testing/2026/patients/raw/synthea-1000-20260901-20260101/fhir/Regina408_Seema671_Larkin917_592ae961-4d4f-8eca-14cc-e62d586bfdb9.json	201	1191		2026/patients/ingest-responses-load0/ingest-response-parallel-876.json
/home/glilly/work/vista-stack/HL7-FHIR-quality-testing/2026/patients/raw/synthea-1000-20260901-20260101/fhir/Reena181_Daisey627_Feest103_413c015b-c594-cf91-2e80-35710b2cbd1f.json	201	1192		2026/patients/ingest-responses-load0/ingest-response-parallel-874.json
/home/glilly/work/vista-stack/HL7-FHIR-quality-testing/2026/patients/raw/synthea-1000-20260901-20260101/fhir/Renate369_Terresa418_Koepp521_f70bf1f9-96e1-a904-dc84-9f4071e87bec.json	201	1193		2026/patients/ingest-responses-load0/ingest-response-parallel-877.json
/home/glilly/work/vista-stack/HL7-FHIR-quality-testing/2026/patients/raw/synthea-1000-20260901-20260101/fhir/Regena252_Jennell254_Kub800_9aef9d89-c39e-02c9-d552-8acebfa46a85.json	201	1193		2026/patients/ingest-responses-load0/ingest-response-parallel-875.json
/home/glilly/work/vista-stack/HL7-FHIR-quality-testing/2026/patients/raw/synthea-1000-20260901-20260101/fhir/Randy380_Ullrich385_016d2d34-136c-4819-4d44-66f8af4ff6a2.json	201	1192		2026/patients/ingest-responses-load0/ingest-response-parallel-865.json
/home/glilly/work/vista-stack/HL7-FHIR-quality-testing/2026/patients/raw/synthea-1000-20260901-20260101/fhir/Rey54_Shanahan202_633e476e-ffd4-045c-01ee-65fee0175045.json	201	1194		2026/patients/ingest-responses-load0/ingest-response-parallel-879.json
/home/glilly/work/vista-stack/HL7-FHIR-quality-testing/2026/patients/raw/synthea-1000-20260901-20260101/fhir/Richard937_Zieme486_0a16e047-15cd-851c-25b1-4a29658e04ca.json	201	1195		2026/patients/ingest-responses-load0/ingest-response-parallel-882.json
/home/glilly/work/vista-stack/HL7-FHIR-quality-testing/2026/patients/raw/synthea-1000-20260901-20260101/fhir/Ricardo560_Grijalva82_a957f4ec-c4bb-3723-03bb-120d3d5bc7d1.json	201	1196		2026/patients/ingest-responses-load0/ingest-response-parallel-881.json
/home/glilly/work/vista-stack/HL7-FHIR-quality-testing/2026/patients/raw/synthea-1000-20260901-20260101/fhir/Riley817_Balistreri607_27f2d13f-28b3-5147-e2bd-f69455dfb836.json	201	1197		2026/patients/ingest-responses-load0/ingest-response-parallel-884.json
/home/glilly/work/vista-stack/HL7-FHIR-quality-testing/2026/patients/raw/synthea-1000-20260901-20260101/fhir/Rikki26_Moore224_31a995d2-88c2-a068-45f5-d30e9a890aba.json	201	1198		2026/patients/ingest-responses-load0/ingest-response-parallel-883.json
/home/glilly/work/vista-stack/HL7-FHIR-quality-testing/2026/patients/raw/synthea-1000-20260901-20260101/fhir/Rhiannon677_Maggie320_Sanford861_cf12d0cc-0e3f-f3d5-d1a7-d213d429042f.json	201	1198		2026/patients/ingest-responses-load0/ingest-response-parallel-880.json
/home/glilly/work/vista-stack/HL7-FHIR-quality-testing/2026/patients/raw/synthea-1000-20260901-20260101/fhir/Rivka589_Lang846_8730027d-c5ca-28c4-0a0d-a522c18a7131.json	201	1199		2026/patients/ingest-responses-load0/ingest-response-parallel-886.json
/home/glilly/work/vista-stack/HL7-FHIR-quality-testing/2026/patients/raw/synthea-1000-20260901-20260101/fhir/Quincy153_Funk324_ff0fc138-3631-0dc1-bcd5-228803c69978.json	201	1194		2026/patients/ingest-responses-load0/ingest-response-parallel-855.json
/home/glilly/work/vista-stack/HL7-FHIR-quality-testing/2026/patients/raw/synthea-1000-20260901-20260101/fhir/Ressie457_Deckow585_1f2b8a14-baf6-c0d4-7d7c-cf8bab65e2d2.json	201	1199		2026/patients/ingest-responses-load0/ingest-response-parallel-878.json
/home/glilly/work/vista-stack/HL7-FHIR-quality-testing/2026/patients/raw/synthea-1000-20260901-20260101/fhir/Riva522_Senger904_e795e582-5fe4-44bf-70d4-9fadb40fcec4.json	201	1200		2026/patients/ingest-responses-load0/ingest-response-parallel-885.json
/home/glilly/work/vista-stack/HL7-FHIR-quality-testing/2026/patients/raw/synthea-1000-20260901-20260101/fhir/Rod343_Rowe323_b4fa0c98-7b74-f0a6-2a12-c0f98a7d32ec.json	201	1201		2026/patients/ingest-responses-load0/ingest-response-parallel-893.json
/home/glilly/work/vista-stack/HL7-FHIR-quality-testing/2026/patients/raw/synthea-1000-20260901-20260101/fhir/Robt687_Gislason620_0d10a79e-2a81-e825-6cab-51f2af1cce1d.json	201	1202		2026/patients/ingest-responses-load0/ingest-response-parallel-891.json
/home/glilly/work/vista-stack/HL7-FHIR-quality-testing/2026/patients/raw/synthea-1000-20260901-20260101/fhir/Robbie31_Antoinette709_Orn563_32c030af-7689-095b-945f-fe9dfbd4bb91.json	201	1203		2026/patients/ingest-responses-load0/ingest-response-parallel-887.json
/home/glilly/work/vista-stack/HL7-FHIR-quality-testing/2026/patients/raw/synthea-1000-20260901-20260101/fhir/Rodney21_Hauck852_3796b290-b7c4-5d67-0607-755246c4dcd6.json	201	1204		2026/patients/ingest-responses-load0/ingest-response-parallel-894.json
/home/glilly/work/vista-stack/HL7-FHIR-quality-testing/2026/patients/raw/synthea-1000-20260901-20260101/fhir/Robby860_Will178_44be067d-3c72-425a-56b3-2f290137c3b4.json	201	1205		2026/patients/ingest-responses-load0/ingest-response-parallel-889.json
/home/glilly/work/vista-stack/HL7-FHIR-quality-testing/2026/patients/raw/synthea-1000-20260901-20260101/fhir/Robby860_Roberts511_19118bba-339e-174d-e9c3-819aaadd1fcc.json	201	1205		2026/patients/ingest-responses-load0/ingest-response-parallel-888.json
/home/glilly/work/vista-stack/HL7-FHIR-quality-testing/2026/patients/raw/synthea-1000-20260901-20260101/fhir/Roland928_Runte676_6f08c6a2-9560-a400-9178-3f3c1cd9558c.json	201	1206		2026/patients/ingest-responses-load0/ingest-response-parallel-897.json
/home/glilly/work/vista-stack/HL7-FHIR-quality-testing/2026/patients/raw/synthea-1000-20260901-20260101/fhir/Rocio28_María_Eugenia578_Armenta418_d6402c44-6898-f20f-606c-05affd33ac1a.json	201	1206		2026/patients/ingest-responses-load0/ingest-response-parallel-892.json
/home/glilly/work/vista-stack/HL7-FHIR-quality-testing/2026/patients/raw/synthea-1000-20260901-20260101/fhir/Rogelio17_Bradtke547_bb32a14a-18a5-2afc-d8a9-5ee2dc70ebf0.json	201	1207		2026/patients/ingest-responses-load0/ingest-response-parallel-896.json
/home/glilly/work/vista-stack/HL7-FHIR-quality-testing/2026/patients/raw/synthea-1000-20260901-20260101/fhir/Roberta529_Stroman228_cce298c8-a2ee-4f04-e2b9-53533b867702.json	201	1208		2026/patients/ingest-responses-load0/ingest-response-parallel-890.json
/home/glilly/work/vista-stack/HL7-FHIR-quality-testing/2026/patients/raw/synthea-1000-20260901-20260101/fhir/Rolland302_Gusikowski974_4dbc79c3-ca13-44fa-fe0b-631c6b49dbf3.json	201	1209		2026/patients/ingest-responses-load0/ingest-response-parallel-899.json
/home/glilly/work/vista-stack/HL7-FHIR-quality-testing/2026/patients/raw/synthea-1000-20260901-20260101/fhir/Ronald408_Lubowitz58_bc114187-fac2-b238-f0b4-bda5d97f25de.json	201	1210		2026/patients/ingest-responses-load0/ingest-response-parallel-902.json
/home/glilly/work/vista-stack/HL7-FHIR-quality-testing/2026/patients/raw/synthea-1000-20260901-20260101/fhir/Roman389_Yost751_70e766b0-a755-a1db-0aa1-11bc9191e06d.json	201	1211		2026/patients/ingest-responses-load0/ingest-response-parallel-901.json
/home/glilly/work/vista-stack/HL7-FHIR-quality-testing/2026/patients/raw/synthea-1000-20260901-20260101/fhir/Roosevelt595_Mante251_cad630e9-cb1b-417f-dc0b-be538f8971f8.json	201	1212		2026/patients/ingest-responses-load0/ingest-response-parallel-904.json
/home/glilly/work/vista-stack/HL7-FHIR-quality-testing/2026/patients/raw/synthea-1000-20260901-20260101/fhir/Rory188_Schmeler639_4ba18955-13eb-a629-783c-d0ef00f19b5d.json	201	1213		2026/patients/ingest-responses-load0/ingest-response-parallel-905.json
/home/glilly/work/vista-stack/HL7-FHIR-quality-testing/2026/patients/raw/synthea-1000-20260901-20260101/fhir/Rolf983_Kshlerin58_67179d20-72a4-51ff-2394-b6023c08b0e4.json	201	1214		2026/patients/ingest-responses-load0/ingest-response-parallel-898.json
/home/glilly/work/vista-stack/HL7-FHIR-quality-testing/2026/patients/raw/synthea-1000-20260901-20260101/fhir/Rosalia943_Waters156_bca2023b-61ac-a7ce-0090-0a340cf45e2b.json	201	1215		2026/patients/ingest-responses-load0/ingest-response-parallel-907.json
/home/glilly/work/vista-stack/HL7-FHIR-quality-testing/2026/patients/raw/synthea-1000-20260901-20260101/fhir/Roscoe437_Shanahan202_5dd5bec2-5cba-1fc3-d256-97ff2092d575.json	201	1216		2026/patients/ingest-responses-load0/ingest-response-parallel-909.json
/home/glilly/work/vista-stack/HL7-FHIR-quality-testing/2026/patients/raw/synthea-1000-20260901-20260101/fhir/Rosann381_Alayna598_Hauck852_791791c7-869d-185c-eeea-079c9a4568f4.json	201	1217		2026/patients/ingest-responses-load0/ingest-response-parallel-908.json
/home/glilly/work/vista-stack/HL7-FHIR-quality-testing/2026/patients/raw/synthea-1000-20260901-20260101/fhir/Rosalia943_Adriana394_Reyna401_d575187e-aa4d-22b7-e3e2-9f98f87f0c7a.json	201	1217		2026/patients/ingest-responses-load0/ingest-response-parallel-906.json
/home/glilly/work/vista-stack/HL7-FHIR-quality-testing/2026/patients/raw/synthea-1000-20260901-20260101/fhir/Roni48_Jaqueline846_Reynolds644_4642aea9-e710-a2fc-1c66-11f5026e5299.json	201	1218		2026/patients/ingest-responses-load0/ingest-response-parallel-903.json
/home/glilly/work/vista-stack/HL7-FHIR-quality-testing/2026/patients/raw/synthea-1000-20260901-20260101/fhir/Rosendo998_Bauch723_b08dccf2-da6a-1f57-37b4-f234d12846e7.json	201	1219		2026/patients/ingest-responses-load0/ingest-response-parallel-912.json
/home/glilly/work/vista-stack/HL7-FHIR-quality-testing/2026/patients/raw/synthea-1000-20260901-20260101/fhir/Rosia390_Reilly981_058af082-f9a8-ee2b-02b5-593f07ee73f1.json	201	1220		2026/patients/ingest-responses-load0/ingest-response-parallel-916.json
/home/glilly/work/vista-stack/HL7-FHIR-quality-testing/2026/patients/raw/synthea-1000-20260901-20260101/fhir/Rosendo998_Jerde200_ee62acb8-9fe0-ebc2-615e-3f4ff5280e97.json	201	1221		2026/patients/ingest-responses-load0/ingest-response-parallel-914.json
/home/glilly/work/vista-stack/HL7-FHIR-quality-testing/2026/patients/raw/synthea-1000-20260901-20260101/fhir/Rosendo998_Jacobs452_1dcbed54-2f35-8cc7-df51-1ad1e67c005a.json	201	1222		2026/patients/ingest-responses-load0/ingest-response-parallel-913.json
/home/glilly/work/vista-stack/HL7-FHIR-quality-testing/2026/patients/raw/synthea-1000-20260901-20260101/fhir/Roy364_Koelpin146_4399b882-7b38-2ed9-5d38-e53411a6720f.json	201	1223		2026/patients/ingest-responses-load0/ingest-response-parallel-918.json
/home/glilly/work/vista-stack/HL7-FHIR-quality-testing/2026/patients/raw/synthea-1000-20260901-20260101/fhir/Rosette746_Maribel82_Hoppe518_4222c9cf-2ed0-79cf-5278-26fa40bf22a0.json	201	1224		2026/patients/ingest-responses-load0/ingest-response-parallel-915.json
/home/glilly/work/vista-stack/HL7-FHIR-quality-testing/2026/patients/raw/synthea-1000-20260901-20260101/fhir/Royal919_Conroy74_9d26f4f9-d11b-7ba7-cf6f-15630fce7cac.json	201	1225		2026/patients/ingest-responses-load0/ingest-response-parallel-919.json
/home/glilly/work/vista-stack/HL7-FHIR-quality-testing/2026/patients/raw/synthea-1000-20260901-20260101/fhir/Royal919_Hilpert278_0a4dafa4-8267-2488-5a56-1faf7fa48915.json	201	1226		2026/patients/ingest-responses-load0/ingest-response-parallel-920.json
/home/glilly/work/vista-stack/HL7-FHIR-quality-testing/2026/patients/raw/synthea-1000-20260901-20260101/fhir/Roxy374_Harvey63_961e010a-fd71-4fab-0830-09ea67ede851.json	201	1226		2026/patients/ingest-responses-load0/ingest-response-parallel-917.json
/home/glilly/work/vista-stack/HL7-FHIR-quality-testing/2026/patients/raw/synthea-1000-20260901-20260101/fhir/Ruben688_Feeney44_9f38e887-6abd-1b18-2e1d-9d4aca03b51b.json	201	1227		2026/patients/ingest-responses-load0/ingest-response-parallel-922.json
/home/glilly/work/vista-stack/HL7-FHIR-quality-testing/2026/patients/raw/synthea-1000-20260901-20260101/fhir/Rubye299_Predovic534_5323e0ee-3256-9c53-acfd-37f7b19faa76.json	201	1228		2026/patients/ingest-responses-load0/ingest-response-parallel-923.json
/home/glilly/work/vista-stack/HL7-FHIR-quality-testing/2026/patients/raw/synthea-1000-20260901-20260101/fhir/Rosella686_Mayert710_d8eae2a2-d0fa-07c2-f1aa-13dfa63f79ea.json	201	1228		2026/patients/ingest-responses-load0/ingest-response-parallel-911.json
/home/glilly/work/vista-stack/HL7-FHIR-quality-testing/2026/patients/raw/synthea-1000-20260901-20260101/fhir/Rudolf736_Schoen8_039edac4-d514-b6f5-4fdf-b1fa720f7725.json	201	1229		2026/patients/ingest-responses-load0/ingest-response-parallel-925.json
/home/glilly/work/vista-stack/HL7-FHIR-quality-testing/2026/patients/raw/synthea-1000-20260901-20260101/fhir/Rueben647_Beatty507_38fcfbf8-cd30-05c0-8656-c4b8fcef75fe.json	201	1230		2026/patients/ingest-responses-load0/ingest-response-parallel-926.json
/home/glilly/work/vista-stack/HL7-FHIR-quality-testing/2026/patients/raw/synthea-1000-20260901-20260101/fhir/Rufina863_Dorie139_Tillman293_32715df3-ea5e-33ac-a75a-2f5d9c3de802.json	201	1231		2026/patients/ingest-responses-load0/ingest-response-parallel-927.json
/home/glilly/work/vista-stack/HL7-FHIR-quality-testing/2026/patients/raw/synthea-1000-20260901-20260101/fhir/Rudolf736_Daniel959_00b37b94-69b3-103e-2919-a0fb3125a58c.json	201	1231		2026/patients/ingest-responses-load0/ingest-response-parallel-924.json
/home/glilly/work/vista-stack/HL7-FHIR-quality-testing/2026/patients/raw/synthea-1000-20260901-20260101/fhir/Ruben688_Bechtelar572_47e45849-d157-e35e-cbae-35b80846cc10.json	201	1231		2026/patients/ingest-responses-load0/ingest-response-parallel-921.json
/home/glilly/work/vista-stack/HL7-FHIR-quality-testing/2026/patients/raw/synthea-1000-20260901-20260101/fhir/Rupert654_Parker433_fe9ae1e2-4d74-1819-f67f-7aec5de02249.json	201	1232		2026/patients/ingest-responses-load0/ingest-response-parallel-930.json
/home/glilly/work/vista-stack/HL7-FHIR-quality-testing/2026/patients/raw/synthea-1000-20260901-20260101/fhir/Rufina863_Hahn503_f0aabdc7-1a8d-a0a1-efdc-fc9fb3ba46a7.json	201	1233		2026/patients/ingest-responses-load0/ingest-response-parallel-928.json
/home/glilly/work/vista-stack/HL7-FHIR-quality-testing/2026/patients/raw/synthea-1000-20260901-20260101/fhir/Ruth999_Brooke250_Grady603_d0f7daa3-f9d8-e14a-5cac-2bc7ce2d692f.json	201	1234		2026/patients/ingest-responses-load0/ingest-response-parallel-931.json
/home/glilly/work/vista-stack/HL7-FHIR-quality-testing/2026/patients/raw/synthea-1000-20260901-20260101/fhir/Ruthie901_Roxann426_Schultz619_8c0c5341-1af5-acc1-7011-20b95efb9505.json	201	1235		2026/patients/ingest-responses-load0/ingest-response-parallel-932.json
/home/glilly/work/vista-stack/HL7-FHIR-quality-testing/2026/patients/raw/synthea-1000-20260901-20260101/fhir/Salvatore257_Hegmann834_a516468b-1f80-b3df-7e9a-ce21f034442f.json	201	1235		2026/patients/ingest-responses-load0/ingest-response-parallel-934.json
/home/glilly/work/vista-stack/HL7-FHIR-quality-testing/2026/patients/raw/synthea-1000-20260901-20260101/fhir/Samual455_MacGyver246_a4715d55-1256-2a68-dce5-2f5acd28387f.json	201	1236		2026/patients/ingest-responses-load0/ingest-response-parallel-936.json
/home/glilly/work/vista-stack/HL7-FHIR-quality-testing/2026/patients/raw/synthea-1000-20260901-20260101/fhir/Samuel331_Garay400_343e5698-58aa-51f4-95b4-e1650fed5410.json	201	1237		2026/patients/ingest-responses-load0/ingest-response-parallel-938.json
/home/glilly/work/vista-stack/HL7-FHIR-quality-testing/2026/patients/raw/synthea-1000-20260901-20260101/fhir/Salvador46_Weimann465_e0b77f14-ad3a-3c9a-f07b-7b2c39af35f3.json	201	1237		2026/patients/ingest-responses-load0/ingest-response-parallel-933.json
/home/glilly/work/vista-stack/HL7-FHIR-quality-testing/2026/patients/raw/synthea-1000-20260901-20260101/fhir/Sanford861_Lakin515_f1a36631-8ddc-c30c-c5f9-d58ee33bf9b0.json	201	1239		2026/patients/ingest-responses-load0/ingest-response-parallel-940.json
/home/glilly/work/vista-stack/HL7-FHIR-quality-testing/2026/patients/raw/synthea-1000-20260901-20260101/fhir/Rufus33_Wunsch504_b8185db4-1666-f093-d35b-b1241acbb68f.json	201	1238		2026/patients/ingest-responses-load0/ingest-response-parallel-929.json
/home/glilly/work/vista-stack/HL7-FHIR-quality-testing/2026/patients/raw/synthea-1000-20260901-20260101/fhir/Samuel331_Fadel536_525479fe-6feb-dd7f-61e6-a6f7bd4b2833.json	201	1239		2026/patients/ingest-responses-load0/ingest-response-parallel-937.json
/home/glilly/work/vista-stack/HL7-FHIR-quality-testing/2026/patients/raw/synthea-1000-20260901-20260101/fhir/Sang383_Walter473_404a04e4-1456-6b5d-c831-f89619b04cce.json	201	1240		2026/patients/ingest-responses-load0/ingest-response-parallel-942.json
/home/glilly/work/vista-stack/HL7-FHIR-quality-testing/2026/patients/raw/synthea-1000-20260901-20260101/fhir/Sang383_Ratke343_176c1171-86e7-63b6-ff50-8cb56fdef0c1.json	201	1241		2026/patients/ingest-responses-load0/ingest-response-parallel-941.json
/home/glilly/work/vista-stack/HL7-FHIR-quality-testing/2026/patients/raw/synthea-1000-20260901-20260101/fhir/Sam879_Enda486_Jacobs452_4852e46e-6b31-e241-dc0c-9c2e09437634.json	201	1242		2026/patients/ingest-responses-load0/ingest-response-parallel-935.json
/home/glilly/work/vista-stack/HL7-FHIR-quality-testing/2026/patients/raw/synthea-1000-20260901-20260101/fhir/Sarita454_O'Hara248_58ad5574-f2e6-2f44-8ab6-2093b79ab45c.json	201	1243		2026/patients/ingest-responses-load0/ingest-response-parallel-944.json
/home/glilly/work/vista-stack/HL7-FHIR-quality-testing/2026/patients/raw/synthea-1000-20260901-20260101/fhir/Serina556_Abernathy524_f115c8db-6522-b2c4-54b4-de668fac9e22.json	201	1244		2026/patients/ingest-responses-load0/ingest-response-parallel-948.json
/home/glilly/work/vista-stack/HL7-FHIR-quality-testing/2026/patients/raw/synthea-1000-20260901-20260101/fhir/Selena146_Tamera164_Ebert178_db30a959-19f7-a040-1177-d49f4f1500f7.json	201	1245		2026/patients/ingest-responses-load0/ingest-response-parallel-947.json
/home/glilly/work/vista-stack/HL7-FHIR-quality-testing/2026/patients/raw/synthea-1000-20260901-20260101/fhir/Seth414_Hamill307_d46796f7-cb5d-e6d9-c5e4-9ca1e35508b6.json	201	1246		2026/patients/ingest-responses-load0/ingest-response-parallel-949.json
/home/glilly/work/vista-stack/HL7-FHIR-quality-testing/2026/patients/raw/synthea-1000-20260901-20260101/fhir/Seth414_Nader710_3769e93f-2d04-f53e-171b-d89a5fd72b29.json	201	1247		2026/patients/ingest-responses-load0/ingest-response-parallel-950.json
/home/glilly/work/vista-stack/HL7-FHIR-quality-testing/2026/patients/raw/synthea-1000-20260901-20260101/fhir/Selena146_Margit604_Miller503_5069fa17-c212-37fc-f5de-c2dc5cc7b0a6.json	201	1247		2026/patients/ingest-responses-load0/ingest-response-parallel-946.json
/home/glilly/work/vista-stack/HL7-FHIR-quality-testing/2026/patients/raw/synthea-1000-20260901-20260101/fhir/Sandy901_Feil794_9726d52b-7b81-1ccc-7d90-fd073b249aca.json	201	1248		2026/patients/ingest-responses-load0/ingest-response-parallel-939.json
/home/glilly/work/vista-stack/HL7-FHIR-quality-testing/2026/patients/raw/synthea-1000-20260901-20260101/fhir/Sebastian508_Monahan736_5a831bf4-f907-d137-cbbd-c18ad2cf1691.json	201	1249		2026/patients/ingest-responses-load0/ingest-response-parallel-945.json
/home/glilly/work/vista-stack/HL7-FHIR-quality-testing/2026/patients/raw/synthea-1000-20260901-20260101/fhir/Sara501_Ester635_Arteaga169_e652480d-d8b3-818a-3941-9c0446e38919.json	201	1251		2026/patients/ingest-responses-load0/ingest-response-parallel-943.json
/home/glilly/work/vista-stack/HL7-FHIR-quality-testing/2026/patients/raw/synthea-1000-20260901-20260101/fhir/Carita426_Fiona703_Boehm581_3bc4fd23-d62d-2fe5-f41a-f0e8958e8078.json	201	1252		2026/patients/ingest-responses-load0-retry/ingest-response-6.json
/home/glilly/work/vista-stack/HL7-FHIR-quality-testing/2026/patients/raw/synthea-1000-20260901-20260101/fhir/Bud153_Cronin387_ebbc442f-dd20-2e38-8df5-eafa055b1172.json	201	1253		2026/patients/ingest-responses-load0-retry/ingest-response-5.json
/home/glilly/work/vista-stack/HL7-FHIR-quality-testing/2026/patients/raw/synthea-1000-20260901-20260101/fhir/Bobby524_Brakus656_45dda5df-e919-9e66-8542-39330ab45bcf.json	201	1254		2026/patients/ingest-responses-load0-retry/ingest-response-4.json
/home/glilly/work/vista-stack/HL7-FHIR-quality-testing/2026/patients/raw/synthea-1000-20260901-20260101/fhir/Anastacia583_Jonna572_McLaughlin530_9f0f5c9e-c3fd-b222-0239-84afd37de7fc.json	201	1255		2026/patients/ingest-responses-load0-retry/ingest-response-1.json
/home/glilly/work/vista-stack/HL7-FHIR-quality-testing/2026/patients/raw/synthea-1000-20260901-20260101/fhir/Audrea654_Harber290_d7700018-b1f2-8da7-00e1-c09a240e4a79.json	201	1256		2026/patients/ingest-responses-load0-retry/ingest-response-2.json
/home/glilly/work/vista-stack/HL7-FHIR-quality-testing/2026/patients/raw/synthea-1000-20260901-20260101/fhir/Dustin31_Kutch271_f6d9a01c-1c5b-9255-4fb3-2fff6ba089ad.json	201	1261		2026/patients/ingest-responses-load0-retry/ingest-response-17.json
/home/glilly/work/vista-stack/HL7-FHIR-quality-testing/2026/patients/raw/synthea-1000-20260901-20260101/fhir/Edison640_Daugherty69_a7f904ea-2618-9e64-138e-b86cb73d0c2d.json	201	1262		2026/patients/ingest-responses-load0-retry/ingest-response-18.json
/home/glilly/work/vista-stack/HL7-FHIR-quality-testing/2026/patients/raw/synthea-1000-20260901-20260101/fhir/Shantelle354_Blick895_0d0011b5-c895-ce76-fba3-f098c880f591.json	201	1264		2026/patients/ingest-responses-load0-topoff/ingest-response-3.json
/home/glilly/work/vista-stack/HL7-FHIR-quality-testing/2026/patients/raw/synthea-1000-20260901-20260101/fhir/Sharla853_Ferry570_e7afac84-bd5c-7ec9-dadb-f68372885e95.json	201	1265		2026/patients/ingest-responses-load0-topoff/ingest-response-4.json
/home/glilly/work/vista-stack/HL7-FHIR-quality-testing/2026/patients/raw/synthea-1000-20260901-20260101/fhir/Shameka870_Brekke496_854ec175-49d9-d064-d6a3-e6dfdc2980f1.json	201	1266		2026/patients/ingest-responses-load0-topoff/ingest-response-1.json
/home/glilly/work/vista-stack/HL7-FHIR-quality-testing/2026/patients/raw/synthea-1000-20260901-20260101/fhir/Shawn523_Wunsch504_32bfb88f-f6c2-a898-7218-907b5d99b87e.json	201	1267		2026/patients/ingest-responses-load0-topoff/ingest-response-7.json
/home/glilly/work/vista-stack/HL7-FHIR-quality-testing/2026/patients/raw/synthea-1000-20260901-20260101/fhir/Shea825_Jule420_Lehner980_2751e24d-c78f-98a5-1b0e-8ec9d49cb8b0.json	201	1268		2026/patients/ingest-responses-load0-topoff/ingest-response-8.json
/home/glilly/work/vista-stack/HL7-FHIR-quality-testing/2026/patients/raw/synthea-1000-20260901-20260101/fhir/Shawn523_Haag279_25802dd3-14c7-b252-47cd-9ec5507ba669.json	201	1269		2026/patients/ingest-responses-load0-topoff/ingest-response-6.json
/home/glilly/work/vista-stack/HL7-FHIR-quality-testing/2026/patients/raw/synthea-1000-20260901-20260101/fhir/Shawana711_Renay451_Hyatt152_5db855e5-2db7-634f-057c-89bcbe750a02.json	201	1270		2026/patients/ingest-responses-load0-topoff/ingest-response-5.json
/home/glilly/work/vista-stack/HL7-FHIR-quality-testing/2026/patients/raw/synthea-1000-20260901-20260101/fhir/Shenika151_Hettinger594_2799fb4d-f746-daac-3aca-e72cc89d570d.json	201	1271		2026/patients/ingest-responses-load0-topoff/ingest-response-10.json
/home/glilly/work/vista-stack/HL7-FHIR-quality-testing/2026/patients/raw/synthea-1000-20260901-20260101/fhir/Sheldon401_Herman763_42492e66-7344-70a0-e1e6-00e67ac69686.json	201	1272		2026/patients/ingest-responses-load0-topoff/ingest-response-9.json
/home/glilly/work/vista-stack/HL7-FHIR-quality-testing/2026/patients/raw/synthea-1000-20260901-20260101/fhir/Sherita708_Gulgowski816_e7512618-6e05-a03d-133e-7847a364d12a.json	201	1274		2026/patients/ingest-responses-load0-topoff/ingest-response-14.json
/home/glilly/work/vista-stack/HL7-FHIR-quality-testing/2026/patients/raw/synthea-1000-20260901-20260101/fhir/Sherice231_Ratke343_6d540100-5468-ee6e-68ff-2822e2e0bc52.json	201	1274		2026/patients/ingest-responses-load0-topoff/ingest-response-12.json
/home/glilly/work/vista-stack/HL7-FHIR-quality-testing/2026/patients/raw/synthea-1000-20260901-20260101/fhir/Sherell789_Ginette140_Shields502_2affc12b-26a3-b68b-ba41-0f2a65c1851c.json	201	1274		2026/patients/ingest-responses-load0-topoff/ingest-response-11.json
/home/glilly/work/vista-stack/HL7-FHIR-quality-testing/2026/patients/raw/synthea-1000-20260901-20260101/fhir/Sherise735_Adina377_Smith67_ea029971-2185-58bf-e47e-d1950e92061a.json	201	1275		2026/patients/ingest-responses-load0-topoff/ingest-response-13.json
/home/glilly/work/vista-stack/HL7-FHIR-quality-testing/2026/patients/raw/synthea-1000-20260901-20260101/fhir/Sherman440_Marvin195_d86f5e39-3d19-fc56-0562-ef0491fcf604.json	201	1276		2026/patients/ingest-responses-load0-topoff/ingest-response-15.json
/home/glilly/work/vista-stack/HL7-FHIR-quality-testing/2026/patients/raw/synthea-1000-20260901-20260101/fhir/Shiela18_Bernier607_e3293732-87d1-aa2c-e6b1-14fe1d9c52cb.json	201	1277		2026/patients/ingest-responses-load0-topoff/ingest-response-17.json
/home/glilly/work/vista-stack/HL7-FHIR-quality-testing/2026/patients/raw/synthea-1000-20260901-20260101/fhir/Shirl54_Sonya602_Prosacco716_67a6f462-f1f3-35db-42f8-3d1181078ace.json	201	1278		2026/patients/ingest-responses-load0-topoff/ingest-response-19.json
/home/glilly/work/vista-stack/HL7-FHIR-quality-testing/2026/patients/raw/synthea-1000-20260901-20260101/fhir/Shirleen968_Carter549_c9268880-0867-896f-44ec-4088fabf9d34.json	201	1279		2026/patients/ingest-responses-load0-topoff/ingest-response-20.json
/home/glilly/work/vista-stack/HL7-FHIR-quality-testing/2026/patients/raw/synthea-1000-20260901-20260101/fhir/Sherron201_Cartwright189_b17883bb-72bf-5dcc-db02-b2960acad194.json	201	1278		2026/patients/ingest-responses-load0-topoff/ingest-response-16.json
/home/glilly/work/vista-stack/HL7-FHIR-quality-testing/2026/patients/raw/synthea-1000-20260901-20260101/fhir/Shiela18_Lakesha141_Heathcote539_e67d022c-86bf-cd1f-536f-5418f5a7760a.json	201	1280		2026/patients/ingest-responses-load0-topoff/ingest-response-18.json
/home/glilly/work/vista-stack/HL7-FHIR-quality-testing/2026/patients/raw/synthea-1000-20260901-20260101/fhir/Sid118_Labadie908_3564d662-8ddb-a30e-1367-2a1e10cc357f.json	201	1281		2026/patients/ingest-responses-load0-topoff/ingest-response-23.json
/home/glilly/work/vista-stack/HL7-FHIR-quality-testing/2026/patients/raw/synthea-1000-20260901-20260101/fhir/Silvana620_Walker122_183a7fe1-a429-f2f2-2e89-119d02ce7524.json	201	1282		2026/patients/ingest-responses-load0-topoff/ingest-response-24.json
/home/glilly/work/vista-stack/HL7-FHIR-quality-testing/2026/patients/raw/synthea-1000-20260901-20260101/fhir/Shonta375_Carolyne559_Bergnaum523_0343eeed-4f76-f409-0a4c-8b330c4a7d31.json	201	1282		2026/patients/ingest-responses-load0-topoff/ingest-response-22.json
/home/glilly/work/vista-stack/HL7-FHIR-quality-testing/2026/patients/raw/synthea-1000-20260901-20260101/fhir/Silvia880_Andrea7_Urbina137_bb3cb038-b200-2987-c9ff-7e91a6f27754.json	201	1283		2026/patients/ingest-responses-load0-topoff/ingest-response-25.json
/home/glilly/work/vista-stack/HL7-FHIR-quality-testing/2026/patients/raw/synthea-1000-20260901-20260101/fhir/Simone657_Ailene520_Harber290_c8e01100-5a50-6473-f01f-0bbc10b22240.json	201	1284		2026/patients/ingest-responses-load0-topoff/ingest-response-26.json
/home/glilly/work/vista-stack/HL7-FHIR-quality-testing/2026/patients/raw/synthea-1000-20260901-20260101/fhir/Sina65_Barbra486_Bayer639_b5b61a44-f673-e40d-e4ad-62944a170740.json	201	1285		2026/patients/ingest-responses-load0-topoff/ingest-response-28.json
/home/glilly/work/vista-stack/HL7-FHIR-quality-testing/2026/patients/raw/synthea-1000-20260901-20260101/fhir/Sixta311_Herzog843_bc655a51-9ae8-8bee-2d7b-8244f5f4c45e.json	201	1286		2026/patients/ingest-responses-load0-topoff/ingest-response-29.json
/home/glilly/work/vista-stack/HL7-FHIR-quality-testing/2026/patients/raw/synthea-1000-20260901-20260101/fhir/Sofia418_Martínez540_ea8375a7-395c-7667-2833-9f28c37709e6.json	201	1287		2026/patients/ingest-responses-load0-topoff/ingest-response-32.json
/home/glilly/work/vista-stack/HL7-FHIR-quality-testing/2026/patients/raw/synthea-1000-20260901-20260101/fhir/Socorro465_Mariel814_Pollich983_7cf98e64-651d-1d97-a365-d6dd809eee9f.json	201	1287		2026/patients/ingest-responses-load0-topoff/ingest-response-30.json
/home/glilly/work/vista-stack/HL7-FHIR-quality-testing/2026/patients/raw/synthea-1000-20260901-20260101/fhir/Sofia418_Barrera709_681c4c30-6a5c-79e9-4319-f1d74fde662c.json	201	1288		2026/patients/ingest-responses-load0-topoff/ingest-response-31.json
/home/glilly/work/vista-stack/HL7-FHIR-quality-testing/2026/patients/raw/synthea-1000-20260901-20260101/fhir/Sol312_Beer512_17aaba67-dd91-1571-b265-27eb5633d8a5.json	201	1289		2026/patients/ingest-responses-load0-topoff/ingest-response-33.json
/home/glilly/work/vista-stack/HL7-FHIR-quality-testing/2026/patients/raw/synthea-1000-20260901-20260101/fhir/Sol312_Goodwin327_fbdb3b1b-2546-542f-0ba2-d7edc8c5d4d4.json	201	1290		2026/patients/ingest-responses-load0-topoff/ingest-response-34.json
/home/glilly/work/vista-stack/HL7-FHIR-quality-testing/2026/patients/raw/synthea-1000-20260901-20260101/fhir/Sol312_Lind531_108ba936-6190-d9e9-9f88-0532eccee926.json	201	1291		2026/patients/ingest-responses-load0-topoff/ingest-response-35.json
/home/glilly/work/vista-stack/HL7-FHIR-quality-testing/2026/patients/raw/synthea-1000-20260901-20260101/fhir/Solange45_Rosetta750_Corwin846_a1475f65-e055-7cd6-2983-e9a728991a09.json	201	1292		2026/patients/ingest-responses-load0-topoff/ingest-response-36.json
/home/glilly/work/vista-stack/HL7-FHIR-quality-testing/2026/patients/raw/synthea-1000-20260901-20260101/fhir/Stan246_Schaefer657_86203595-c2b9-8a2b-21f6-0b5cdf715d85.json	201	1296		2026/patients/ingest-responses-load0-topoff/ingest-response-44.json
/home/glilly/work/vista-stack/HL7-FHIR-quality-testing/2026/patients/raw/synthea-1000-20260901-20260101/fhir/Stacey209_Glover433_436958bb-d21e-e3ae-d62a-2aea8fbc938c.json	201	1297		2026/patients/ingest-responses-load0-topoff/ingest-response-43.json
/home/glilly/work/vista-stack/HL7-FHIR-quality-testing/2026/patients/raw/synthea-1000-20260901-20260101/fhir/Stanton715_Brown30_9cd1b153-af2c-b116-69e2-fae049f1a1af.json	201	1300		2026/patients/ingest-responses-load0-topoff/ingest-response-45.json
/home/glilly/work/vista-stack/HL7-FHIR-quality-testing/2026/patients/raw/synthea-1000-20260901-20260101/fhir/Stefany238_Marquardt819_cceb4417-71ad-d087-4ab6-d441f5a7452c.json	201	1300		2026/patients/ingest-responses-load0-topoff/ingest-response-46.json
/home/glilly/work/vista-stack/HL7-FHIR-quality-testing/2026/patients/raw/synthea-1000-20260901-20260101/fhir/Stephen891_Brown30_743fc02d-6ba9-a272-636e-46e907d43246.json	201	1301		2026/patients/ingest-responses-load0-topoff/ingest-response-49.json
/home/glilly/work/vista-stack/HL7-FHIR-quality-testing/2026/patients/raw/synthea-1000-20260901-20260101/fhir/Stephen891_Johnston597_75e746a3-5d58-b7b2-4717-d86a91eff2b3.json	201	1303		2026/patients/ingest-responses-load0-topoff/ingest-response-52.json
/home/glilly/work/vista-stack/HL7-FHIR-quality-testing/2026/patients/raw/synthea-1000-20260901-20260101/fhir/Stephen891_Mosciski958_02414aba-f863-f66d-733f-88d1ed85a844.json	201	1305		2026/patients/ingest-responses-load0-topoff/ingest-response-53.json
/home/glilly/work/vista-stack/HL7-FHIR-quality-testing/2026/patients/raw/synthea-1000-20260901-20260101/fhir/Steven797_Satterfield305_662eddb5-d272-b33f-2fea-8c71b3073373.json	201	1306		2026/patients/ingest-responses-load0-topoff/ingest-response-55.json
/home/glilly/work/vista-stack/HL7-FHIR-quality-testing/2026/patients/raw/synthea-1000-20260901-20260101/fhir/Sterling124_Stiedemann542_77d713cf-026d-9513-ab62-9fd0ae29c010.json	201	1307		2026/patients/ingest-responses-load0-topoff/ingest-response-54.json
/home/glilly/work/vista-stack/HL7-FHIR-quality-testing/2026/patients/raw/synthea-1000-20260901-20260101/fhir/Stevie682_Terry864_a52e21bc-bef9-40e1-1a37-4391d1d793f9.json	201	1308		2026/patients/ingest-responses-load0-topoff/ingest-response-56.json
/home/glilly/work/vista-stack/HL7-FHIR-quality-testing/2026/patients/raw/synthea-1000-20260901-20260101/fhir/Su690_Rutherford999_09f8f235-3a72-997d-4d12-d75796235ef6.json	201	1309		2026/patients/ingest-responses-load0-topoff/ingest-response-58.json
/home/glilly/work/vista-stack/HL7-FHIR-quality-testing/2026/patients/raw/synthea-1000-20260901-20260101/fhir/Sue491_Mraz590_ca81b5cd-cd36-d74d-f122-1d6352365d90.json	201	1310		2026/patients/ingest-responses-load0-topoff/ingest-response-59.json
/home/glilly/work/vista-stack/HL7-FHIR-quality-testing/2026/patients/raw/synthea-1000-20260901-20260101/fhir/Suellen60_Jimmie93_Renner328_b5760c97-bfe4-8142-f601-df51b3b7ca9c.json	201	1311		2026/patients/ingest-responses-load0-topoff/ingest-response-60.json
