bundle_path	patient_id	patient_name	birthDate	gender
/home/glilly/work/vista-stack/HL7-FHIR-quality-testing/2026/patients/raw/synthea-1000-20260804-20260804/fhir/Abdul218_Schaefer657_4720e71f-6f56-c8db-aaa4-64b3992cdc49.json	4720e71f-6f56-c8db-aaa4-64b3992cdc49	Abdul218 Shaun461 Schaefer657	2017-08-21	male
/home/glilly/work/vista-stack/HL7-FHIR-quality-testing/2026/patients/raw/synthea-1000-20260804-20260804/fhir/Abe604_Altenwerth646_99639777-7031-6c54-cbd5-c5608245b710.json	99639777-7031-6c54-cbd5-c5608245b710	Abe604 Gerardo48 Altenwerth646	2021-06-06	male
/home/glilly/work/vista-stack/HL7-FHIR-quality-testing/2026/patients/raw/synthea-1000-20260804-20260804/fhir/Abe604_Kozey370_554c27b5-6d9a-c362-c089-b79e258944e4.json	554c27b5-6d9a-c362-c089-b79e258944e4	Abe604 Leandro563 Kozey370	1954-08-28	male
/home/glilly/work/vista-stack/HL7-FHIR-quality-testing/2026/patients/raw/synthea-1000-20260804-20260804/fhir/Abe604_Price929_9abb8ebc-cb99-e832-2c9c-4b34dd4fadbf.json	9abb8ebc-cb99-e832-2c9c-4b34dd4fadbf	Abe604 Johnny786 Price929	1916-11-02	male
/home/glilly/work/vista-stack/HL7-FHIR-quality-testing/2026/patients/raw/synthea-1000-20260804-20260804/fhir/Abel832_Barton704_f1704319-b02f-317f-9cd9-a73faa1ad80d.json	f1704319-b02f-317f-9cd9-a73faa1ad80d	Abel832 Joaquin141 Barton704	2007-01-05	male
/home/glilly/work/vista-stack/HL7-FHIR-quality-testing/2026/patients/raw/synthea-1000-20260804-20260804/fhir/Ada662_Lynch190_8f90ce44-b087-7e73-3672-dde2ca24eea3.json	8f90ce44-b087-7e73-3672-dde2ca24eea3	Ada662 Chris95 Lynch190	2004-01-30	female
/home/glilly/work/vista-stack/HL7-FHIR-quality-testing/2026/patients/raw/synthea-1000-20260804-20260804/fhir/Adalberto916_Deckow585_bc4e33be-6ff6-8b3f-95d9-6436614bc2b4.json	bc4e33be-6ff6-8b3f-95d9-6436614bc2b4	Adalberto916 Deckow585	2019-03-13	male
/home/glilly/work/vista-stack/HL7-FHIR-quality-testing/2026/patients/raw/synthea-1000-20260804-20260804/fhir/Adam631_Pfannerstill264_639455c5-ebba-81e1-1a1d-df57c0cd3a2e.json	639455c5-ebba-81e1-1a1d-df57c0cd3a2e	Adam631 Pfannerstill264	1992-03-18	male
/home/glilly/work/vista-stack/HL7-FHIR-quality-testing/2026/patients/raw/synthea-1000-20260804-20260804/fhir/Adela471_Medina536_6f7430a6-1fa5-5dc3-bcb0-b0a5f66a8f8d.json	6f7430a6-1fa5-5dc3-bcb0-b0a5f66a8f8d	Adela471 Medina536	1968-09-01	female
/home/glilly/work/vista-stack/HL7-FHIR-quality-testing/2026/patients/raw/synthea-1000-20260804-20260804/fhir/Adelaida985_Chan58_Franecki195_fbf9451d-2590-2c27-6811-c50629918151.json	fbf9451d-2590-2c27-6811-c50629918151	Adelaida985 Chan58 Franecki195	1986-12-03	female
/home/glilly/work/vista-stack/HL7-FHIR-quality-testing/2026/patients/raw/synthea-1000-20260804-20260804/fhir/Adelaide981_McLaughlin530_59a5b241-2080-b89c-4ced-9493c311c67c.json	59a5b241-2080-b89c-4ced-9493c311c67c	Adelaide981 McLaughlin530	2016-03-20	female
/home/glilly/work/vista-stack/HL7-FHIR-quality-testing/2026/patients/raw/synthea-1000-20260804-20260804/fhir/Adeline686_Renner328_5235064f-4221-9094-3ba2-c126b832fc58.json	5235064f-4221-9094-3ba2-c126b832fc58	Adeline686 Renner328	1971-06-27	female
/home/glilly/work/vista-stack/HL7-FHIR-quality-testing/2026/patients/raw/synthea-1000-20260804-20260804/fhir/Adena533_Hildegard72_Schaefer657_658aed88-eeab-7f2a-32d3-394c938503a8.json	658aed88-eeab-7f2a-32d3-394c938503a8	Adena533 Hildegard72 Schaefer657	1960-03-30	female
/home/glilly/work/vista-stack/HL7-FHIR-quality-testing/2026/patients/raw/synthea-1000-20260804-20260804/fhir/Adriane398_Gaylord332_63ebece3-f9b1-48ee-5b90-bf2e6a580543.json	63ebece3-f9b1-48ee-5b90-bf2e6a580543	Adriane398 Esmeralda972 Gaylord332	2021-11-20	female
/home/glilly/work/vista-stack/HL7-FHIR-quality-testing/2026/patients/raw/synthea-1000-20260804-20260804/fhir/Agueda283_Moen819_e78cce68-6772-5ba5-81e8-dd2f00be4f37.json	e78cce68-6772-5ba5-81e8-dd2f00be4f37	Agueda283 Moen819	1980-09-04	female
/home/glilly/work/vista-stack/HL7-FHIR-quality-testing/2026/patients/raw/synthea-1000-20260804-20260804/fhir/Agustin437_Emmerich580_04cca7c0-a861-4f38-9cfc-eb0acac1f72d.json	04cca7c0-a861-4f38-9cfc-eb0acac1f72d	Agustin437 Matt836 Emmerich580	2004-11-13	male
/home/glilly/work/vista-stack/HL7-FHIR-quality-testing/2026/patients/raw/synthea-1000-20260804-20260804/fhir/Albertha209_Shawnda528_Smitham825_5832b4d8-b9aa-b1ec-5055-92b33d3cd1aa.json	5832b4d8-b9aa-b1ec-5055-92b33d3cd1aa	Albertha209 Shawnda528 Smitham825	1918-12-14	female
/home/glilly/work/vista-stack/HL7-FHIR-quality-testing/2026/patients/raw/synthea-1000-20260804-20260804/fhir/Alberto639_Mertz280_4123c3a8-dd3c-c8f4-7020-6a1391fe1410.json	4123c3a8-dd3c-c8f4-7020-6a1391fe1410	Alberto639 Todd315 Mertz280	1962-06-09	male
/home/glilly/work/vista-stack/HL7-FHIR-quality-testing/2026/patients/raw/synthea-1000-20260804-20260804/fhir/Alec433_Dickinson688_810bde10-5b2d-3a23-c2b3-a8c45bbce80d.json	810bde10-5b2d-3a23-c2b3-a8c45bbce80d	Alec433 Rafael239 Dickinson688	1993-03-07	male
/home/glilly/work/vista-stack/HL7-FHIR-quality-testing/2026/patients/raw/synthea-1000-20260804-20260804/fhir/Alejandro916_Carrera906_92ecbf0b-37cb-83e5-fcc8-294e49ce22ab.json	92ecbf0b-37cb-83e5-fcc8-294e49ce22ab	Alejandro916 Eduardo902 Carrera906	1990-07-21	male
/home/glilly/work/vista-stack/HL7-FHIR-quality-testing/2026/patients/raw/synthea-1000-20260804-20260804/fhir/Alejandro916_Hilpert278_79118bc4-5fa1-faf0-bb7d-6385b9b48b3c.json	79118bc4-5fa1-faf0-bb7d-6385b9b48b3c	Alejandro916 Hilpert278	1992-06-20	male
/home/glilly/work/vista-stack/HL7-FHIR-quality-testing/2026/patients/raw/synthea-1000-20260804-20260804/fhir/Aleshia311_Hortensia953_Metz686_38c50ff2-b38c-b578-4211-10479914816b.json	38c50ff2-b38c-b578-4211-10479914816b	Aleshia311 Hortensia953 Metz686	1959-08-06	female
/home/glilly/work/vista-stack/HL7-FHIR-quality-testing/2026/patients/raw/synthea-1000-20260804-20260804/fhir/Aleta47_Sporer811_0f665835-930f-5e1f-c0cd-022656f8c145.json	0f665835-930f-5e1f-c0cd-022656f8c145	Aleta47 Willodean275 Sporer811	1996-06-09	female
/home/glilly/work/vista-stack/HL7-FHIR-quality-testing/2026/patients/raw/synthea-1000-20260804-20260804/fhir/Alex454_Hammes673_f0c3e753-6423-81d2-a8ed-f054afa649a8.json	f0c3e753-6423-81d2-a8ed-f054afa649a8	Alex454 Treena759 Hammes673	1950-03-08	female
/home/glilly/work/vista-stack/HL7-FHIR-quality-testing/2026/patients/raw/synthea-1000-20260804-20260804/fhir/Alexis664_Pouros728_177a6086-7844-e4d8-296d-21eace0f21d6.json	177a6086-7844-e4d8-296d-21eace0f21d6	Alexis664 Branden904 Pouros728	1973-02-25	male
/home/glilly/work/vista-stack/HL7-FHIR-quality-testing/2026/patients/raw/synthea-1000-20260804-20260804/fhir/Alfonso758_Bravo546_d7c1e327-6f7e-f56a-29da-8331921be7d6.json	d7c1e327-6f7e-f56a-29da-8331921be7d6	Alfonso758 Clemente531 Bravo546	1987-09-09	male
/home/glilly/work/vista-stack/HL7-FHIR-quality-testing/2026/patients/raw/synthea-1000-20260804-20260804/fhir/Alfonso758_Schultz619_29b7bcb8-39a0-6fed-90b9-e7b3e1e91341.json	29b7bcb8-39a0-6fed-90b9-e7b3e1e91341	Alfonso758 Jarred626 Schultz619	2000-10-26	male
/home/glilly/work/vista-stack/HL7-FHIR-quality-testing/2026/patients/raw/synthea-1000-20260804-20260804/fhir/Alfred550_Koelpin146_e7fe021e-ae86-dc79-f131-db82b38771c8.json	e7fe021e-ae86-dc79-f131-db82b38771c8	Alfred550 Jeffrey461 Koelpin146	2024-12-24	male
/home/glilly/work/vista-stack/HL7-FHIR-quality-testing/2026/patients/raw/synthea-1000-20260804-20260804/fhir/Alfred550_Schmidt332_ce6c7f8b-c573-f6bc-fe3a-74fc344976b6.json	ce6c7f8b-c573-f6bc-fe3a-74fc344976b6	Alfred550 Mike230 Schmidt332	1996-04-12	male
/home/glilly/work/vista-stack/HL7-FHIR-quality-testing/2026/patients/raw/synthea-1000-20260804-20260804/fhir/Alfredo17_Bashirian201_3e916798-c57e-aac3-b44f-02e411178540.json	3e916798-c57e-aac3-b44f-02e411178540	Alfredo17 Nathanial472 Bashirian201	2020-10-18	male
/home/glilly/work/vista-stack/HL7-FHIR-quality-testing/2026/patients/raw/synthea-1000-20260804-20260804/fhir/Ali918_Miller503_4e20a6f2-3dfa-b630-eb7c-eb59cee60ecb.json	4e20a6f2-3dfa-b630-eb7c-eb59cee60ecb	Ali918 Gilbert263 Miller503	1961-10-08	male
/home/glilly/work/vista-stack/HL7-FHIR-quality-testing/2026/patients/raw/synthea-1000-20260804-20260804/fhir/Alishia395_Homenick806_4053e894-29a4-33f6-ed57-69bf45c7ae49.json	4053e894-29a4-33f6-ed57-69bf45c7ae49	Alishia395 Debbi640 Homenick806	2023-01-14	female
/home/glilly/work/vista-stack/HL7-FHIR-quality-testing/2026/patients/raw/synthea-1000-20260804-20260804/fhir/Alla648_Abbott774_c78d9ca1-8bc8-9658-0178-81ec7b41949f.json	c78d9ca1-8bc8-9658-0178-81ec7b41949f	Alla648 Abbott774	1952-04-26	female
/home/glilly/work/vista-stack/HL7-FHIR-quality-testing/2026/patients/raw/synthea-1000-20260804-20260804/fhir/Allegra202_Cathryn51_Marquardt819_0d88591f-6485-031a-204e-b01cff437ca0.json	0d88591f-6485-031a-204e-b01cff437ca0	Allegra202 Cathryn51 Marquardt819	1972-10-19	female
/home/glilly/work/vista-stack/HL7-FHIR-quality-testing/2026/patients/raw/synthea-1000-20260804-20260804/fhir/Allen322_Wyman904_ce8db9f4-dc79-483b-35c4-1d4b2f5398ff.json	ce8db9f4-dc79-483b-35c4-1d4b2f5398ff	Allen322 Wyman904	1982-03-17	male
/home/glilly/work/vista-stack/HL7-FHIR-quality-testing/2026/patients/raw/synthea-1000-20260804-20260804/fhir/Allyson474_Goldie436_Koepp521_e0ab26f2-2f53-0209-ff71-a82d8b908f0e.json	e0ab26f2-2f53-0209-ff71-a82d8b908f0e	Allyson474 Goldie436 Koepp521	1977-01-24	female
/home/glilly/work/vista-stack/HL7-FHIR-quality-testing/2026/patients/raw/synthea-1000-20260804-20260804/fhir/Almeda560_Rau926_4ed2c308-c0b3-c7b9-6420-db1198656bf4.json	4ed2c308-c0b3-c7b9-6420-db1198656bf4	Almeda560 Victorina579 Rau926	1982-02-25	female
/home/glilly/work/vista-stack/HL7-FHIR-quality-testing/2026/patients/raw/synthea-1000-20260804-20260804/fhir/Alonso270_Willms744_a7a6fd6b-f3b0-ee47-dab7-9700fd43f852.json	a7a6fd6b-f3b0-ee47-dab7-9700fd43f852	Alonso270 Willms744	2001-09-08	male
/home/glilly/work/vista-stack/HL7-FHIR-quality-testing/2026/patients/raw/synthea-1000-20260804-20260804/fhir/Alva958_Gema698_Walter473_02aa5ce4-847d-1a9c-16b8-d54520a88a10.json	02aa5ce4-847d-1a9c-16b8-d54520a88a10	Alva958 Gema698 Walter473	1971-11-22	female
/home/glilly/work/vista-stack/HL7-FHIR-quality-testing/2026/patients/raw/synthea-1000-20260804-20260804/fhir/Alva958_Wilkinson796_bdd476b4-f243-c8ea-ce1e-2b2122cb22c0.json	bdd476b4-f243-c8ea-ce1e-2b2122cb22c0	Alva958 Quinn173 Wilkinson796	1988-01-23	male
/home/glilly/work/vista-stack/HL7-FHIR-quality-testing/2026/patients/raw/synthea-1000-20260804-20260804/fhir/Alva958_Williamson769_11d7079b-6a1a-5714-beaa-3615c0bde7c5.json	11d7079b-6a1a-5714-beaa-3615c0bde7c5	Alva958 Wm806 Williamson769	1960-12-26	male
/home/glilly/work/vista-stack/HL7-FHIR-quality-testing/2026/patients/raw/synthea-1000-20260804-20260804/fhir/Alysa236_Koelpin146_be162e42-136d-e438-85ba-f8aced0dcc11.json	be162e42-136d-e438-85ba-f8aced0dcc11	Alysa236 Eleni953 Koelpin146	1999-04-21	female
/home/glilly/work/vista-stack/HL7-FHIR-quality-testing/2026/patients/raw/synthea-1000-20260804-20260804/fhir/Alyse240_Stanton715_40d3a740-3e66-3786-d256-6f4cfa1da26b.json	40d3a740-3e66-3786-d256-6f4cfa1da26b	Alyse240 Laurine214 Stanton715	2007-01-25	female
/home/glilly/work/vista-stack/HL7-FHIR-quality-testing/2026/patients/raw/synthea-1000-20260804-20260804/fhir/Amado512_Haley279_5698c453-d3e3-e99c-cc8f-7d7dba887b70.json	5698c453-d3e3-e99c-cc8f-7d7dba887b70	Amado512 Ezequiel972 Haley279	1958-08-04	male
/home/glilly/work/vista-stack/HL7-FHIR-quality-testing/2026/patients/raw/synthea-1000-20260804-20260804/fhir/Amado512_Nader710_e75ffa48-46aa-30cf-deca-60e8348da145.json	e75ffa48-46aa-30cf-deca-60e8348da145	Amado512 Alfonzo975 Nader710	1983-10-20	male
/home/glilly/work/vista-stack/HL7-FHIR-quality-testing/2026/patients/raw/synthea-1000-20260804-20260804/fhir/Ambrose149_Ruecker817_f8bb8a59-5a0b-b9b9-24a9-d64345444e68.json	f8bb8a59-5a0b-b9b9-24a9-d64345444e68	Ambrose149 Charlie254 Ruecker817	1995-04-12	male
/home/glilly/work/vista-stack/HL7-FHIR-quality-testing/2026/patients/raw/synthea-1000-20260804-20260804/fhir/Ambrose149_Senger904_dbae3d79-5cfb-e9a9-6263-cdac03457ffc.json	dbae3d79-5cfb-e9a9-6263-cdac03457ffc	Ambrose149 Senger904	1975-01-01	male
/home/glilly/work/vista-stack/HL7-FHIR-quality-testing/2026/patients/raw/synthea-1000-20260804-20260804/fhir/Amparo58_Hintz995_f41ab85e-ca14-7965-b03a-5c3ec955186f.json	f41ab85e-ca14-7965-b03a-5c3ec955186f	Amparo58 Jeanelle736 Hintz995	1999-05-20	female
/home/glilly/work/vista-stack/HL7-FHIR-quality-testing/2026/patients/raw/synthea-1000-20260804-20260804/fhir/Amy965_Aracelis412_Beier427_71d906e9-aae1-ba3c-f059-e3ffbfd6852b.json	71d906e9-aae1-ba3c-f059-e3ffbfd6852b	Amy965 Aracelis412 Beier427	1942-09-08	female
/home/glilly/work/vista-stack/HL7-FHIR-quality-testing/2026/patients/raw/synthea-1000-20260804-20260804/fhir/Anabel269_Vashti163_Welch179_50a4b8b6-b672-273e-a6ae-f3d67abfff81.json	50a4b8b6-b672-273e-a6ae-f3d67abfff81	Anabel269 Vashti163 Welch179	1938-04-07	female
/home/glilly/work/vista-stack/HL7-FHIR-quality-testing/2026/patients/raw/synthea-1000-20260804-20260804/fhir/Anderson154_Ortiz186_0b4966da-2b7c-7fd9-d2cb-da36142406d2.json	0b4966da-2b7c-7fd9-d2cb-da36142406d2	Anderson154 Brant303 Ortiz186	1964-07-04	male
/home/glilly/work/vista-stack/HL7-FHIR-quality-testing/2026/patients/raw/synthea-1000-20260804-20260804/fhir/Andra606_Blick895_a470757c-c992-4577-425c-04d4794d4b55.json	a470757c-c992-4577-425c-04d4794d4b55	Andra606 Isela504 Blick895	2014-04-11	female
/home/glilly/work/vista-stack/HL7-FHIR-quality-testing/2026/patients/raw/synthea-1000-20260804-20260804/fhir/Andre610_Haley279_f88b1522-2c4a-f43d-cc44-f1bfb7b16c0d.json	f88b1522-2c4a-f43d-cc44-f1bfb7b16c0d	Andre610 Ivory697 Haley279	2017-05-14	male
/home/glilly/work/vista-stack/HL7-FHIR-quality-testing/2026/patients/raw/synthea-1000-20260804-20260804/fhir/Andrew29_Hilll811_6f41d608-7ed1-d070-6446-30f71f831fe9.json	6f41d608-7ed1-d070-6446-30f71f831fe9	Andrew29 John539 Hilll811	1962-01-10	male
/home/glilly/work/vista-stack/HL7-FHIR-quality-testing/2026/patients/raw/synthea-1000-20260804-20260804/fhir/Andria131_Kozey370_cbca5d6a-cfe6-c25f-596b-373dd784e52c.json	cbca5d6a-cfe6-c25f-596b-373dd784e52c	Andria131 Maranda920 Kozey370	1998-12-24	female
/home/glilly/work/vista-stack/HL7-FHIR-quality-testing/2026/patients/raw/synthea-1000-20260804-20260804/fhir/Andy346_Upton904_bfec881c-4685-3f67-e857-1325684560ad.json	bfec881c-4685-3f67-e857-1325684560ad	Andy346 Clair921 Upton904	2009-04-06	male
/home/glilly/work/vista-stack/HL7-FHIR-quality-testing/2026/patients/raw/synthea-1000-20260804-20260804/fhir/Angel97_Hills818_4eb0c717-bbcb-a37a-e47e-f3f3f23cf391.json	4eb0c717-bbcb-a37a-e47e-f3f3f23cf391	Angel97 Indira327 Hills818	1999-07-07	female
/home/glilly/work/vista-stack/HL7-FHIR-quality-testing/2026/patients/raw/synthea-1000-20260804-20260804/fhir/Angelia425_Patrice780_Koss676_ce43bf55-63f7-310e-84d5-0bef6d7320df.json	ce43bf55-63f7-310e-84d5-0bef6d7320df	Angelia425 Patrice780 Koss676	1983-11-06	female
/home/glilly/work/vista-stack/HL7-FHIR-quality-testing/2026/patients/raw/synthea-1000-20260804-20260804/fhir/Angelo118_O'Keefe54_9bdcf727-9b69-6b3b-f386-2569ed651618.json	9bdcf727-9b69-6b3b-f386-2569ed651618	Angelo118 Alfonso758 O'Keefe54	1977-06-14	male
/home/glilly/work/vista-stack/HL7-FHIR-quality-testing/2026/patients/raw/synthea-1000-20260804-20260804/fhir/Anh979_Kozey370_a88d0eb5-eac9-017d-f305-b9bddf7e5c61.json	a88d0eb5-eac9-017d-f305-b9bddf7e5c61	Anh979 Maud851 Kozey370	2012-04-19	female
/home/glilly/work/vista-stack/HL7-FHIR-quality-testing/2026/patients/raw/synthea-1000-20260804-20260804/fhir/Ann985_Jeannine438_Grimes165_18ffd58f-0f70-5cd7-04a4-7217952a8949.json	18ffd58f-0f70-5cd7-04a4-7217952a8949	Ann985 Jeannine438 Grimes165	1962-11-10	female
/home/glilly/work/vista-stack/HL7-FHIR-quality-testing/2026/patients/raw/synthea-1000-20260804-20260804/fhir/Annabelle638_Reita211_Bayer639_6efda8b0-a115-95f4-32e6-2725899e7806.json	6efda8b0-a115-95f4-32e6-2725899e7806	Annabelle638 Reita211 Bayer639	1916-12-28	female
/home/glilly/work/vista-stack/HL7-FHIR-quality-testing/2026/patients/raw/synthea-1000-20260804-20260804/fhir/Anneliese170_Sheron583_Marks830_83eff7af-372d-935d-db47-5d50a7a799a1.json	83eff7af-372d-935d-db47-5d50a7a799a1	Anneliese170 Sheron583 Marks830	1984-04-14	female
/home/glilly/work/vista-stack/HL7-FHIR-quality-testing/2026/patients/raw/synthea-1000-20260804-20260804/fhir/Annemarie794_Littel644_b5c4de9b-827e-246f-b7e3-1329e219600b.json	b5c4de9b-827e-246f-b7e3-1329e219600b	Annemarie794 Theressa101 Littel644	1969-04-19	female
/home/glilly/work/vista-stack/HL7-FHIR-quality-testing/2026/patients/raw/synthea-1000-20260804-20260804/fhir/Annie941_Jacobi462_7a7c228a-d279-e3b6-2a24-d75bfabf3712.json	7a7c228a-d279-e3b6-2a24-d75bfabf3712	Annie941 Gidget756 Jacobi462	2023-06-22	female
/home/glilly/work/vista-stack/HL7-FHIR-quality-testing/2026/patients/raw/synthea-1000-20260804-20260804/fhir/Annmarie79_Turner526_a7d54f09-7182-db6a-f108-45c6a181911a.json	a7d54f09-7182-db6a-f108-45c6a181911a	Annmarie79 Turner526	1995-10-28	female
/home/glilly/work/vista-stack/HL7-FHIR-quality-testing/2026/patients/raw/synthea-1000-20260804-20260804/fhir/Anton902_West559_310ae2cc-5054-06a5-bf96-fdef2cd6fda8.json	310ae2cc-5054-06a5-bf96-fdef2cd6fda8	Anton902 Neville893 West559	1974-12-09	male
/home/glilly/work/vista-stack/HL7-FHIR-quality-testing/2026/patients/raw/synthea-1000-20260804-20260804/fhir/Antonia30_Hickle134_371c045b-6c91-1f8b-fb22-6f5df457095a.json	371c045b-6c91-1f8b-fb22-6f5df457095a	Antonia30 Duncan491 Hickle134	1996-04-25	male
/home/glilly/work/vista-stack/HL7-FHIR-quality-testing/2026/patients/raw/synthea-1000-20260804-20260804/fhir/Antonia30_Marisol435_Espinal146_9ac54ade-ba1e-bb94-c578-c8121921cf19.json	9ac54ade-ba1e-bb94-c578-c8121921cf19	Antonia30 Marisol435 Espinal146	1964-07-28	female
/home/glilly/work/vista-stack/HL7-FHIR-quality-testing/2026/patients/raw/synthea-1000-20260804-20260804/fhir/Antonio44_Kautzer186_a765974b-1bc6-698f-73bc-4fcbfb96c55f.json	a765974b-1bc6-698f-73bc-4fcbfb96c55f	Antonio44 Kautzer186	1974-08-23	female
/home/glilly/work/vista-stack/HL7-FHIR-quality-testing/2026/patients/raw/synthea-1000-20260804-20260804/fhir/Antonio44_Prosacco716_b95ef530-284e-954b-1ff0-2b40fa693cd9.json	b95ef530-284e-954b-1ff0-2b40fa693cd9	Antonio44 Terry864 Prosacco716	2001-01-22	male
/home/glilly/work/vista-stack/HL7-FHIR-quality-testing/2026/patients/raw/synthea-1000-20260804-20260804/fhir/Apryl870_Kuphal363_620fcf13-6729-351b-2693-bbfe3a89e660.json	620fcf13-6729-351b-2693-bbfe3a89e660	Apryl870 Rosanna866 Kuphal363	1965-06-22	female
/home/glilly/work/vista-stack/HL7-FHIR-quality-testing/2026/patients/raw/synthea-1000-20260804-20260804/fhir/Ardelle563_Baumbach677_013dcf1e-a53a-9542-992f-c303956ff5cd.json	013dcf1e-a53a-9542-992f-c303956ff5cd	Ardelle563 Colleen54 Baumbach677	2006-03-20	female
/home/glilly/work/vista-stack/HL7-FHIR-quality-testing/2026/patients/raw/synthea-1000-20260804-20260804/fhir/Ardelle563_Gottlieb798_c8886eac-b4a5-5204-7107-4b6c3a2b338b.json	c8886eac-b4a5-5204-7107-4b6c3a2b338b	Ardelle563 Conception120 Gottlieb798	2018-03-01	female
/home/glilly/work/vista-stack/HL7-FHIR-quality-testing/2026/patients/raw/synthea-1000-20260804-20260804/fhir/Argentina169_McClure239_84b57223-cf44-c71c-2cfe-7bd9aa658ef5.json	84b57223-cf44-c71c-2cfe-7bd9aa658ef5	Argentina169 McClure239	1992-11-16	female
/home/glilly/work/vista-stack/HL7-FHIR-quality-testing/2026/patients/raw/synthea-1000-20260804-20260804/fhir/Ariane992_Kshlerin58_2aed6d3c-67b5-3b3e-e678-999dd11b9a11.json	2aed6d3c-67b5-3b3e-e678-999dd11b9a11	Ariane992 Kshlerin58	1957-04-02	female
/home/glilly/work/vista-stack/HL7-FHIR-quality-testing/2026/patients/raw/synthea-1000-20260804-20260804/fhir/Ariel183_Gorczany269_8de8cbaa-4326-d584-3953-ebb2a4335abc.json	8de8cbaa-4326-d584-3953-ebb2a4335abc	Ariel183 Hunter736 Gorczany269	1995-01-16	male
/home/glilly/work/vista-stack/HL7-FHIR-quality-testing/2026/patients/raw/synthea-1000-20260804-20260804/fhir/Arielle168_Hahn503_7cf9e150-407f-7b0d-2560-24acc8424101.json	7cf9e150-407f-7b0d-2560-24acc8424101	Arielle168 Carroll471 Hahn503	2008-12-11	female
/home/glilly/work/vista-stack/HL7-FHIR-quality-testing/2026/patients/raw/synthea-1000-20260804-20260804/fhir/Arlen68_Rodriguez71_e2e6a4aa-cc34-7b3e-c601-59341502b754.json	e2e6a4aa-cc34-7b3e-c601-59341502b754	Arlen68 Jon665 Rodriguez71	1980-08-15	male
/home/glilly/work/vista-stack/HL7-FHIR-quality-testing/2026/patients/raw/synthea-1000-20260804-20260804/fhir/Armand155_Farrell962_6bc77f37-699e-0ff1-5f5f-0ae83ddf3ed0.json	6bc77f37-699e-0ff1-5f5f-0ae83ddf3ed0	Armand155 Barry322 Farrell962	1963-07-08	male
/home/glilly/work/vista-stack/HL7-FHIR-quality-testing/2026/patients/raw/synthea-1000-20260804-20260804/fhir/Arnulfo253_Windler79_c4da419e-e4c5-3eb9-9ba3-66eb388d7a71.json	c4da419e-e4c5-3eb9-9ba3-66eb388d7a71	Arnulfo253 Raphael767 Windler79	1981-01-23	male
/home/glilly/work/vista-stack/HL7-FHIR-quality-testing/2026/patients/raw/synthea-1000-20260804-20260804/fhir/Arron144_Stracke611_5573f290-6ad0-1fbe-0202-8b11817962b2.json	5573f290-6ad0-1fbe-0202-8b11817962b2	Arron144 Stracke611	1928-03-27	male
/home/glilly/work/vista-stack/HL7-FHIR-quality-testing/2026/patients/raw/synthea-1000-20260804-20260804/fhir/Art115_Gerlach374_f6250ed6-01c5-663e-0537-e7a20369333f.json	f6250ed6-01c5-663e-0537-e7a20369333f	Art115 Randal152 Gerlach374	1952-11-13	male
/home/glilly/work/vista-stack/HL7-FHIR-quality-testing/2026/patients/raw/synthea-1000-20260804-20260804/fhir/Art115_O'Reilly797_789da6f1-a220-048e-8f17-649cfac92f1a.json	789da6f1-a220-048e-8f17-649cfac92f1a	Art115 O'Reilly797	1971-04-25	male
/home/glilly/work/vista-stack/HL7-FHIR-quality-testing/2026/patients/raw/synthea-1000-20260804-20260804/fhir/Arturo47_Hartmann983_edf02259-1edb-e916-7707-1a9b4e1f5be8.json	edf02259-1edb-e916-7707-1a9b4e1f5be8	Arturo47 Hartmann983	2021-03-06	male
/home/glilly/work/vista-stack/HL7-FHIR-quality-testing/2026/patients/raw/synthea-1000-20260804-20260804/fhir/Ashely524_Cleta89_Hayes766_8693680b-ba2c-ba9e-f3fb-e45ceeea9b62.json	8693680b-ba2c-ba9e-f3fb-e45ceeea9b62	Ashely524 Cleta89 Hayes766	1975-12-20	female
/home/glilly/work/vista-stack/HL7-FHIR-quality-testing/2026/patients/raw/synthea-1000-20260804-20260804/fhir/Ashly243_Klocko335_dc461bca-b843-afe4-45ed-b97ca9daab27.json	dc461bca-b843-afe4-45ed-b97ca9daab27	Ashly243 Marica887 Klocko335	2018-10-29	female
/home/glilly/work/vista-stack/HL7-FHIR-quality-testing/2026/patients/raw/synthea-1000-20260804-20260804/fhir/Ashton21_Bashirian201_5e12cbc0-8353-b2cb-8d8a-52415948c498.json	5e12cbc0-8353-b2cb-8d8a-52415948c498	Ashton21 Lulu18 Bashirian201	1990-06-30	female
/home/glilly/work/vista-stack/HL7-FHIR-quality-testing/2026/patients/raw/synthea-1000-20260804-20260804/fhir/Audie868_Grant908_e3b2be4f-59b5-27dc-f665-dfc65de97628.json	e3b2be4f-59b5-27dc-f665-dfc65de97628	Audie868 Dottie687 Grant908	2005-07-17	female
/home/glilly/work/vista-stack/HL7-FHIR-quality-testing/2026/patients/raw/synthea-1000-20260804-20260804/fhir/Augustine565_Goodwin327_307eb09e-7f88-b392-9c2c-ae0da4e18bbe.json	307eb09e-7f88-b392-9c2c-ae0da4e18bbe	Augustine565 Danny396 Goodwin327	2005-12-12	male
/home/glilly/work/vista-stack/HL7-FHIR-quality-testing/2026/patients/raw/synthea-1000-20260804-20260804/fhir/Augustus49_Sporer811_b7ff1102-ad01-9ae2-1aef-50eb52c436d3.json	b7ff1102-ad01-9ae2-1aef-50eb52c436d3	Augustus49 Andre610 Sporer811	1997-08-07	male
/home/glilly/work/vista-stack/HL7-FHIR-quality-testing/2026/patients/raw/synthea-1000-20260804-20260804/fhir/Aurelio227_Schoen8_4915a5d8-d956-fe06-5b6d-2e86e4a5f7c0.json	4915a5d8-d956-fe06-5b6d-2e86e4a5f7c0	Aurelio227 Kenneth671 Schoen8	2003-05-12	male
/home/glilly/work/vista-stack/HL7-FHIR-quality-testing/2026/patients/raw/synthea-1000-20260804-20260804/fhir/Austin578_Heathcote539_019e0508-9464-33a5-12e2-4978a37c7f86.json	019e0508-9464-33a5-12e2-4978a37c7f86	Austin578 Ross213 Heathcote539	2007-01-22	male
/home/glilly/work/vista-stack/HL7-FHIR-quality-testing/2026/patients/raw/synthea-1000-20260804-20260804/fhir/Austin578_Williamson769_47802248-7d2b-1e3f-c72a-195760c69edb.json	47802248-7d2b-1e3f-c72a-195760c69edb	Austin578 Giovanni385 Williamson769	1965-11-19	male
/home/glilly/work/vista-stack/HL7-FHIR-quality-testing/2026/patients/raw/synthea-1000-20260804-20260804/fhir/Avis183_Nikole56_Zieme486_a368dd9f-0e41-ec91-73d7-fe04d6cf9b0e.json	a368dd9f-0e41-ec91-73d7-fe04d6cf9b0e	Avis183 Nikole56 Zieme486	1964-11-23	female
/home/glilly/work/vista-stack/HL7-FHIR-quality-testing/2026/patients/raw/synthea-1000-20260804-20260804/fhir/Azalee124_Graham902_a3b46f9c-4d17-d996-82c9-8441ce59e7dd.json	a3b46f9c-4d17-d996-82c9-8441ce59e7dd	Azalee124 Tonda472 Graham902	2004-09-17	female
/home/glilly/work/vista-stack/HL7-FHIR-quality-testing/2026/patients/raw/synthea-1000-20260804-20260804/fhir/Babara869_Elfriede680_Rosenbaum794_55a01e26-a31c-4c5e-e5e4-e32653e29264.json	55a01e26-a31c-4c5e-e5e4-e32653e29264	Babara869 Elfriede680 Rosenbaum794	1996-11-10	female
/home/glilly/work/vista-stack/HL7-FHIR-quality-testing/2026/patients/raw/synthea-1000-20260804-20260804/fhir/Bailey598_Jacobi462_dd89a816-2732-f63a-aad3-8bd8ebd165b2.json	dd89a816-2732-f63a-aad3-8bd8ebd165b2	Bailey598 Inga743 Jacobi462	2005-06-26	female
/home/glilly/work/vista-stack/HL7-FHIR-quality-testing/2026/patients/raw/synthea-1000-20260804-20260804/fhir/Barbara209_Sherie778_Wehner319_02bdc9f2-cfb3-7da3-59c1-2a4201beb0d7.json	02bdc9f2-cfb3-7da3-59c1-2a4201beb0d7	Barbara209 Sherie778 Wehner319	1973-06-24	female
/home/glilly/work/vista-stack/HL7-FHIR-quality-testing/2026/patients/raw/synthea-1000-20260804-20260804/fhir/Barbie211_Fay398_35d7df39-37b3-3acf-415f-f8db5709cbef.json	35d7df39-37b3-3acf-415f-f8db5709cbef	Barbie211 Fay398	1989-05-22	female
/home/glilly/work/vista-stack/HL7-FHIR-quality-testing/2026/patients/raw/synthea-1000-20260804-20260804/fhir/Barrett790_Bosco882_5f5c1360-9feb-7c4b-1c13-2301589131e6.json	5f5c1360-9feb-7c4b-1c13-2301589131e6	Barrett790 Trevor374 Bosco882	1987-01-02	male
/home/glilly/work/vista-stack/HL7-FHIR-quality-testing/2026/patients/raw/synthea-1000-20260804-20260804/fhir/Barry322_Thompson596_c01e80e0-74d9-dca1-59b8-9ab7bbe1da78.json	c01e80e0-74d9-dca1-59b8-9ab7bbe1da78	Barry322 Earnest658 Thompson596	1957-05-19	male
/home/glilly/work/vista-stack/HL7-FHIR-quality-testing/2026/patients/raw/synthea-1000-20260804-20260804/fhir/Bart73_White193_00765e55-45d6-9d42-ef38-4d6ac7bdfe72.json	00765e55-45d6-9d42-ef38-4d6ac7bdfe72	Bart73 Denis399 White193	2024-09-18	male
/home/glilly/work/vista-stack/HL7-FHIR-quality-testing/2026/patients/raw/synthea-1000-20260804-20260804/fhir/Basil991_Sporer811_d4b7554d-bdb1-6587-14ab-dd36664e9527.json	d4b7554d-bdb1-6587-14ab-dd36664e9527	Basil991 Richie600 Sporer811	1989-09-25	male
/home/glilly/work/vista-stack/HL7-FHIR-quality-testing/2026/patients/raw/synthea-1000-20260804-20260804/fhir/Beatriz277_Cristina921_Matías497_93113fee-1a45-3d62-29d9-3c8cc1f163a9.json	93113fee-1a45-3d62-29d9-3c8cc1f163a9	Beatriz277 Cristina921 Matías497	1972-07-05	female
/home/glilly/work/vista-stack/HL7-FHIR-quality-testing/2026/patients/raw/synthea-1000-20260804-20260804/fhir/Belva820_Frank378_Rau926_bf40bcf2-4106-b9f3-5e5d-3f48249b0dff.json	bf40bcf2-4106-b9f3-5e5d-3f48249b0dff	Belva820 Frank378 Rau926	1944-08-16	female
/home/glilly/work/vista-stack/HL7-FHIR-quality-testing/2026/patients/raw/synthea-1000-20260804-20260804/fhir/Benedict104_Wyman904_c275afda-be91-ffda-d8ff-fce700784ec1.json	c275afda-be91-ffda-d8ff-fce700784ec1	Benedict104 Tristan353 Wyman904	2014-10-07	male
/home/glilly/work/vista-stack/HL7-FHIR-quality-testing/2026/patients/raw/synthea-1000-20260804-20260804/fhir/Benito209_Lubowitz58_788d1b44-c034-526f-33d3-9d8eff56540e.json	788d1b44-c034-526f-33d3-9d8eff56540e	Benito209 Joshua658 Lubowitz58	1970-09-29	male
/home/glilly/work/vista-stack/HL7-FHIR-quality-testing/2026/patients/raw/synthea-1000-20260804-20260804/fhir/Benjamín452_de_Anda129_943fd5b2-b3e3-c99a-7588-e49e4cdc46cb.json	943fd5b2-b3e3-c99a-7588-e49e4cdc46cb	Benjamín452 Antonio44 de Anda129	2012-05-23	male
/home/glilly/work/vista-stack/HL7-FHIR-quality-testing/2026/patients/raw/synthea-1000-20260804-20260804/fhir/Benny518_Lueilwitz711_6ef7e53c-3165-94f3-be71-5fca84f1b2e2.json	6ef7e53c-3165-94f3-be71-5fca84f1b2e2	Benny518 Carmine137 Lueilwitz711	2000-04-22	male
/home/glilly/work/vista-stack/HL7-FHIR-quality-testing/2026/patients/raw/synthea-1000-20260804-20260804/fhir/Benny518_O'Connell601_bb962c7b-0962-4e1b-bdbb-0c6af2315ee0.json	bb962c7b-0962-4e1b-bdbb-0c6af2315ee0	Benny518 Truman805 O'Connell601	1967-06-17	male
/home/glilly/work/vista-stack/HL7-FHIR-quality-testing/2026/patients/raw/synthea-1000-20260804-20260804/fhir/Benton624_Ziemann98_b8eb1635-bb98-8606-7675-2111414202e8.json	b8eb1635-bb98-8606-7675-2111414202e8	Benton624 Giuseppe872 Ziemann98	2000-08-04	male
/home/glilly/work/vista-stack/HL7-FHIR-quality-testing/2026/patients/raw/synthea-1000-20260804-20260804/fhir/Bernardo699_Ankunding277_691616af-2764-3b21-0154-ed2be2f18982.json	691616af-2764-3b21-0154-ed2be2f18982	Bernardo699 Jae222 Ankunding277	1976-05-09	male
/home/glilly/work/vista-stack/HL7-FHIR-quality-testing/2026/patients/raw/synthea-1000-20260804-20260804/fhir/Bernardo699_Delgadillo349_1fc67e8b-7ec0-2f4a-7846-2c6d28d11e6d.json	1fc67e8b-7ec0-2f4a-7846-2c6d28d11e6d	Bernardo699 Diego848 Delgadillo349	2007-04-08	male
/home/glilly/work/vista-stack/HL7-FHIR-quality-testing/2026/patients/raw/synthea-1000-20260804-20260804/fhir/Bernie827_Ruecker817_5143549a-1b30-2a6c-7e4a-94c1d6b0a71e.json	5143549a-1b30-2a6c-7e4a-94c1d6b0a71e	Bernie827 Ruecker817	1959-11-27	male
/home/glilly/work/vista-stack/HL7-FHIR-quality-testing/2026/patients/raw/synthea-1000-20260804-20260804/fhir/Bert917_Von197_92182c2d-c196-ed24-a1df-68aa78b72962.json	92182c2d-c196-ed24-a1df-68aa78b72962	Bert917 Keneth579 Von197	1991-05-02	male
/home/glilly/work/vista-stack/HL7-FHIR-quality-testing/2026/patients/raw/synthea-1000-20260804-20260804/fhir/Bertie593_Lehner980_d65ff922-3871-5d15-7bf7-2c8fd97618a5.json	d65ff922-3871-5d15-7bf7-2c8fd97618a5	Bertie593 Lehner980	1971-04-10	female
/home/glilly/work/vista-stack/HL7-FHIR-quality-testing/2026/patients/raw/synthea-1000-20260804-20260804/fhir/Bertie593_Mohr916_c5c2d2c2-fb4b-ad25-e4fc-8d76b875e3d2.json	c5c2d2c2-fb4b-ad25-e4fc-8d76b875e3d2	Bertie593 Kazuko67 Mohr916	2016-09-05	female
/home/glilly/work/vista-stack/HL7-FHIR-quality-testing/2026/patients/raw/synthea-1000-20260804-20260804/fhir/Bertram873_Borer986_520486ad-47d9-f26c-5f1a-c8c201289584.json	520486ad-47d9-f26c-5f1a-c8c201289584	Bertram873 Borer986	1991-10-23	male
/home/glilly/work/vista-stack/HL7-FHIR-quality-testing/2026/patients/raw/synthea-1000-20260804-20260804/fhir/Bertram873_Kertzmann286_d21e342c-a856-cca1-8386-d47c339c82ea.json	d21e342c-a856-cca1-8386-d47c339c82ea	Bertram873 Sid118 Kertzmann286	1956-08-19	male
/home/glilly/work/vista-stack/HL7-FHIR-quality-testing/2026/patients/raw/synthea-1000-20260804-20260804/fhir/Beryl690_Ankunding277_eab6058e-986a-dd7f-d27b-84229905f582.json	eab6058e-986a-dd7f-d27b-84229905f582	Beryl690 Etha376 Ankunding277	2008-07-01	female
/home/glilly/work/vista-stack/HL7-FHIR-quality-testing/2026/patients/raw/synthea-1000-20260804-20260804/fhir/Bethel526_Bernhard322_9e36a415-3d68-e023-5922-26b810b0cc57.json	9e36a415-3d68-e023-5922-26b810b0cc57	Bethel526 Kaley842 Bernhard322	2014-02-13	female
/home/glilly/work/vista-stack/HL7-FHIR-quality-testing/2026/patients/raw/synthea-1000-20260804-20260804/fhir/Beverley336_Cruickshank494_d5b12da3-199d-cd71-9620-94fd770737b2.json	d5b12da3-199d-cd71-9620-94fd770737b2	Beverley336 Teisha100 Cruickshank494	2004-02-27	female
/home/glilly/work/vista-stack/HL7-FHIR-quality-testing/2026/patients/raw/synthea-1000-20260804-20260804/fhir/Billie243_Eulah395_VonRueden376_d7faef98-aa33-eb29-a297-cc23b609ea3b.json	d7faef98-aa33-eb29-a297-cc23b609ea3b	Billie243 Eulah395 VonRueden376	1989-06-27	female
/home/glilly/work/vista-stack/HL7-FHIR-quality-testing/2026/patients/raw/synthea-1000-20260804-20260804/fhir/Blair400_Crist667_a6aa6a3b-141e-fcfc-ecfa-2718e3da9f87.json	a6aa6a3b-141e-fcfc-ecfa-2718e3da9f87	Blair400 Lloyd546 Crist667	2006-09-27	male
/home/glilly/work/vista-stack/HL7-FHIR-quality-testing/2026/patients/raw/synthea-1000-20260804-20260804/fhir/Blair400_Jerde200_e3a7bf8f-811a-d6f5-f147-f085395fd0bd.json	e3a7bf8f-811a-d6f5-f147-f085395fd0bd	Blair400 Roger751 Jerde200	1968-04-14	male
/home/glilly/work/vista-stack/HL7-FHIR-quality-testing/2026/patients/raw/synthea-1000-20260804-20260804/fhir/Blair400_McCullough561_1e09e9ff-2947-d009-e627-90bc115dd3b9.json	1e09e9ff-2947-d009-e627-90bc115dd3b9	Blair400 McCullough561	2024-04-27	male
/home/glilly/work/vista-stack/HL7-FHIR-quality-testing/2026/patients/raw/synthea-1000-20260804-20260804/fhir/Blanca837_Montaño969_e73fc1e0-f791-715d-97d0-7913812e1843.json	e73fc1e0-f791-715d-97d0-7913812e1843	Blanca837 Marta91 Montaño969	2023-08-19	female
/home/glilly/work/vista-stack/HL7-FHIR-quality-testing/2026/patients/raw/synthea-1000-20260804-20260804/fhir/Blanche121_Melba931_O'Conner199_8c3a4d83-d87c-a7d1-bf55-38cef94b8208.json	8c3a4d83-d87c-a7d1-bf55-38cef94b8208	Blanche121 Melba931 O'Conner199	1965-09-13	female
/home/glilly/work/vista-stack/HL7-FHIR-quality-testing/2026/patients/raw/synthea-1000-20260804-20260804/fhir/Bob965_Leffler128_c48bdbaa-169a-2d42-dc58-7851f26827fd.json	c48bdbaa-169a-2d42-dc58-7851f26827fd	Bob965 Bradford382 Leffler128	1916-11-02	male
/home/glilly/work/vista-stack/HL7-FHIR-quality-testing/2026/patients/raw/synthea-1000-20260804-20260804/fhir/Bob965_Murazik203_2d16a54f-3344-041c-3515-d5604d967fe9.json	2d16a54f-3344-041c-3515-d5604d967fe9	Bob965 Jamar151 Murazik203	1982-02-11	male
/home/glilly/work/vista-stack/HL7-FHIR-quality-testing/2026/patients/raw/synthea-1000-20260804-20260804/fhir/Bobby524_Krajcik437_9ef38fdb-365b-61d8-9ffc-a9efe8b07ade.json	9ef38fdb-365b-61d8-9ffc-a9efe8b07ade	Bobby524 Rodrick370 Krajcik437	1959-05-06	male
/home/glilly/work/vista-stack/HL7-FHIR-quality-testing/2026/patients/raw/synthea-1000-20260804-20260804/fhir/Bonny428_Herman763_7e753ea1-74f3-de30-618a-a4bf15622400.json	7e753ea1-74f3-de30-618a-a4bf15622400	Bonny428 Paulette168 Herman763	1963-01-17	female
/home/glilly/work/vista-stack/HL7-FHIR-quality-testing/2026/patients/raw/synthea-1000-20260804-20260804/fhir/Boyce638_Bayer639_b871fe63-575e-419a-9e9a-15b483a7d395.json	b871fe63-575e-419a-9e9a-15b483a7d395	Boyce638 Cristopher265 Bayer639	1971-08-11	male
/home/glilly/work/vista-stack/HL7-FHIR-quality-testing/2026/patients/raw/synthea-1000-20260804-20260804/fhir/Boyd728_Schmeler639_768cdce8-682b-2fb9-0c65-27c1a3dc607c.json	768cdce8-682b-2fb9-0c65-27c1a3dc607c	Boyd728 Mathew182 Schmeler639	1969-12-18	male
/home/glilly/work/vista-stack/HL7-FHIR-quality-testing/2026/patients/raw/synthea-1000-20260804-20260804/fhir/Brad867_O'Hara248_33eab639-3970-d6e7-a474-b28915879468.json	33eab639-3970-d6e7-a474-b28915879468	Brad867 Justin359 O'Hara248	1966-11-05	male
/home/glilly/work/vista-stack/HL7-FHIR-quality-testing/2026/patients/raw/synthea-1000-20260804-20260804/fhir/Brain142_Monahan736_801d2948-5ecf-44cc-c620-db475b3cd00f.json	801d2948-5ecf-44cc-c620-db475b3cd00f	Brain142 Darrel772 Monahan736	1966-09-05	male
/home/glilly/work/vista-stack/HL7-FHIR-quality-testing/2026/patients/raw/synthea-1000-20260804-20260804/fhir/Brande998_Marita360_Hills818_689cf11b-d0d5-5ad1-6a8a-413683999568.json	689cf11b-d0d5-5ad1-6a8a-413683999568	Brande998 Marita360 Hills818	1988-02-11	female
/home/glilly/work/vista-stack/HL7-FHIR-quality-testing/2026/patients/raw/synthea-1000-20260804-20260804/fhir/Brant303_Yost751_d9cd5a0a-040b-2df1-0028-a782da036fcf.json	d9cd5a0a-040b-2df1-0028-a782da036fcf	Brant303 Emmanuel930 Yost751	1996-05-06	male
/home/glilly/work/vista-stack/HL7-FHIR-quality-testing/2026/patients/raw/synthea-1000-20260804-20260804/fhir/Bree992_Murray856_e6054988-c0b6-8dbe-cd43-7d054c6d8ef4.json	e6054988-c0b6-8dbe-cd43-7d054c6d8ef4	Bree992 Reginia455 Murray856	2025-09-25	female
/home/glilly/work/vista-stack/HL7-FHIR-quality-testing/2026/patients/raw/synthea-1000-20260804-20260804/fhir/Brendan864_Dicki44_7948da18-ac30-d3ba-f00e-bd3b9bbc40cf.json	7948da18-ac30-d3ba-f00e-bd3b9bbc40cf	Brendan864 Danilo179 Dicki44	2018-04-06	male
/home/glilly/work/vista-stack/HL7-FHIR-quality-testing/2026/patients/raw/synthea-1000-20260804-20260804/fhir/Brenton674_Boehm581_9162dab1-abdb-8cbb-84a9-40ca147d2f1c.json	9162dab1-abdb-8cbb-84a9-40ca147d2f1c	Brenton674 Pasquale620 Boehm581	2012-02-17	male
/home/glilly/work/vista-stack/HL7-FHIR-quality-testing/2026/patients/raw/synthea-1000-20260804-20260804/fhir/Brice635_Hand679_32777ea7-6a18-b597-60a7-94b4e323bf92.json	32777ea7-6a18-b597-60a7-94b4e323bf92	Brice635 Mervin111 Hand679	1993-02-12	male
/home/glilly/work/vista-stack/HL7-FHIR-quality-testing/2026/patients/raw/synthea-1000-20260804-20260804/fhir/Britany225_Shan714_Wehner319_98d43688-1a8d-bfd1-d6a8-37cbc0fdfa8d.json	98d43688-1a8d-bfd1-d6a8-37cbc0fdfa8d	Britany225 Shan714 Wehner319	1947-11-08	female
/home/glilly/work/vista-stack/HL7-FHIR-quality-testing/2026/patients/raw/synthea-1000-20260804-20260804/fhir/Britt177_Mayert710_19847136-df37-d8cc-a165-0fe631d9f2f4.json	19847136-df37-d8cc-a165-0fe631d9f2f4	Britt177 Marcellus830 Mayert710	1962-04-02	male
/home/glilly/work/vista-stack/HL7-FHIR-quality-testing/2026/patients/raw/synthea-1000-20260804-20260804/fhir/Bruce167_Harris789_bc554853-1f87-00db-2c7d-4f06718c82cd.json	bc554853-1f87-00db-2c7d-4f06718c82cd	Bruce167 Eduardo902 Harris789	1964-08-13	male
/home/glilly/work/vista-stack/HL7-FHIR-quality-testing/2026/patients/raw/synthea-1000-20260804-20260804/fhir/Bruce167_Leffler128_861f0824-6adb-1bb1-d025-b4009f882efd.json	861f0824-6adb-1bb1-d025-b4009f882efd	Bruce167 Carrol931 Leffler128	1967-02-26	male
/home/glilly/work/vista-stack/HL7-FHIR-quality-testing/2026/patients/raw/synthea-1000-20260804-20260804/fhir/Bruno518_Pfannerstill264_375997de-cf96-e18e-277a-44b861b06a4e.json	375997de-cf96-e18e-277a-44b861b06a4e	Bruno518 Pfannerstill264	1976-04-15	male
/home/glilly/work/vista-stack/HL7-FHIR-quality-testing/2026/patients/raw/synthea-1000-20260804-20260804/fhir/Bryant814_Nolan344_f674e5d0-6c3d-dc79-486d-91b5aea9d77f.json	f674e5d0-6c3d-dc79-486d-91b5aea9d77f	Bryant814 Williams176 Nolan344	1933-10-30	male
/home/glilly/work/vista-stack/HL7-FHIR-quality-testing/2026/patients/raw/synthea-1000-20260804-20260804/fhir/Bryon392_Hahn503_81e22e28-3c42-982a-30c1-a29497d4db6a.json	81e22e28-3c42-982a-30c1-a29497d4db6a	Bryon392 Micah422 Hahn503	1998-10-20	male
/home/glilly/work/vista-stack/HL7-FHIR-quality-testing/2026/patients/raw/synthea-1000-20260804-20260804/fhir/Bryon392_Koch169_4137f428-6038-9b09-17c9-a65b23770450.json	4137f428-6038-9b09-17c9-a65b23770450	Bryon392 Alberto639 Koch169	2025-07-06	male
/home/glilly/work/vista-stack/HL7-FHIR-quality-testing/2026/patients/raw/synthea-1000-20260804-20260804/fhir/Buddy254_Larson43_81264cd6-551b-c084-180c-6c9190959ec6.json	81264cd6-551b-c084-180c-6c9190959ec6	Buddy254 Hayden835 Larson43	1971-02-21	male
/home/glilly/work/vista-stack/HL7-FHIR-quality-testing/2026/patients/raw/synthea-1000-20260804-20260804/fhir/Buford910_Rau926_c4d600d4-d430-d67a-730b-cec7ed591222.json	c4d600d4-d430-d67a-730b-cec7ed591222	Buford910 Leonel449 Rau926	2015-09-29	male
/home/glilly/work/vista-stack/HL7-FHIR-quality-testing/2026/patients/raw/synthea-1000-20260804-20260804/fhir/Bula88_Deidre679_Ullrich385_9a29e40a-63e3-5e7d-8f48-3f05cae342f2.json	9a29e40a-63e3-5e7d-8f48-3f05cae342f2	Bula88 Deidre679 Ullrich385	1973-10-26	female
/home/glilly/work/vista-stack/HL7-FHIR-quality-testing/2026/patients/raw/synthea-1000-20260804-20260804/fhir/Burton124_Schowalter414_bd088e55-9367-0789-5d24-9cf9cc235312.json	bd088e55-9367-0789-5d24-9cf9cc235312	Burton124 Corey514 Schowalter414	1978-08-15	male
/home/glilly/work/vista-stack/HL7-FHIR-quality-testing/2026/patients/raw/synthea-1000-20260804-20260804/fhir/Calista635_Volkman526_778f9d77-388f-7965-3f03-a6c634731dea.json	778f9d77-388f-7965-3f03-a6c634731dea	Calista635 Clarice719 Volkman526	1915-09-11	female
/home/glilly/work/vista-stack/HL7-FHIR-quality-testing/2026/patients/raw/synthea-1000-20260804-20260804/fhir/Calvin845_Lindgren255_0550e2d2-489c-de5e-7d73-bd541939f62f.json	0550e2d2-489c-de5e-7d73-bd541939f62f	Calvin845 Lindgren255	1987-12-03	male
/home/glilly/work/vista-stack/HL7-FHIR-quality-testing/2026/patients/raw/synthea-1000-20260804-20260804/fhir/Cameron381_Lowe577_4978f420-67cc-9d2d-1af6-820e2b83533e.json	4978f420-67cc-9d2d-1af6-820e2b83533e	Cameron381 Thuy136 Lowe577	1944-08-08	female
/home/glilly/work/vista-stack/HL7-FHIR-quality-testing/2026/patients/raw/synthea-1000-20260804-20260804/fhir/Candace369_Nicole384_Pacocha935_ed39989a-7b2d-38a8-edef-71356a3b9c16.json	ed39989a-7b2d-38a8-edef-71356a3b9c16	Candace369 Nicole384 Pacocha935	1994-09-22	female
/home/glilly/work/vista-stack/HL7-FHIR-quality-testing/2026/patients/raw/synthea-1000-20260804-20260804/fhir/Candelaria844_Gary33_Ryan260_b8267ecc-ce43-e703-7636-c338027a4c9b.json	b8267ecc-ce43-e703-7636-c338027a4c9b	Candelaria844 Gary33 Ryan260	1970-06-05	female
/home/glilly/work/vista-stack/HL7-FHIR-quality-testing/2026/patients/raw/synthea-1000-20260804-20260804/fhir/Candelaria844_Tonja658_Bruen238_13ed15fb-9e3d-fd65-e6ce-7b07cbab819f.json	13ed15fb-9e3d-fd65-e6ce-7b07cbab819f	Candelaria844 Tonja658 Bruen238	1972-09-29	female
/home/glilly/work/vista-stack/HL7-FHIR-quality-testing/2026/patients/raw/synthea-1000-20260804-20260804/fhir/Candy565_Kovacek682_f38432cd-b8c8-0f43-f7f4-269d61462678.json	f38432cd-b8c8-0f43-f7f4-269d61462678	Candy565 Latonya462 Kovacek682	2021-11-27	female
/home/glilly/work/vista-stack/HL7-FHIR-quality-testing/2026/patients/raw/synthea-1000-20260804-20260804/fhir/Cara845_Abbey813_Lesch175_10037fdc-c4a8-bf50-768a-5980bb59f6d1.json	10037fdc-c4a8-bf50-768a-5980bb59f6d1	Cara845 Abbey813 Lesch175	1990-10-19	female
/home/glilly/work/vista-stack/HL7-FHIR-quality-testing/2026/patients/raw/synthea-1000-20260804-20260804/fhir/Carla633_Micaela928_Casas271_e857ad70-637f-d1d1-df94-170eb155c179.json	e857ad70-637f-d1d1-df94-170eb155c179	Carla633 Micaela928 Casas271	1980-07-10	female
/home/glilly/work/vista-stack/HL7-FHIR-quality-testing/2026/patients/raw/synthea-1000-20260804-20260804/fhir/Carlene772_Grimes165_2303ba76-4086-fb43-84fc-bbce994785f7.json	2303ba76-4086-fb43-84fc-bbce994785f7	Carlene772 Aleta47 Grimes165	2018-12-12	female
/home/glilly/work/vista-stack/HL7-FHIR-quality-testing/2026/patients/raw/synthea-1000-20260804-20260804/fhir/Carlo647_Morissette863_017da94b-6fcb-ed9f-1b66-8e16616eb900.json	017da94b-6fcb-ed9f-1b66-8e16616eb900	Carlo647 Gregorio366 Morissette863	1981-02-18	male
/home/glilly/work/vista-stack/HL7-FHIR-quality-testing/2026/patients/raw/synthea-1000-20260804-20260804/fhir/Carlos172_Schaden604_1f784ecd-5070-6e13-58c9-cd0cc7f3704f.json	1f784ecd-5070-6e13-58c9-cd0cc7f3704f	Carlos172 Schaden604	1976-05-16	male
/home/glilly/work/vista-stack/HL7-FHIR-quality-testing/2026/patients/raw/synthea-1000-20260804-20260804/fhir/Carlota980_Gabriela205_Velásquez56_04df3c5b-cedd-6433-8eb3-c5c6ce99f1d9.json	04df3c5b-cedd-6433-8eb3-c5c6ce99f1d9	Carlota980 Gabriela205 Velásquez56	1944-01-30	female
/home/glilly/work/vista-stack/HL7-FHIR-quality-testing/2026/patients/raw/synthea-1000-20260804-20260804/fhir/Carly657_Lockman863_d3a21675-4bd8-0053-ebc9-78262b4f01a5.json	d3a21675-4bd8-0053-ebc9-78262b4f01a5	Carly657 Lockman863	1984-12-22	female
/home/glilly/work/vista-stack/HL7-FHIR-quality-testing/2026/patients/raw/synthea-1000-20260804-20260804/fhir/Carma664_Dickinson688_d71fb951-1a2e-072f-6cd2-194f900740a5.json	d71fb951-1a2e-072f-6cd2-194f900740a5	Carma664 Leon728 Dickinson688	1976-08-30	female
/home/glilly/work/vista-stack/HL7-FHIR-quality-testing/2026/patients/raw/synthea-1000-20260804-20260804/fhir/Carma664_Rath779_b172ad1e-5fc0-6c47-1943-1fc79b96dcdb.json	b172ad1e-5fc0-6c47-1943-1fc79b96dcdb	Carma664 Lola232 Rath779	2000-02-11	female
/home/glilly/work/vista-stack/HL7-FHIR-quality-testing/2026/patients/raw/synthea-1000-20260804-20260804/fhir/Carmelina668_Pollich983_990881fa-529d-7f02-29c8-841e41e39093.json	990881fa-529d-7f02-29c8-841e41e39093	Carmelina668 Cassaundra447 Pollich983	2003-03-29	female
/home/glilly/work/vista-stack/HL7-FHIR-quality-testing/2026/patients/raw/synthea-1000-20260804-20260804/fhir/Carmon128_Trantow673_d90b1ece-d0fc-c748-81a9-ef871f6dadff.json	d90b1ece-d0fc-c748-81a9-ef871f6dadff	Carmon128 Trantow673	2019-06-08	female
/home/glilly/work/vista-stack/HL7-FHIR-quality-testing/2026/patients/raw/synthea-1000-20260804-20260804/fhir/Carola944_VonRueden376_c475acb1-d824-43da-c5da-4244637024f7.json	c475acb1-d824-43da-c5da-4244637024f7	Carola944 Karrie350 VonRueden376	1991-08-25	female
/home/glilly/work/vista-stack/HL7-FHIR-quality-testing/2026/patients/raw/synthea-1000-20260804-20260804/fhir/Carolina179_Dolores502_Báez684_c6b3ad02-58f1-f87f-1733-7cceda2261d4.json	c6b3ad02-58f1-f87f-1733-7cceda2261d4	Carolina179 Dolores502 Báez684	1964-12-06	female
/home/glilly/work/vista-stack/HL7-FHIR-quality-testing/2026/patients/raw/synthea-1000-20260804-20260804/fhir/Carri827_Latarsha812_Jast432_3140d2e0-ac00-e94d-cf94-1005be8ca45b.json	3140d2e0-ac00-e94d-cf94-1005be8ca45b	Carri827 Latarsha812 Jast432	1950-03-08	female
/home/glilly/work/vista-stack/HL7-FHIR-quality-testing/2026/patients/raw/synthea-1000-20260804-20260804/fhir/Carrol931_McKenzie376_77926cd0-7d0e-61ce-434b-c63938694a1b.json	77926cd0-7d0e-61ce-434b-c63938694a1b	Carrol931 Phebe144 McKenzie376	2023-02-19	female
/home/glilly/work/vista-stack/HL7-FHIR-quality-testing/2026/patients/raw/synthea-1000-20260804-20260804/fhir/Carson894_Emard19_b9fd2129-58ac-687b-e814-10159405947f.json	b9fd2129-58ac-687b-e814-10159405947f	Carson894 Richie600 Emard19	1976-01-27	male
/home/glilly/work/vista-stack/HL7-FHIR-quality-testing/2026/patients/raw/synthea-1000-20260804-20260804/fhir/Cassaundra447_Oberbrunner298_a703d4ee-da54-a9f6-1e82-c81d88d083bf.json	a703d4ee-da54-a9f6-1e82-c81d88d083bf	Cassaundra447 Estell607 Oberbrunner298	2003-06-16	female
/home/glilly/work/vista-stack/HL7-FHIR-quality-testing/2026/patients/raw/synthea-1000-20260804-20260804/fhir/Cathy455_Langosh790_3bfdc469-38ce-3004-0677-cacfc825c3bb.json	3bfdc469-38ce-3004-0677-cacfc825c3bb	Cathy455 Langosh790	1998-01-31	female
/home/glilly/work/vista-stack/HL7-FHIR-quality-testing/2026/patients/raw/synthea-1000-20260804-20260804/fhir/Cecile401_Stracke611_b1722fdd-8f36-06fe-58be-1af7bd4e5367.json	b1722fdd-8f36-06fe-58be-1af7bd4e5367	Cecile401 Stracke611	1979-11-21	female
/home/glilly/work/vista-stack/HL7-FHIR-quality-testing/2026/patients/raw/synthea-1000-20260804-20260804/fhir/Cecille691_Balistreri607_7ceb5513-eadd-3863-c7ed-b74f2a7baee9.json	7ceb5513-eadd-3863-c7ed-b74f2a7baee9	Cecille691 Balistreri607	1964-01-20	female
/home/glilly/work/vista-stack/HL7-FHIR-quality-testing/2026/patients/raw/synthea-1000-20260804-20260804/fhir/Cedric746_Kessler503_46f96ffd-d6be-b48b-f65d-23b49858774f.json	46f96ffd-d6be-b48b-f65d-23b49858774f	Cedric746 Kessler503	2014-08-11	male
/home/glilly/work/vista-stack/HL7-FHIR-quality-testing/2026/patients/raw/synthea-1000-20260804-20260804/fhir/Celeste191_Lucila204_Erdman779_68409ceb-2d3f-e933-9d36-a57911779e55.json	68409ceb-2d3f-e933-9d36-a57911779e55	Celeste191 Lucila204 Erdman779	1916-12-28	female
/home/glilly/work/vista-stack/HL7-FHIR-quality-testing/2026/patients/raw/synthea-1000-20260804-20260804/fhir/Chad48_Kerluke267_c675df8c-e46e-6378-f5d4-8f4d9d137d97.json	c675df8c-e46e-6378-f5d4-8f4d9d137d97	Chad48 Walton167 Kerluke267	2025-11-14	male
/home/glilly/work/vista-stack/HL7-FHIR-quality-testing/2026/patients/raw/synthea-1000-20260804-20260804/fhir/Chae49_Dagny669_Purdy2_7bfd4b36-1313-2d16-7503-0fa957853814.json	7bfd4b36-1313-2d16-7503-0fa957853814	Chae49 Dagny669 Purdy2	1976-02-10	female
/home/glilly/work/vista-stack/HL7-FHIR-quality-testing/2026/patients/raw/synthea-1000-20260804-20260804/fhir/Chan58_Baumbach677_c2d54a68-68ae-6494-baef-5c4bc3d49580.json	c2d54a68-68ae-6494-baef-5c4bc3d49580	Chan58 Baumbach677	1972-09-05	female
/home/glilly/work/vista-stack/HL7-FHIR-quality-testing/2026/patients/raw/synthea-1000-20260804-20260804/fhir/Chanell45_Quigley282_0e537d63-bdc1-d6dd-f00f-451b75c66398.json	0e537d63-bdc1-d6dd-f00f-451b75c66398	Chanell45 Quigley282	2020-01-09	female
/home/glilly/work/vista-stack/HL7-FHIR-quality-testing/2026/patients/raw/synthea-1000-20260804-20260804/fhir/Chantal971_Shawanda667_Senger904_eeedb652-ef15-f14e-3ce9-0ab383fb3504.json	eeedb652-ef15-f14e-3ce9-0ab383fb3504	Chantal971 Shawanda667 Senger904	1945-06-19	female
/home/glilly/work/vista-stack/HL7-FHIR-quality-testing/2026/patients/raw/synthea-1000-20260804-20260804/fhir/Charline650_Fallon874_Lebsack687_4e01cb95-b2cd-7349-be6e-23518938055d.json	4e01cb95-b2cd-7349-be6e-23518938055d	Charline650 Fallon874 Lebsack687	1964-06-22	female
/home/glilly/work/vista-stack/HL7-FHIR-quality-testing/2026/patients/raw/synthea-1000-20260804-20260804/fhir/Charmain607_Joyce806_Morar593_3af0c89a-5739-ed89-3390-67c11f7a7f33.json	3af0c89a-5739-ed89-3390-67c11f7a7f33	Charmain607 Joyce806 Morar593	1972-08-05	female
/home/glilly/work/vista-stack/HL7-FHIR-quality-testing/2026/patients/raw/synthea-1000-20260804-20260804/fhir/Charolette797_June482_Brekke496_e01af0e7-1b27-8977-5c88-ea1c3392adc8.json	e01af0e7-1b27-8977-5c88-ea1c3392adc8	Charolette797 June482 Brekke496	1935-12-17	female
/home/glilly/work/vista-stack/HL7-FHIR-quality-testing/2026/patients/raw/synthea-1000-20260804-20260804/fhir/Chase54_Bednar518_b5c29d01-a40d-9b03-6641-31e3e84dc505.json	b5c29d01-a40d-9b03-6641-31e3e84dc505	Chase54 Eldridge510 Bednar518	1965-09-23	male
/home/glilly/work/vista-stack/HL7-FHIR-quality-testing/2026/patients/raw/synthea-1000-20260804-20260804/fhir/Chastity705_Stehr398_d25fae3a-952d-d578-25ad-d3b19fb5c7f6.json	d25fae3a-952d-d578-25ad-d3b19fb5c7f6	Chastity705 Dulcie148 Stehr398	2024-01-02	female
/home/glilly/work/vista-stack/HL7-FHIR-quality-testing/2026/patients/raw/synthea-1000-20260804-20260804/fhir/Cherise743_Arla414_Herzog843_4a58d3e5-0920-90b4-b8d0-9ab89e24700d.json	4a58d3e5-0920-90b4-b8d0-9ab89e24700d	Cherise743 Arla414 Herzog843	1995-02-27	female
/home/glilly/work/vista-stack/HL7-FHIR-quality-testing/2026/patients/raw/synthea-1000-20260804-20260804/fhir/Cheryl605_Buffy238_Swaniawski813_a43c86c2-17b6-5d6c-c173-ec6ce703ec69.json	a43c86c2-17b6-5d6c-c173-ec6ce703ec69	Cheryl605 Buffy238 Swaniawski813	1960-03-31	female
/home/glilly/work/vista-stack/HL7-FHIR-quality-testing/2026/patients/raw/synthea-1000-20260804-20260804/fhir/Chi716_Davis923_5cd77be0-c102-b0af-3586-ef9ea4f1b76f.json	5cd77be0-c102-b0af-3586-ef9ea4f1b76f	Chi716 Jerry654 Davis923	2003-10-15	male
/home/glilly/work/vista-stack/HL7-FHIR-quality-testing/2026/patients/raw/synthea-1000-20260804-20260804/fhir/Ching589_Cleora578_Littel644_e91cd384-39ce-bb4e-d009-6d8c1cb0bacb.json	e91cd384-39ce-bb4e-d009-6d8c1cb0bacb	Ching589 Cleora578 Littel644	1970-01-26	female
/home/glilly/work/vista-stack/HL7-FHIR-quality-testing/2026/patients/raw/synthea-1000-20260804-20260804/fhir/Christen366_Lueilwitz711_aa6731a6-135c-1314-6cb8-5c86876ddaac.json	aa6731a6-135c-1314-6cb8-5c86876ddaac	Christen366 Lueilwitz711	2023-03-12	female
/home/glilly/work/vista-stack/HL7-FHIR-quality-testing/2026/patients/raw/synthea-1000-20260804-20260804/fhir/Christi444_Lindsey52_Dach178_f1fcee66-0bcf-6d39-6ba5-c7e214891144.json	f1fcee66-0bcf-6d39-6ba5-c7e214891144	Christi444 Lindsey52 Dach178	1974-12-24	female
/home/glilly/work/vista-stack/HL7-FHIR-quality-testing/2026/patients/raw/synthea-1000-20260804-20260804/fhir/Christian753_Schmeler639_fc8b5f90-8a59-9208-4f69-d8d078ebbd48.json	fc8b5f90-8a59-9208-4f69-d8d078ebbd48	Christian753 Estrella224 Schmeler639	1923-12-16	female
/home/glilly/work/vista-stack/HL7-FHIR-quality-testing/2026/patients/raw/synthea-1000-20260804-20260804/fhir/Chuck784_Hayes766_3ff47e80-23f2-7f36-8a27-a11f50cf4d40.json	3ff47e80-23f2-7f36-8a27-a11f50cf4d40	Chuck784 Marc757 Hayes766	1986-06-19	male
/home/glilly/work/vista-stack/HL7-FHIR-quality-testing/2026/patients/raw/synthea-1000-20260804-20260804/fhir/Chung121_Morar593_56db8e50-e87d-facb-6b3f-5098a89f7740.json	56db8e50-e87d-facb-6b3f-5098a89f7740	Chung121 Hollis7 Morar593	1989-02-13	male
/home/glilly/work/vista-stack/HL7-FHIR-quality-testing/2026/patients/raw/synthea-1000-20260804-20260804/fhir/Cira533_Keri25_Oberbrunner298_0f59ff98-6013-16a7-a95f-4b5926f1e8b4.json	0f59ff98-6013-16a7-a95f-4b5926f1e8b4	Cira533 Keri25 Oberbrunner298	1993-07-31	female
/home/glilly/work/vista-stack/HL7-FHIR-quality-testing/2026/patients/raw/synthea-1000-20260804-20260804/fhir/Clair921_Gutmann970_dfc899f2-569c-e068-ff07-5d63edea1550.json	dfc899f2-569c-e068-ff07-5d63edea1550	Clair921 Abraham100 Gutmann970	2007-12-10	male
/home/glilly/work/vista-stack/HL7-FHIR-quality-testing/2026/patients/raw/synthea-1000-20260804-20260804/fhir/Claretha922_Elmer371_Lind531_a6128b98-fda1-45ff-03ca-a92bde4e1895.json	a6128b98-fda1-45ff-03ca-a92bde4e1895	Claretha922 Elmer371 Lind531	1998-07-11	female
/home/glilly/work/vista-stack/HL7-FHIR-quality-testing/2026/patients/raw/synthea-1000-20260804-20260804/fhir/Claretha922_Jacobs452_701af47e-ddc5-1f56-db5f-780d1594ac53.json	701af47e-ddc5-1f56-db5f-780d1594ac53	Claretha922 Sharika71 Jacobs452	2025-11-06	female
/home/glilly/work/vista-stack/HL7-FHIR-quality-testing/2026/patients/raw/synthea-1000-20260804-20260804/fhir/Clarice719_Osinski784_9cefac59-3867-23ad-9dc0-9e4c90be7d4f.json	9cefac59-3867-23ad-9dc0-9e4c90be7d4f	Clarice719 Buena501 Osinski784	1999-01-31	female
/home/glilly/work/vista-stack/HL7-FHIR-quality-testing/2026/patients/raw/synthea-1000-20260804-20260804/fhir/Clarisa227_Lacey714_Breitenberg711_33c80ede-0ef1-0399-b8d1-421a4b8257d2.json	33c80ede-0ef1-0399-b8d1-421a4b8257d2	Clarisa227 Lacey714 Breitenberg711	1987-03-27	female
/home/glilly/work/vista-stack/HL7-FHIR-quality-testing/2026/patients/raw/synthea-1000-20260804-20260804/fhir/Clark193_Feil794_8481c309-b921-aae3-b503-fd6260b60571.json	8481c309-b921-aae3-b503-fd6260b60571	Clark193 Robin66 Feil794	2006-04-17	male
/home/glilly/work/vista-stack/HL7-FHIR-quality-testing/2026/patients/raw/synthea-1000-20260804-20260804/fhir/Claudio955_Loera89_6c3b3604-cda6-21a1-34d1-81ee4b115228.json	6c3b3604-cda6-21a1-34d1-81ee4b115228	Claudio955 Loera89	1917-04-15	male
/home/glilly/work/vista-stack/HL7-FHIR-quality-testing/2026/patients/raw/synthea-1000-20260804-20260804/fhir/Clifford177_Goyette777_c196d9a8-b2ba-c36c-bd1b-ade2979394a8.json	c196d9a8-b2ba-c36c-bd1b-ade2979394a8	Clifford177 Ed239 Goyette777	1958-08-04	male
/home/glilly/work/vista-stack/HL7-FHIR-quality-testing/2026/patients/raw/synthea-1000-20260804-20260804/fhir/Clint766_Schmeler639_089e52ea-e4ca-344f-f695-a0cba9069d7c.json	089e52ea-e4ca-344f-f695-a0cba9069d7c	Clint766 Olen518 Schmeler639	2011-08-20	male
/home/glilly/work/vista-stack/HL7-FHIR-quality-testing/2026/patients/raw/synthea-1000-20260804-20260804/fhir/Clyde817_Champlin946_ddd20a2b-9528-dd08-4f79-56a1f3b290cc.json	ddd20a2b-9528-dd08-4f79-56a1f3b290cc	Clyde817 Vince741 Champlin946	1962-08-02	male
/home/glilly/work/vista-stack/HL7-FHIR-quality-testing/2026/patients/raw/synthea-1000-20260804-20260804/fhir/Colby655_Schoen8_4e0d7a2b-8a08-5baa-f187-a7b48c78af64.json	4e0d7a2b-8a08-5baa-f187-a7b48c78af64	Colby655 Samara159 Schoen8	1970-05-09	female
/home/glilly/work/vista-stack/HL7-FHIR-quality-testing/2026/patients/raw/synthea-1000-20260804-20260804/fhir/Colette720_Bruen238_52322c36-9bab-0e6e-998a-aa6b8239a1d0.json	52322c36-9bab-0e6e-998a-aa6b8239a1d0	Colette720 Albertina684 Bruen238	1947-09-21	female
/home/glilly/work/vista-stack/HL7-FHIR-quality-testing/2026/patients/raw/synthea-1000-20260804-20260804/fhir/Colin861_Wunsch504_41338da7-8906-c482-6cea-a17bebd0865d.json	41338da7-8906-c482-6cea-a17bebd0865d	Colin861 Maxwell782 Wunsch504	1994-07-08	male
/home/glilly/work/vista-stack/HL7-FHIR-quality-testing/2026/patients/raw/synthea-1000-20260804-20260804/fhir/Conception120_Janay119_Purdy2_868958cd-0f60-a466-45ed-087fd45675cc.json	868958cd-0f60-a466-45ed-087fd45675cc	Conception120 Janay119 Purdy2	1962-08-07	female
/home/glilly/work/vista-stack/HL7-FHIR-quality-testing/2026/patients/raw/synthea-1000-20260804-20260804/fhir/Constance642_Alita891_Heaney114_fdb2022b-11e7-e50b-7a42-538b034d2c11.json	fdb2022b-11e7-e50b-7a42-538b034d2c11	Constance642 Alita891 Heaney114	1937-12-17	female
/home/glilly/work/vista-stack/HL7-FHIR-quality-testing/2026/patients/raw/synthea-1000-20260804-20260804/fhir/Contessa946_Marielle507_Kassulke119_f49830fa-eb98-bf43-b3a6-ec9c8c14dfad.json	f49830fa-eb98-bf43-b3a6-ec9c8c14dfad	Contessa946 Marielle507 Kassulke119	1983-09-19	female
/home/glilly/work/vista-stack/HL7-FHIR-quality-testing/2026/patients/raw/synthea-1000-20260804-20260804/fhir/Coretta598_Hackett68_fd09b02f-8f2f-7ffe-2a1a-0a528c4ddd42.json	fd09b02f-8f2f-7ffe-2a1a-0a528c4ddd42	Coretta598 Alethea978 Hackett68	1945-06-19	female
/home/glilly/work/vista-stack/HL7-FHIR-quality-testing/2026/patients/raw/synthea-1000-20260804-20260804/fhir/Corey514_Vandervort697_c84a91a1-884c-e3e4-d5e0-b5d3f05950fb.json	c84a91a1-884c-e3e4-d5e0-b5d3f05950fb	Corey514 Lenard338 Vandervort697	1982-09-29	male
/home/glilly/work/vista-stack/HL7-FHIR-quality-testing/2026/patients/raw/synthea-1000-20260804-20260804/fhir/Corinne382_Lesch175_15c4cd34-7eae-19ff-691c-0bcc230d7e4c.json	15c4cd34-7eae-19ff-691c-0bcc230d7e4c	Corinne382 Kesha802 Lesch175	2010-10-27	female
/home/glilly/work/vista-stack/HL7-FHIR-quality-testing/2026/patients/raw/synthea-1000-20260804-20260804/fhir/Cornelius968_Rau926_af3845d3-65ff-472b-ceb8-f581ff23e2fd.json	af3845d3-65ff-472b-ceb8-f581ff23e2fd	Cornelius968 Rau926	1976-11-26	male
/home/glilly/work/vista-stack/HL7-FHIR-quality-testing/2026/patients/raw/synthea-1000-20260804-20260804/fhir/Cornell131_Prosacco716_f355fe53-8dff-e09b-3238-dc75406c3bff.json	f355fe53-8dff-e09b-3238-dc75406c3bff	Cornell131 Hai304 Prosacco716	2000-01-15	male
/home/glilly/work/vista-stack/HL7-FHIR-quality-testing/2026/patients/raw/synthea-1000-20260804-20260804/fhir/Corrine68_D'Amore443_581b0156-d8e4-6ebf-7cbd-04899c5e7e9f.json	581b0156-d8e4-6ebf-7cbd-04899c5e7e9f	Corrine68 Martine382 D'Amore443	2016-09-22	female
/home/glilly/work/vista-stack/HL7-FHIR-quality-testing/2026/patients/raw/synthea-1000-20260804-20260804/fhir/Coy949_Weber641_eddab861-8785-0111-193a-73458e08765c.json	eddab861-8785-0111-193a-73458e08765c	Coy949 Weber641	2015-12-03	male
/home/glilly/work/vista-stack/HL7-FHIR-quality-testing/2026/patients/raw/synthea-1000-20260804-20260804/fhir/Craig656_Klocko335_2b71c731-1d1b-2c35-c217-23f7cd39e3f8.json	2b71c731-1d1b-2c35-c217-23f7cd39e3f8	Craig656 Neil122 Klocko335	1950-06-13	male
/home/glilly/work/vista-stack/HL7-FHIR-quality-testing/2026/patients/raw/synthea-1000-20260804-20260804/fhir/Criselda629_Muller251_5a486919-abf0-b540-8c2d-c305f73901bb.json	5a486919-abf0-b540-8c2d-c305f73901bb	Criselda629 Rose199 Muller251	2025-09-01	female
/home/glilly/work/vista-stack/HL7-FHIR-quality-testing/2026/patients/raw/synthea-1000-20260804-20260804/fhir/Cristian531_Gracia333_00734485-41a9-5749-94f5-2bf6fec54606.json	00734485-41a9-5749-94f5-2bf6fec54606	Cristian531 Gracia333	1974-08-10	male
/home/glilly/work/vista-stack/HL7-FHIR-quality-testing/2026/patients/raw/synthea-1000-20260804-20260804/fhir/Cristina921_Eva64_Centeno914_68dfa3ef-8bfb-1ec3-bab8-1f4dfd79c396.json	68dfa3ef-8bfb-1ec3-bab8-1f4dfd79c396	Cristina921 Eva64 Centeno914	1965-08-18	female
/home/glilly/work/vista-stack/HL7-FHIR-quality-testing/2026/patients/raw/synthea-1000-20260804-20260804/fhir/Cristopher265_Carroll471_70334fca-785b-2a7a-59bd-895a1ce175eb.json	70334fca-785b-2a7a-59bd-895a1ce175eb	Cristopher265 Bret7 Carroll471	2007-07-20	male
/home/glilly/work/vista-stack/HL7-FHIR-quality-testing/2026/patients/raw/synthea-1000-20260804-20260804/fhir/Cruz300_Shanita956_Howell947_1bfc22fe-0bec-564d-0ef9-4d655641651e.json	1bfc22fe-0bec-564d-0ef9-4d655641651e	Cruz300 Shanita956 Howell947	1987-02-25	female
/home/glilly/work/vista-stack/HL7-FHIR-quality-testing/2026/patients/raw/synthea-1000-20260804-20260804/fhir/Crysta430_Hulda44_Abbott774_0c1d8540-fa2d-6dc2-57bf-ca071b71aab4.json	0c1d8540-fa2d-6dc2-57bf-ca071b71aab4	Crysta430 Hulda44 Abbott774	1916-12-28	female
/home/glilly/work/vista-stack/HL7-FHIR-quality-testing/2026/patients/raw/synthea-1000-20260804-20260804/fhir/Curt84_Bernhard322_a0a73c81-89bb-ef9f-c370-6a78c7ca1690.json	a0a73c81-89bb-ef9f-c370-6a78c7ca1690	Curt84 Modesto621 Bernhard322	2018-08-18	male
/home/glilly/work/vista-stack/HL7-FHIR-quality-testing/2026/patients/raw/synthea-1000-20260804-20260804/fhir/Curt84_Gibson10_be76ca1f-a36c-5e38-1bd3-ff5947210fe3.json	be76ca1f-a36c-5e38-1bd3-ff5947210fe3	Curt84 Gibson10	1933-10-30	male
/home/glilly/work/vista-stack/HL7-FHIR-quality-testing/2026/patients/raw/synthea-1000-20260804-20260804/fhir/Cyrus914_Ortiz186_31c9e325-7284-261a-483d-8f1e62adc858.json	31c9e325-7284-261a-483d-8f1e62adc858	Cyrus914 Clemente531 Ortiz186	1916-11-02	male
/home/glilly/work/vista-stack/HL7-FHIR-quality-testing/2026/patients/raw/synthea-1000-20260804-20260804/fhir/César846_Frías523_f7c386f7-aa08-6178-cd2c-2f649587bbf9.json	f7c386f7-aa08-6178-cd2c-2f649587bbf9	César846 Patricio639 Frías523	1973-11-22	male
/home/glilly/work/vista-stack/HL7-FHIR-quality-testing/2026/patients/raw/synthea-1000-20260804-20260804/fhir/César846_Montero62_f64090d2-01ce-0063-a4e7-a586f3eafd8c.json	f64090d2-01ce-0063-a4e7-a586f3eafd8c	César846 Teodoro374 Montero62	2004-05-15	male
/home/glilly/work/vista-stack/HL7-FHIR-quality-testing/2026/patients/raw/synthea-1000-20260804-20260804/fhir/Dallas143_Stracke611_7d7ab1df-91c4-c4fd-502f-af8178005c26.json	7d7ab1df-91c4-c4fd-502f-af8178005c26	Dallas143 Willian804 Stracke611	2002-01-03	male
/home/glilly/work/vista-stack/HL7-FHIR-quality-testing/2026/patients/raw/synthea-1000-20260804-20260804/fhir/Dallas143_Wilkinson796_cff4ee7b-dd78-f75a-89a6-4af3e682533e.json	cff4ee7b-dd78-f75a-89a6-4af3e682533e	Dallas143 Wilkinson796	1986-11-26	male
/home/glilly/work/vista-stack/HL7-FHIR-quality-testing/2026/patients/raw/synthea-1000-20260804-20260804/fhir/Damaris45_Tabitha433_Hills818_3f2b6c5c-f200-1c8f-d2bb-0a1ba4d20086.json	3f2b6c5c-f200-1c8f-d2bb-0a1ba4d20086	Damaris45 Tabitha433 Hills818	1915-09-11	female
/home/glilly/work/vista-stack/HL7-FHIR-quality-testing/2026/patients/raw/synthea-1000-20260804-20260804/fhir/Dane516_Fritsch593_21df53c4-f53e-f9a4-0f0a-ddc45cca92e6.json	21df53c4-f53e-f9a4-0f0a-ddc45cca92e6	Dane516 Agustin437 Fritsch593	1994-02-18	male
/home/glilly/work/vista-stack/HL7-FHIR-quality-testing/2026/patients/raw/synthea-1000-20260804-20260804/fhir/Danial835_Pfeffer420_ba0bd495-a7fa-f8ef-1836-20518393cc58.json	ba0bd495-a7fa-f8ef-1836-20518393cc58	Danial835 Odis959 Pfeffer420	1952-09-19	male
/home/glilly/work/vista-stack/HL7-FHIR-quality-testing/2026/patients/raw/synthea-1000-20260804-20260804/fhir/Daniel959_Huerta329_90a2f738-8730-e6cd-36c1-6679ca53a080.json	90a2f738-8730-e6cd-36c1-6679ca53a080	Daniel959 Agustín529 Huerta329	1983-07-09	male
/home/glilly/work/vista-stack/HL7-FHIR-quality-testing/2026/patients/raw/synthea-1000-20260804-20260804/fhir/Danielle72_Paucek755_091c0b5d-dd0f-832f-d134-153341eda11e.json	091c0b5d-dd0f-832f-d134-153341eda11e	Danielle72 Emilee283 Paucek755	1984-08-11	female
/home/glilly/work/vista-stack/HL7-FHIR-quality-testing/2026/patients/raw/synthea-1000-20260804-20260804/fhir/Danyel335_Gleason633_e170c42f-8183-6744-7e60-5754c917a023.json	e170c42f-8183-6744-7e60-5754c917a023	Danyel335 Nada112 Gleason633	1949-12-15	female
/home/glilly/work/vista-stack/HL7-FHIR-quality-testing/2026/patients/raw/synthea-1000-20260804-20260804/fhir/Darcel357_Wiza601_a728bffc-72f6-de68-32c4-c79271782183.json	a728bffc-72f6-de68-32c4-c79271782183	Darcel357 Aurora248 Wiza601	1975-01-12	female
/home/glilly/work/vista-stack/HL7-FHIR-quality-testing/2026/patients/raw/synthea-1000-20260804-20260804/fhir/Darcey370_Antonio44_Collins926_b1977eb4-6076-4e22-8a2d-be414d7cc785.json	b1977eb4-6076-4e22-8a2d-be414d7cc785	Darcey370 Antonio44 Collins926	1976-03-23	female
/home/glilly/work/vista-stack/HL7-FHIR-quality-testing/2026/patients/raw/synthea-1000-20260804-20260804/fhir/Darell496_Marquardt819_caede42a-a41d-4736-1ea5-60610c659924.json	caede42a-a41d-4736-1ea5-60610c659924	Darell496 Salvador46 Marquardt819	1948-08-27	male
/home/glilly/work/vista-stack/HL7-FHIR-quality-testing/2026/patients/raw/synthea-1000-20260804-20260804/fhir/Darius626_Brown30_49cc3fea-e286-0ce3-afa2-0dead9eb57fd.json	49cc3fea-e286-0ce3-afa2-0dead9eb57fd	Darius626 Cruz300 Brown30	1977-04-21	male
/home/glilly/work/vista-stack/HL7-FHIR-quality-testing/2026/patients/raw/synthea-1000-20260804-20260804/fhir/Darleen361_Chong355_Smitham825_a70525f2-cf25-5713-e924-c0c151483544.json	a70525f2-cf25-5713-e924-c0c151483544	Darleen361 Chong355 Smitham825	1989-05-21	female
/home/glilly/work/vista-stack/HL7-FHIR-quality-testing/2026/patients/raw/synthea-1000-20260804-20260804/fhir/Darline247_Abbott774_d90f929d-c743-1493-9352-0ade7538218e.json	d90f929d-c743-1493-9352-0ade7538218e	Darline247 Page791 Abbott774	2014-06-08	female
/home/glilly/work/vista-stack/HL7-FHIR-quality-testing/2026/patients/raw/synthea-1000-20260804-20260804/fhir/Darnell564_Goodwin327_7b7df921-fc21-3990-357e-a762ba35d0a0.json	7b7df921-fc21-3990-357e-a762ba35d0a0	Darnell564 Rocco842 Goodwin327	2010-09-27	male
/home/glilly/work/vista-stack/HL7-FHIR-quality-testing/2026/patients/raw/synthea-1000-20260804-20260804/fhir/Darrel772_Goyette777_1d2cdc68-14b8-1000-bd1c-f317e2220c36.json	1d2cdc68-14b8-1000-bd1c-f317e2220c36	Darrel772 Brent147 Goyette777	1998-11-15	male
/home/glilly/work/vista-stack/HL7-FHIR-quality-testing/2026/patients/raw/synthea-1000-20260804-20260804/fhir/Darrel772_Ryan260_a3f37b9b-da42-d785-e964-14221441a286.json	a3f37b9b-da42-d785-e964-14221441a286	Darrel772 Ryan260	1933-10-30	male
/home/glilly/work/vista-stack/HL7-FHIR-quality-testing/2026/patients/raw/synthea-1000-20260804-20260804/fhir/Darren774_Friesen796_49002237-eab2-ea5d-6eb5-c8194f75244a.json	49002237-eab2-ea5d-6eb5-c8194f75244a	Darren774 Earnest658 Friesen796	1972-09-09	male
/home/glilly/work/vista-stack/HL7-FHIR-quality-testing/2026/patients/raw/synthea-1000-20260804-20260804/fhir/Darrick836_Hudson301_1ca2110e-c9a6-d0dc-ba10-bd1b0be9fa3f.json	1ca2110e-c9a6-d0dc-ba10-bd1b0be9fa3f	Darrick836 Gilbert263 Hudson301	2007-01-11	male
/home/glilly/work/vista-stack/HL7-FHIR-quality-testing/2026/patients/raw/synthea-1000-20260804-20260804/fhir/Darrin898_Littel644_68a0a4ae-ea84-e872-4e5e-95b24fe6fc0e.json	68a0a4ae-ea84-e872-4e5e-95b24fe6fc0e	Darrin898 Andrea7 Littel644	1981-01-31	male
/home/glilly/work/vista-stack/HL7-FHIR-quality-testing/2026/patients/raw/synthea-1000-20260804-20260804/fhir/Darwin703_Moen819_16a58d12-7a5b-07b2-dbb0-0ff9b8b1a962.json	16a58d12-7a5b-07b2-dbb0-0ff9b8b1a962	Darwin703 Moen819	1957-07-19	male
/home/glilly/work/vista-stack/HL7-FHIR-quality-testing/2026/patients/raw/synthea-1000-20260804-20260804/fhir/Dave764_Auer97_05fef216-e899-ee6d-1686-edfd2a15ccc9.json	05fef216-e899-ee6d-1686-edfd2a15ccc9	Dave764 Stanford577 Auer97	1955-03-12	male
/home/glilly/work/vista-stack/HL7-FHIR-quality-testing/2026/patients/raw/synthea-1000-20260804-20260804/fhir/Davis923_Kunze215_1d7f68b1-276f-3f33-63b4-7567f9da894b.json	1d7f68b1-276f-3f33-63b4-7567f9da894b	Davis923 Neville893 Kunze215	1997-04-24	male
/home/glilly/work/vista-stack/HL7-FHIR-quality-testing/2026/patients/raw/synthea-1000-20260804-20260804/fhir/Deandre599_Lynch190_7a0ff42e-c1c1-c1bb-72ae-97907964b8b5.json	7a0ff42e-c1c1-c1bb-72ae-97907964b8b5	Deandre599 Sonny285 Lynch190	1963-11-28	male
/home/glilly/work/vista-stack/HL7-FHIR-quality-testing/2026/patients/raw/synthea-1000-20260804-20260804/fhir/Deandrea896_Robyn562_Hilll811_2da370dc-59ed-c9c8-895a-74c81c5ddbea.json	2da370dc-59ed-c9c8-895a-74c81c5ddbea	Deandrea896 Robyn562 Hilll811	1957-04-02	female
/home/glilly/work/vista-stack/HL7-FHIR-quality-testing/2026/patients/raw/synthea-1000-20260804-20260804/fhir/Debbi640_Melita22_Hudson301_8d3ddacd-1ef6-e7e8-eba9-95597162dd31.json	8d3ddacd-1ef6-e7e8-eba9-95597162dd31	Debbi640 Melita22 Hudson301	1967-06-05	female
/home/glilly/work/vista-stack/HL7-FHIR-quality-testing/2026/patients/raw/synthea-1000-20260804-20260804/fhir/Debby656_Kiehn525_28630861-6702-ee4d-b0dc-224318814e0c.json	28630861-6702-ee4d-b0dc-224318814e0c	Debby656 Tabetha269 Kiehn525	1961-10-03	female
/home/glilly/work/vista-stack/HL7-FHIR-quality-testing/2026/patients/raw/synthea-1000-20260804-20260804/fhir/Deedee112_Greenholt190_d2067207-afaa-ece4-bf92-8ed0896c66d2.json	d2067207-afaa-ece4-bf92-8ed0896c66d2	Deedee112 Greenholt190	1990-11-29	female
/home/glilly/work/vista-stack/HL7-FHIR-quality-testing/2026/patients/raw/synthea-1000-20260804-20260804/fhir/Deidra675_Konopelski743_862f269d-144a-6e0f-13e4-2028ccb0e802.json	862f269d-144a-6e0f-13e4-2028ccb0e802	Deidra675 Anya973 Konopelski743	1999-06-21	female
/home/glilly/work/vista-stack/HL7-FHIR-quality-testing/2026/patients/raw/synthea-1000-20260804-20260804/fhir/Delbert384_Flatley871_e7557f85-41e7-7d6b-a00b-34031fc2a260.json	e7557f85-41e7-7d6b-a00b-34031fc2a260	Delbert384 Flatley871	2005-07-24	male
/home/glilly/work/vista-stack/HL7-FHIR-quality-testing/2026/patients/raw/synthea-1000-20260804-20260804/fhir/Delia459_Gislason620_31a51e2a-30a4-41f3-7967-f046246e688b.json	31a51e2a-30a4-41f3-7967-f046246e688b	Delia459 Kimberlee228 Gislason620	1923-12-16	female
/home/glilly/work/vista-stack/HL7-FHIR-quality-testing/2026/patients/raw/synthea-1000-20260804-20260804/fhir/Delilah659_Bernice532_Roberts511_786899d0-2c35-f7d3-d61e-4d4e1538d569.json	786899d0-2c35-f7d3-d61e-4d4e1538d569	Delilah659 Bernice532 Roberts511	1961-09-09	female
/home/glilly/work/vista-stack/HL7-FHIR-quality-testing/2026/patients/raw/synthea-1000-20260804-20260804/fhir/Delinda651_Ward668_10aac3b2-2fd4-34dc-4047-c5fc9e63afaa.json	10aac3b2-2fd4-34dc-4047-c5fc9e63afaa	Delinda651 Torrie697 Ward668	1996-02-03	female
/home/glilly/work/vista-stack/HL7-FHIR-quality-testing/2026/patients/raw/synthea-1000-20260804-20260804/fhir/Delmar187_Reichert620_5813f825-09d2-b43b-4f52-08224c083286.json	5813f825-09d2-b43b-4f52-08224c083286	Delmar187 Reichert620	2024-05-06	male
/home/glilly/work/vista-stack/HL7-FHIR-quality-testing/2026/patients/raw/synthea-1000-20260804-20260804/fhir/Delmer311_Walter473_09fb077e-147c-7a9a-e66f-62e48f932d21.json	09fb077e-147c-7a9a-e66f-62e48f932d21	Delmer311 Kurt412 Walter473	2012-05-01	male
/home/glilly/work/vista-stack/HL7-FHIR-quality-testing/2026/patients/raw/synthea-1000-20260804-20260804/fhir/Delmer311_Weimann465_3b91d9ea-03f1-2e95-e93b-438500fb461f.json	3b91d9ea-03f1-2e95-e93b-438500fb461f	Delmer311 Weimann465	1967-12-28	male
/home/glilly/work/vista-stack/HL7-FHIR-quality-testing/2026/patients/raw/synthea-1000-20260804-20260804/fhir/Delmer311_Ziemann98_7d2cfaa7-de3a-85f3-3024-d8bca5783e6c.json	7d2cfaa7-de3a-85f3-3024-d8bca5783e6c	Delmer311 Kyle55 Ziemann98	1970-05-10	male
/home/glilly/work/vista-stack/HL7-FHIR-quality-testing/2026/patients/raw/synthea-1000-20260804-20260804/fhir/Delmy607_Zulauf375_632d2ce8-c99b-9192-fdfa-1eb45c082107.json	632d2ce8-c99b-9192-fdfa-1eb45c082107	Delmy607 Zulauf375	1966-09-22	female
/home/glilly/work/vista-stack/HL7-FHIR-quality-testing/2026/patients/raw/synthea-1000-20260804-20260804/fhir/Delphia725_Mitchell808_1467f4f3-6755-dd80-e084-7123fdfc8adf.json	1467f4f3-6755-dd80-e084-7123fdfc8adf	Delphia725 Mitchell808	1997-05-02	female
/home/glilly/work/vista-stack/HL7-FHIR-quality-testing/2026/patients/raw/synthea-1000-20260804-20260804/fhir/Delphine397_Price929_54e4db17-aa43-b2a3-63e4-c4d06e95f169.json	54e4db17-aa43-b2a3-63e4-c4d06e95f169	Delphine397 Price929	2018-09-14	female
/home/glilly/work/vista-stack/HL7-FHIR-quality-testing/2026/patients/raw/synthea-1000-20260804-20260804/fhir/Delsie188_Keira502_Pagac496_20edfba6-f688-b934-74a5-76fc25e82609.json	20edfba6-f688-b934-74a5-76fc25e82609	Delsie188 Keira502 Pagac496	1986-03-22	female
/home/glilly/work/vista-stack/HL7-FHIR-quality-testing/2026/patients/raw/synthea-1000-20260804-20260804/fhir/Demetrius568_Donnelly343_147c40e8-16d5-0334-236d-fe865f138ac8.json	147c40e8-16d5-0334-236d-fe865f138ac8	Demetrius568 Blake449 Donnelly343	1983-02-11	male
/home/glilly/work/vista-stack/HL7-FHIR-quality-testing/2026/patients/raw/synthea-1000-20260804-20260804/fhir/Demetrius568_Louvenia131_Lemke654_0a9b859e-90d8-7241-728d-6aa0c9ce43f6.json	0a9b859e-90d8-7241-728d-6aa0c9ce43f6	Demetrius568 Louvenia131 Lemke654	1979-09-06	female
/home/glilly/work/vista-stack/HL7-FHIR-quality-testing/2026/patients/raw/synthea-1000-20260804-20260804/fhir/Demetrius568_Marks830_31d8a840-0f47-22bb-bc45-a1080d921a81.json	31d8a840-0f47-22bb-bc45-a1080d921a81	Demetrius568 Tommie457 Marks830	1966-08-28	male
/home/glilly/work/vista-stack/HL7-FHIR-quality-testing/2026/patients/raw/synthea-1000-20260804-20260804/fhir/Denver542_Kling921_0b23ce35-ad7b-acb4-16d2-9508d8b46e20.json	0b23ce35-ad7b-acb4-16d2-9508d8b46e20	Denver542 Terence292 Kling921	1978-01-18	male
/home/glilly/work/vista-stack/HL7-FHIR-quality-testing/2026/patients/raw/synthea-1000-20260804-20260804/fhir/Derek111_Glover433_041775e8-fef5-ca9c-b7e2-7a478479aff0.json	041775e8-fef5-ca9c-b7e2-7a478479aff0	Derek111 Truman805 Glover433	1972-07-25	male
/home/glilly/work/vista-stack/HL7-FHIR-quality-testing/2026/patients/raw/synthea-1000-20260804-20260804/fhir/Deshawn686_Funk324_23a36b4e-2d20-d5b0-d557-29b4441ece74.json	23a36b4e-2d20-d5b0-d557-29b4441ece74	Deshawn686 Orlando897 Funk324	2012-05-01	male
/home/glilly/work/vista-stack/HL7-FHIR-quality-testing/2026/patients/raw/synthea-1000-20260804-20260804/fhir/Dexter530_Feeney44_90f79c74-1ed0-baaa-7263-58c76c8a345a.json	90f79c74-1ed0-baaa-7263-58c76c8a345a	Dexter530 Forrest301 Feeney44	1983-11-02	male
/home/glilly/work/vista-stack/HL7-FHIR-quality-testing/2026/patients/raw/synthea-1000-20260804-20260804/fhir/Diana207_Villarreal550_449a0980-f35b-596e-4ee6-dfd8bf4105e8.json	449a0980-f35b-596e-4ee6-dfd8bf4105e8	Diana207 Villarreal550	2000-01-17	female
/home/glilly/work/vista-stack/HL7-FHIR-quality-testing/2026/patients/raw/synthea-1000-20260804-20260804/fhir/Diego848_Linares712_be62ea4f-fabe-a97d-fea7-90eb9b902960.json	be62ea4f-fabe-a97d-fea7-90eb9b902960	Diego848 Gonzalo160 Linares712	1951-03-10	male
/home/glilly/work/vista-stack/HL7-FHIR-quality-testing/2026/patients/raw/synthea-1000-20260804-20260804/fhir/Dimple273_Schoen8_af3b1e9b-c9dd-d33e-d08f-902e93ebc7c9.json	af3b1e9b-c9dd-d33e-d08f-902e93ebc7c9	Dimple273 Schoen8	1980-02-19	female
/home/glilly/work/vista-stack/HL7-FHIR-quality-testing/2026/patients/raw/synthea-1000-20260804-20260804/fhir/Dinah304_Ryan260_e0100027-d2d2-301e-e298-2753db03014f.json	e0100027-d2d2-301e-e298-2753db03014f	Dinah304 Shayna64 Ryan260	1992-03-02	female
/home/glilly/work/vista-stack/HL7-FHIR-quality-testing/2026/patients/raw/synthea-1000-20260804-20260804/fhir/Dino214_Morissette863_e1d0e259-4571-b7bb-4ddf-d9489fb1dc4d.json	e1d0e259-4571-b7bb-4ddf-d9489fb1dc4d	Dino214 Palmer257 Morissette863	2002-05-19	male
/home/glilly/work/vista-stack/HL7-FHIR-quality-testing/2026/patients/raw/synthea-1000-20260804-20260804/fhir/Dirk334_Ledner144_1e7128f1-cd51-0cbe-075a-33478c0f2630.json	1e7128f1-cd51-0cbe-075a-33478c0f2630	Dirk334 Vernon254 Ledner144	1994-02-03	male
/home/glilly/work/vista-stack/HL7-FHIR-quality-testing/2026/patients/raw/synthea-1000-20260804-20260804/fhir/Domenic627_Welch179_cdc8276f-97cb-b342-6436-edaad67869e8.json	cdc8276f-97cb-b342-6436-edaad67869e8	Domenic627 Welch179	1984-11-16	male
/home/glilly/work/vista-stack/HL7-FHIR-quality-testing/2026/patients/raw/synthea-1000-20260804-20260804/fhir/Domenica436_Harris789_7234dcf8-1e69-6cb9-6eca-df08ee92a29e.json	7234dcf8-1e69-6cb9-6eca-df08ee92a29e	Domenica436 Liza900 Harris789	2018-11-06	female
/home/glilly/work/vista-stack/HL7-FHIR-quality-testing/2026/patients/raw/synthea-1000-20260804-20260804/fhir/Dominga527_Hirthe744_953268d9-1dee-bc33-ec15-ec2db1131b52.json	953268d9-1dee-bc33-ec15-ec2db1131b52	Dominga527 Saturnina961 Hirthe744	2025-11-10	female
/home/glilly/work/vista-stack/HL7-FHIR-quality-testing/2026/patients/raw/synthea-1000-20260804-20260804/fhir/Dominga527_Mueller846_354ee89d-313b-7483-b948-503a0348cd97.json	354ee89d-313b-7483-b948-503a0348cd97	Dominga527 Lidia103 Mueller846	2003-12-29	female
/home/glilly/work/vista-stack/HL7-FHIR-quality-testing/2026/patients/raw/synthea-1000-20260804-20260804/fhir/Dominick530_Spencer878_c980cc6d-0c7e-22ca-85f1-0cce6fdaa44a.json	c980cc6d-0c7e-22ca-85f1-0cce6fdaa44a	Dominick530 Grant908 Spencer878	1967-07-30	male
/home/glilly/work/vista-stack/HL7-FHIR-quality-testing/2026/patients/raw/synthea-1000-20260804-20260804/fhir/Dominique369_Leannon79_6283f18b-7436-e058-0e6f-393b02485641.json	6283f18b-7436-e058-0e6f-393b02485641	Dominique369 Antonietta855 Leannon79	2003-02-03	female
/home/glilly/work/vista-stack/HL7-FHIR-quality-testing/2026/patients/raw/synthea-1000-20260804-20260804/fhir/Donn979_Mills423_e4cb6503-2dac-d282-4991-b6fbab0c2077.json	e4cb6503-2dac-d282-4991-b6fbab0c2077	Donn979 Woodrow571 Mills423	1999-07-18	male
/home/glilly/work/vista-stack/HL7-FHIR-quality-testing/2026/patients/raw/synthea-1000-20260804-20260804/fhir/Donnie175_Barton704_c6a03dd1-4273-eb26-5fd0-d4f0e42a0f89.json	c6a03dd1-4273-eb26-5fd0-d4f0e42a0f89	Donnie175 Anette189 Barton704	2021-12-31	female
/home/glilly/work/vista-stack/HL7-FHIR-quality-testing/2026/patients/raw/synthea-1000-20260804-20260804/fhir/Donnie175_Durgan499_c16e88f7-b196-f824-701e-af61b49cb0d5.json	c16e88f7-b196-f824-701e-af61b49cb0d5	Donnie175 Wade235 Durgan499	2019-02-17	male
/home/glilly/work/vista-stack/HL7-FHIR-quality-testing/2026/patients/raw/synthea-1000-20260804-20260804/fhir/Dora90_Dibbert990_72cb304e-67de-1a44-6d5d-be5eee138a7e.json	72cb304e-67de-1a44-6d5d-be5eee138a7e	Dora90 Dibbert990	2004-04-05	female
/home/glilly/work/vista-stack/HL7-FHIR-quality-testing/2026/patients/raw/synthea-1000-20260804-20260804/fhir/Doretta917_Thiel172_689e7c31-529d-dbcd-5f43-7734f8bae8a1.json	689e7c31-529d-dbcd-5f43-7734f8bae8a1	Doretta917 Charla27 Thiel172	2000-03-03	female
/home/glilly/work/vista-stack/HL7-FHIR-quality-testing/2026/patients/raw/synthea-1000-20260804-20260804/fhir/Drew592_Hahn503_b9861e4f-b00e-e26d-703a-15153d774665.json	b9861e4f-b00e-e26d-703a-15153d774665	Drew592 Morgan564 Hahn503	2013-06-04	male
/home/glilly/work/vista-stack/HL7-FHIR-quality-testing/2026/patients/raw/synthea-1000-20260804-20260804/fhir/Duane703_Goodwin327_ec7761a0-8bfb-8b87-6a44-1aec6c5b17dc.json	ec7761a0-8bfb-8b87-6a44-1aec6c5b17dc	Duane703 Goodwin327	2007-09-26	male
/home/glilly/work/vista-stack/HL7-FHIR-quality-testing/2026/patients/raw/synthea-1000-20260804-20260804/fhir/Dulcie148_Roberta529_Bartoletti50_1a51e606-71c1-c874-16d5-6190960c5474.json	1a51e606-71c1-c874-16d5-6190960c5474	Dulcie148 Roberta529 Bartoletti50	1969-11-25	female
/home/glilly/work/vista-stack/HL7-FHIR-quality-testing/2026/patients/raw/synthea-1000-20260804-20260804/fhir/Duncan491_Hessel84_3fa34def-8973-a2f5-b344-5120cc53f85a.json	3fa34def-8973-a2f5-b344-5120cc53f85a	Duncan491 Marcus77 Hessel84	1984-11-16	male
/home/glilly/work/vista-stack/HL7-FHIR-quality-testing/2026/patients/raw/synthea-1000-20260804-20260804/fhir/Dung738_January966_Monahan736_630b6ff6-9a1d-bd9a-84a4-20bdf4d1fcd6.json	630b6ff6-9a1d-bd9a-84a4-20bdf4d1fcd6	Dung738 January966 Monahan736	1955-10-19	female
/home/glilly/work/vista-stack/HL7-FHIR-quality-testing/2026/patients/raw/synthea-1000-20260804-20260804/fhir/Dung738_Veum823_51df921b-9d82-bddd-9933-0a0056d6ab01.json	51df921b-9d82-bddd-9933-0a0056d6ab01	Dung738 Britni406 Veum823	2004-12-17	female
/home/glilly/work/vista-stack/HL7-FHIR-quality-testing/2026/patients/raw/synthea-1000-20260804-20260804/fhir/Dustin31_Schaefer657_b63cdd1f-c5ef-b7f5-72e3-eb668ff48110.json	b63cdd1f-c5ef-b7f5-72e3-eb668ff48110	Dustin31 Elliott563 Schaefer657	2006-05-29	male
/home/glilly/work/vista-stack/HL7-FHIR-quality-testing/2026/patients/raw/synthea-1000-20260804-20260804/fhir/Dusty207_Marquardt819_ac1cdc53-4a8c-50c8-e5b1-cfea609890e3.json	ac1cdc53-4a8c-50c8-e5b1-cfea609890e3	Dusty207 Keven605 Marquardt819	2007-10-12	male
/home/glilly/work/vista-stack/HL7-FHIR-quality-testing/2026/patients/raw/synthea-1000-20260804-20260804/fhir/Dyan186_Daugherty69_2e26047f-b9cb-a4e2-3369-123cd15705c2.json	2e26047f-b9cb-a4e2-3369-123cd15705c2	Dyan186 Candace369 Daugherty69	2006-05-17	female
/home/glilly/work/vista-stack/HL7-FHIR-quality-testing/2026/patients/raw/synthea-1000-20260804-20260804/fhir/Dylan44_Jerde200_7ee60e85-5820-faa8-84f6-a58ff0ec916c.json	7ee60e85-5820-faa8-84f6-a58ff0ec916c	Dylan44 Jerde200	1982-07-26	male
/home/glilly/work/vista-stack/HL7-FHIR-quality-testing/2026/patients/raw/synthea-1000-20260804-20260804/fhir/Earlean804_Homenick806_5264ab87-2fa3-2392-f612-cfd9d817a2ce.json	5264ab87-2fa3-2392-f612-cfd9d817a2ce	Earlean804 Tiesha180 Homenick806	2011-06-12	female
/home/glilly/work/vista-stack/HL7-FHIR-quality-testing/2026/patients/raw/synthea-1000-20260804-20260804/fhir/Earlene410_Gorczany269_1700d59f-b1df-c8ae-4629-a84340f94b55.json	1700d59f-b1df-c8ae-4629-a84340f94b55	Earlene410 Denyse846 Gorczany269	1918-12-14	female
/home/glilly/work/vista-stack/HL7-FHIR-quality-testing/2026/patients/raw/synthea-1000-20260804-20260804/fhir/Earlie274_Lebsack687_29c4097a-aee1-e30c-a31e-40264d60f5f7.json	29c4097a-aee1-e30c-a31e-40264d60f5f7	Earlie274 Lebsack687	1970-11-11	female
/home/glilly/work/vista-stack/HL7-FHIR-quality-testing/2026/patients/raw/synthea-1000-20260804-20260804/fhir/Earnest658_Kihn564_52dd2a4b-9b2f-13c7-5001-4733f4ad092e.json	52dd2a4b-9b2f-13c7-5001-4733f4ad092e	Earnest658 Renato359 Kihn564	1989-12-10	male
/home/glilly/work/vista-stack/HL7-FHIR-quality-testing/2026/patients/raw/synthea-1000-20260804-20260804/fhir/Eboni653_Kassulke119_f9dd3d61-975f-ade7-285e-8b16eaba08c4.json	f9dd3d61-975f-ade7-285e-8b16eaba08c4	Eboni653 Teofila990 Kassulke119	2001-01-05	female
/home/glilly/work/vista-stack/HL7-FHIR-quality-testing/2026/patients/raw/synthea-1000-20260804-20260804/fhir/Echo53_Tequila897_Okuneva707_44c0f662-a8ac-f0c4-5320-323841a72b88.json	44c0f662-a8ac-f0c4-5320-323841a72b88	Echo53 Tequila897 Okuneva707	1996-02-13	female
/home/glilly/work/vista-stack/HL7-FHIR-quality-testing/2026/patients/raw/synthea-1000-20260804-20260804/fhir/Eddie505_Greenfelder433_65b620df-82bb-a102-9a52-3ff432fe08e9.json	65b620df-82bb-a102-9a52-3ff432fe08e9	Eddie505 Claud279 Greenfelder433	1999-06-03	male
/home/glilly/work/vista-stack/HL7-FHIR-quality-testing/2026/patients/raw/synthea-1000-20260804-20260804/fhir/Eddie505_Sipes176_93fa772e-8a08-dd72-bde4-c1bb65d3f063.json	93fa772e-8a08-dd72-bde4-c1bb65d3f063	Eddie505 Sipes176	1976-11-23	male
/home/glilly/work/vista-stack/HL7-FHIR-quality-testing/2026/patients/raw/synthea-1000-20260804-20260804/fhir/Eddy900_Shields502_c1957dd7-7cbc-ee9a-782c-b2fba6fda085.json	c1957dd7-7cbc-ee9a-782c-b2fba6fda085	Eddy900 Deangelo7 Shields502	1966-08-28	male
/home/glilly/work/vista-stack/HL7-FHIR-quality-testing/2026/patients/raw/synthea-1000-20260804-20260804/fhir/Eden920_Isis628_Gottlieb798_8ece7440-4953-684f-fc11-f5e9a923c078.json	8ece7440-4953-684f-fc11-f5e9a923c078	Eden920 Isis628 Gottlieb798	1946-08-07	female
/home/glilly/work/vista-stack/HL7-FHIR-quality-testing/2026/patients/raw/synthea-1000-20260804-20260804/fhir/Eden920_Towne435_cd2af6a6-a927-f6ce-f54a-746389d1c0ed.json	cd2af6a6-a927-f6ce-f54a-746389d1c0ed	Eden920 Towne435	1970-12-14	female
/home/glilly/work/vista-stack/HL7-FHIR-quality-testing/2026/patients/raw/synthea-1000-20260804-20260804/fhir/Edgar153_Wuckert783_a8e5eebb-489d-df37-818e-8994cbae8fd7.json	a8e5eebb-489d-df37-818e-8994cbae8fd7	Edgar153 Bradly656 Wuckert783	1971-07-11	male
/home/glilly/work/vista-stack/HL7-FHIR-quality-testing/2026/patients/raw/synthea-1000-20260804-20260804/fhir/Edmundo94_Skiles927_56c942c9-6b15-8b63-3b5e-ef2c22cbf24c.json	56c942c9-6b15-8b63-3b5e-ef2c22cbf24c	Edmundo94 Malik994 Skiles927	1952-11-13	male
/home/glilly/work/vista-stack/HL7-FHIR-quality-testing/2026/patients/raw/synthea-1000-20260804-20260804/fhir/Eduardo902_Farrell962_b627333e-717e-f997-fdc7-76e267308d86.json	b627333e-717e-f997-fdc7-76e267308d86	Eduardo902 Farrell962	2000-12-01	male
/home/glilly/work/vista-stack/HL7-FHIR-quality-testing/2026/patients/raw/synthea-1000-20260804-20260804/fhir/Eduardo902_Hand679_4783b1a9-f802-17a2-a8ea-e71610b34f5f.json	4783b1a9-f802-17a2-a8ea-e71610b34f5f	Eduardo902 Carl856 Hand679	1993-12-22	male
/home/glilly/work/vista-stack/HL7-FHIR-quality-testing/2026/patients/raw/synthea-1000-20260804-20260804/fhir/Ehtel928_Jaskolski867_51db3b95-38ff-49ab-7deb-33be0be555c8.json	51db3b95-38ff-49ab-7deb-33be0be555c8	Ehtel928 Jaskolski867	2009-06-29	female
/home/glilly/work/vista-stack/HL7-FHIR-quality-testing/2026/patients/raw/synthea-1000-20260804-20260804/fhir/Eldridge510_Gottlieb798_0c19ed33-1bb2-1f98-ea44-4de5ee68c1bf.json	0c19ed33-1bb2-1f98-ea44-4de5ee68c1bf	Eldridge510 Glenn0 Gottlieb798	2019-07-19	male
/home/glilly/work/vista-stack/HL7-FHIR-quality-testing/2026/patients/raw/synthea-1000-20260804-20260804/fhir/Elena945_Janee223_Klein929_46979acd-d4c8-851e-c94d-579a0021f4cf.json	46979acd-d4c8-851e-c94d-579a0021f4cf	Elena945 Janee223 Klein929	1978-09-28	female
/home/glilly/work/vista-stack/HL7-FHIR-quality-testing/2026/patients/raw/synthea-1000-20260804-20260804/fhir/Eleni953_Rolfson709_5eedb130-3139-479e-a83c-1dcb303c9a84.json	5eedb130-3139-479e-a83c-1dcb303c9a84	Eleni953 Martine382 Rolfson709	2000-03-23	female
/home/glilly/work/vista-stack/HL7-FHIR-quality-testing/2026/patients/raw/synthea-1000-20260804-20260804/fhir/Eleonora961_Lockman863_e32aea4c-a25f-9650-9b96-7c2d442c18c4.json	e32aea4c-a25f-9650-9b96-7c2d442c18c4	Eleonora961 Lockman863	2016-05-30	female
/home/glilly/work/vista-stack/HL7-FHIR-quality-testing/2026/patients/raw/synthea-1000-20260804-20260804/fhir/Elfriede680_Homenick806_1dc13bff-bd2d-4c12-a54b-a2663cd71043.json	1dc13bff-bd2d-4c12-a54b-a2663cd71043	Elfriede680 Homenick806	1981-11-28	female
/home/glilly/work/vista-stack/HL7-FHIR-quality-testing/2026/patients/raw/synthea-1000-20260804-20260804/fhir/Eli762_McKenzie376_b9326225-cf7a-329c-e07c-98f0ceacc17d.json	b9326225-cf7a-329c-e07c-98f0ceacc17d	Eli762 McKenzie376	1963-01-25	male
/home/glilly/work/vista-stack/HL7-FHIR-quality-testing/2026/patients/raw/synthea-1000-20260804-20260804/fhir/Elia719_Bailey598_611f51dc-9dc0-294c-f921-31bdf63254f9.json	611f51dc-9dc0-294c-f921-31bdf63254f9	Elia719 Tonisha838 Bailey598	2003-09-02	female
/home/glilly/work/vista-stack/HL7-FHIR-quality-testing/2026/patients/raw/synthea-1000-20260804-20260804/fhir/Elijah719_Smitham825_96f937a2-24e8-53d0-5303-67e9e40f51cb.json	96f937a2-24e8-53d0-5303-67e9e40f51cb	Elijah719 Harry448 Smitham825	2000-05-04	male
/home/glilly/work/vista-stack/HL7-FHIR-quality-testing/2026/patients/raw/synthea-1000-20260804-20260804/fhir/Eliseo499_Paucek755_2095f637-f2ce-fd72-3f3d-1487638e693b.json	2095f637-f2ce-fd72-3f3d-1487638e693b	Eliseo499 Everett935 Paucek755	1945-07-16	male
/home/glilly/work/vista-stack/HL7-FHIR-quality-testing/2026/patients/raw/synthea-1000-20260804-20260804/fhir/Eliza161_Heathcote539_fd6afe4f-73cb-9c5c-1f07-a5c6f0043471.json	fd6afe4f-73cb-9c5c-1f07-a5c6f0043471	Eliza161 Latricia419 Heathcote539	2005-05-16	female
/home/glilly/work/vista-stack/HL7-FHIR-quality-testing/2026/patients/raw/synthea-1000-20260804-20260804/fhir/Elizabet136_Sang383_Walker122_dc4d59e5-45fa-10ab-67ce-debf30792d18.json	dc4d59e5-45fa-10ab-67ce-debf30792d18	Elizabet136 Sang383 Walker122	1967-05-19	female
/home/glilly/work/vista-stack/HL7-FHIR-quality-testing/2026/patients/raw/synthea-1000-20260804-20260804/fhir/Elliott563_Gaylord332_57b93c57-da05-2a7e-38dd-dd1172dd3c9a.json	57b93c57-da05-2a7e-38dd-dd1172dd3c9a	Elliott563 Lamar193 Gaylord332	1972-03-25	male
/home/glilly/work/vista-stack/HL7-FHIR-quality-testing/2026/patients/raw/synthea-1000-20260804-20260804/fhir/Elliott563_Ullrich385_3b6cdaee-2faa-2eef-17ea-dbf6949287c8.json	3b6cdaee-2faa-2eef-17ea-dbf6949287c8	Elliott563 Ullrich385	2004-12-17	male
/home/glilly/work/vista-stack/HL7-FHIR-quality-testing/2026/patients/raw/synthea-1000-20260804-20260804/fhir/Elma843_Tomeka87_Bartell116_ca70b583-c930-85d8-23f7-f355642e93ac.json	ca70b583-c930-85d8-23f7-f355642e93ac	Elma843 Tomeka87 Bartell116	1980-03-26	female
/home/glilly/work/vista-stack/HL7-FHIR-quality-testing/2026/patients/raw/synthea-1000-20260804-20260804/fhir/Elnora999_Rebeca548_Kutch271_40407160-a8ee-d6a5-d21e-fd26862353b0.json	40407160-a8ee-d6a5-d21e-fd26862353b0	Elnora999 Rebeca548 Kutch271	1938-04-07	female
/home/glilly/work/vista-stack/HL7-FHIR-quality-testing/2026/patients/raw/synthea-1000-20260804-20260804/fhir/Eloisa55_Elsa29_Ocasio180_4b142be3-b184-a11e-f63f-597c69f4600d.json	4b142be3-b184-a11e-f63f-597c69f4600d	Eloisa55 Elsa29 Ocasio180	1970-09-02	female
/home/glilly/work/vista-stack/HL7-FHIR-quality-testing/2026/patients/raw/synthea-1000-20260804-20260804/fhir/Elsa29_Jáquez824_43d78add-bf96-03d3-f81a-9300fa59dea3.json	43d78add-bf96-03d3-f81a-9300fa59dea3	Elsa29 Luz785 Jáquez824	2018-07-22	female
/home/glilly/work/vista-stack/HL7-FHIR-quality-testing/2026/patients/raw/synthea-1000-20260804-20260804/fhir/Elva122_Boyer713_f29a336c-b08d-16f0-29e1-9767dc683879.json	f29a336c-b08d-16f0-29e1-9767dc683879	Elva122 Pattie91 Boyer713	2001-10-24	female
/home/glilly/work/vista-stack/HL7-FHIR-quality-testing/2026/patients/raw/synthea-1000-20260804-20260804/fhir/Elvira561_Débora815_Limón43_e22b1b68-2a31-cb19-f2c3-4aea64d26e86.json	e22b1b68-2a31-cb19-f2c3-4aea64d26e86	Elvira561 Débora815 Limón43	1997-04-27	female
/home/glilly/work/vista-stack/HL7-FHIR-quality-testing/2026/patients/raw/synthea-1000-20260804-20260804/fhir/Elvira561_Lourdes258_Hidalgo930_3509ba90-6a2a-6305-baa8-e0ca9a545f06.json	3509ba90-6a2a-6305-baa8-e0ca9a545f06	Elvira561 Lourdes258 Hidalgo930	1992-04-27	female
/home/glilly/work/vista-stack/HL7-FHIR-quality-testing/2026/patients/raw/synthea-1000-20260804-20260804/fhir/Elvira561_Valles311_8af43268-1993-3397-d200-1393170815e5.json	8af43268-1993-3397-d200-1393170815e5	Elvira561 Barbara209 Valles311	2012-08-24	female
/home/glilly/work/vista-stack/HL7-FHIR-quality-testing/2026/patients/raw/synthea-1000-20260804-20260804/fhir/Emely698_Lemke654_a0fb01a2-b8d2-6584-916c-f0325670b9ff.json	a0fb01a2-b8d2-6584-916c-f0325670b9ff	Emely698 Nieves278 Lemke654	1961-09-03	female
/home/glilly/work/vista-stack/HL7-FHIR-quality-testing/2026/patients/raw/synthea-1000-20260804-20260804/fhir/Emmanuel930_Russel238_e3ccbc6a-a2db-d564-831e-5236b4cc4be2.json	e3ccbc6a-a2db-d564-831e-5236b4cc4be2	Emmanuel930 Rufus33 Russel238	1969-02-13	male
/home/glilly/work/vista-stack/HL7-FHIR-quality-testing/2026/patients/raw/synthea-1000-20260804-20260804/fhir/Enrique929_Hills818_7eba6111-c561-f866-c94b-64f1073072b6.json	7eba6111-c561-f866-c94b-64f1073072b6	Enrique929 Marvin195 Hills818	1992-08-26	male
/home/glilly/work/vista-stack/HL7-FHIR-quality-testing/2026/patients/raw/synthea-1000-20260804-20260804/fhir/Eric487_Swift555_158c6343-e8ad-b36c-325d-2019efd3d1ac.json	158c6343-e8ad-b36c-325d-2019efd3d1ac	Eric487 Deandre599 Swift555	1998-03-16	male
/home/glilly/work/vista-stack/HL7-FHIR-quality-testing/2026/patients/raw/synthea-1000-20260804-20260804/fhir/Erick204_Kessler503_36890b5a-7cf1-0949-cc92-edb7f6a213ca.json	36890b5a-7cf1-0949-cc92-edb7f6a213ca	Erick204 Stephen891 Kessler503	1989-05-03	male
/home/glilly/work/vista-stack/HL7-FHIR-quality-testing/2026/patients/raw/synthea-1000-20260804-20260804/fhir/Ernest565_Reinger292_33d0c8a2-69ee-cc8b-2419-65279d9f0677.json	33d0c8a2-69ee-cc8b-2419-65279d9f0677	Ernest565 Ronny764 Reinger292	2025-11-07	male
/home/glilly/work/vista-stack/HL7-FHIR-quality-testing/2026/patients/raw/synthea-1000-20260804-20260804/fhir/Erwin847_Hand679_550daf15-2168-a03b-0da8-e2143d661e2a.json	550daf15-2168-a03b-0da8-e2143d661e2a	Erwin847 Rick943 Hand679	1991-06-04	male
/home/glilly/work/vista-stack/HL7-FHIR-quality-testing/2026/patients/raw/synthea-1000-20260804-20260804/fhir/Erwin847_Turcotte120_c40896ee-8d36-fab1-f50e-60d00c123e35.json	c40896ee-8d36-fab1-f50e-60d00c123e35	Erwin847 Rosendo998 Turcotte120	2023-11-10	male
/home/glilly/work/vista-stack/HL7-FHIR-quality-testing/2026/patients/raw/synthea-1000-20260804-20260804/fhir/Essie785_Cummerata161_53ce5ff9-35da-b804-36f8-557bd4dc5af8.json	53ce5ff9-35da-b804-36f8-557bd4dc5af8	Essie785 Caryn49 Cummerata161	1979-03-11	female
/home/glilly/work/vista-stack/HL7-FHIR-quality-testing/2026/patients/raw/synthea-1000-20260804-20260804/fhir/Esteban536_Larson43_24645c01-8a0c-3494-ac99-f8bb96ab12cd.json	24645c01-8a0c-3494-ac99-f8bb96ab12cd	Esteban536 Mac103 Larson43	1974-02-25	male
/home/glilly/work/vista-stack/HL7-FHIR-quality-testing/2026/patients/raw/synthea-1000-20260804-20260804/fhir/Estela596_Micaela928_Casas271_93be872f-1695-f2a6-a2d1-ea234c9f3e5c.json	93be872f-1695-f2a6-a2d1-ea234c9f3e5c	Estela596 Micaela928 Casas271	1997-02-28	female
/home/glilly/work/vista-stack/HL7-FHIR-quality-testing/2026/patients/raw/synthea-1000-20260804-20260804/fhir/Ester635_Conroy74_5330d6bb-659f-2526-fa82-6655905e9a20.json	5330d6bb-659f-2526-fa82-6655905e9a20	Ester635 Roseanna881 Conroy74	2002-09-13	female
/home/glilly/work/vista-stack/HL7-FHIR-quality-testing/2026/patients/raw/synthea-1000-20260804-20260804/fhir/Eusebia552_Joni720_Herman763_ddc15d57-301c-263e-7d92-404a50231c63.json	ddc15d57-301c-263e-7d92-404a50231c63	Eusebia552 Joni720 Herman763	1935-12-17	female
/home/glilly/work/vista-stack/HL7-FHIR-quality-testing/2026/patients/raw/synthea-1000-20260804-20260804/fhir/Evelyn437_Bogan287_d665e914-ae3e-7b4b-f8d5-2dbad66bf231.json	d665e914-ae3e-7b4b-f8d5-2dbad66bf231	Evelyn437 Bogan287	2009-04-29	female
/home/glilly/work/vista-stack/HL7-FHIR-quality-testing/2026/patients/raw/synthea-1000-20260804-20260804/fhir/Evelyne208_Jakubowski832_9a6bdf50-6165-5368-314c-4e45119dc76a.json	9a6bdf50-6165-5368-314c-4e45119dc76a	Evelyne208 Jakubowski832	2015-12-17	female
/home/glilly/work/vista-stack/HL7-FHIR-quality-testing/2026/patients/raw/synthea-1000-20260804-20260804/fhir/Evelyne208_Rosalee63_Shanahan202_d966249a-fe5f-253a-d72e-613f23e89e09.json	d966249a-fe5f-253a-d72e-613f23e89e09	Evelyne208 Rosalee63 Shanahan202	1963-07-15	female
/home/glilly/work/vista-stack/HL7-FHIR-quality-testing/2026/patients/raw/synthea-1000-20260804-20260804/fhir/Everett935_Rempel203_cb6d30c9-9383-5f67-0d08-b95847d7cccd.json	cb6d30c9-9383-5f67-0d08-b95847d7cccd	Everett935 Leo278 Rempel203	1969-09-30	male
/home/glilly/work/vista-stack/HL7-FHIR-quality-testing/2026/patients/raw/synthea-1000-20260804-20260804/fhir/Everette494_Macejkovic424_3022d481-efe7-2d6c-55e8-cc97068f224d.json	3022d481-efe7-2d6c-55e8-cc97068f224d	Everette494 Stephen891 Macejkovic424	2021-08-15	male
/home/glilly/work/vista-stack/HL7-FHIR-quality-testing/2026/patients/raw/synthea-1000-20260804-20260804/fhir/Evia329_Koch169_53c4308d-5b2e-1b4e-45bf-54a0a1fa9989.json	53c4308d-5b2e-1b4e-45bf-54a0a1fa9989	Evia329 Koch169	2005-01-16	female
/home/glilly/work/vista-stack/HL7-FHIR-quality-testing/2026/patients/raw/synthea-1000-20260804-20260804/fhir/Evon528_Green467_0c8d958c-1a77-5793-4e8c-68ddb9b32bde.json	0c8d958c-1a77-5793-4e8c-68ddb9b32bde	Evon528 Green467	1946-08-07	female
/home/glilly/work/vista-stack/HL7-FHIR-quality-testing/2026/patients/raw/synthea-1000-20260804-20260804/fhir/Exie255_Criselda629_Gibson10_589bfd60-3a70-6896-2436-d4eb0489aeee.json	589bfd60-3a70-6896-2436-d4eb0489aeee	Exie255 Criselda629 Gibson10	1963-09-01	female
/home/glilly/work/vista-stack/HL7-FHIR-quality-testing/2026/patients/raw/synthea-1000-20260804-20260804/fhir/Ezekiel373_Schulist381_40d0801b-18d9-d78a-941d-d83c52102525.json	40d0801b-18d9-d78a-941d-d83c52102525	Ezekiel373 Eugene421 Schulist381	2009-03-24	male
/home/glilly/work/vista-stack/HL7-FHIR-quality-testing/2026/patients/raw/synthea-1000-20260804-20260804/fhir/Ezequiel972_Johnston597_50531c6f-3e2b-3d71-37f4-8ae5409d004a.json	50531c6f-3e2b-3d71-37f4-8ae5409d004a	Ezequiel972 Jackson413 Johnston597	1996-03-30	male
/home/glilly/work/vista-stack/HL7-FHIR-quality-testing/2026/patients/raw/synthea-1000-20260804-20260804/fhir/Ezequiel972_Stamm704_9c7d5873-4e89-fa91-51a1-f40f12d8cbea.json	9c7d5873-4e89-fa91-51a1-f40f12d8cbea	Ezequiel972 Edmundo94 Stamm704	1994-10-08	male
/home/glilly/work/vista-stack/HL7-FHIR-quality-testing/2026/patients/raw/synthea-1000-20260804-20260804/fhir/Fabian647_Hane680_6ae96293-681c-e855-3bb8-bde5d20af5a3.json	6ae96293-681c-e855-3bb8-bde5d20af5a3	Fabian647 Ike571 Hane680	2020-10-03	male
/home/glilly/work/vista-stack/HL7-FHIR-quality-testing/2026/patients/raw/synthea-1000-20260804-20260804/fhir/Fanny438_Koepp521_121622c7-0fcd-ca73-d2cf-74a49734bba4.json	121622c7-0fcd-ca73-d2cf-74a49734bba4	Fanny438 Joey457 Koepp521	2014-08-12	female
/home/glilly/work/vista-stack/HL7-FHIR-quality-testing/2026/patients/raw/synthea-1000-20260804-20260804/fhir/Fe271_Ericka421_Barton704_06b7ba3e-3196-8259-6f63-b375793d1d1a.json	06b7ba3e-3196-8259-6f63-b375793d1d1a	Fe271 Ericka421 Barton704	1935-12-17	female
/home/glilly/work/vista-stack/HL7-FHIR-quality-testing/2026/patients/raw/synthea-1000-20260804-20260804/fhir/Federico589_Beahan375_8f7a4d25-ab23-f53a-e2c4-433151499944.json	8f7a4d25-ab23-f53a-e2c4-433151499944	Federico589 Beahan375	2003-07-10	male
/home/glilly/work/vista-stack/HL7-FHIR-quality-testing/2026/patients/raw/synthea-1000-20260804-20260804/fhir/Felipe97_Centeno914_035e6cf6-74d2-3354-feb1-64b125e5499f.json	035e6cf6-74d2-3354-feb1-64b125e5499f	Felipe97 Jorge203 Centeno914	2020-09-12	male
/home/glilly/work/vista-stack/HL7-FHIR-quality-testing/2026/patients/raw/synthea-1000-20260804-20260804/fhir/Felipe97_Walter473_66385484-d97a-2954-48a5-1e4355ba5296.json	66385484-d97a-2954-48a5-1e4355ba5296	Felipe97 Tyrone215 Walter473	1987-08-28	male
/home/glilly/work/vista-stack/HL7-FHIR-quality-testing/2026/patients/raw/synthea-1000-20260804-20260804/fhir/Ferdinand55_Wunsch504_7aee8a11-43ab-d883-bbf4-e55596ed5bb7.json	7aee8a11-43ab-d883-bbf4-e55596ed5bb7	Ferdinand55 Dexter530 Wunsch504	2003-07-23	male
/home/glilly/work/vista-stack/HL7-FHIR-quality-testing/2026/patients/raw/synthea-1000-20260804-20260804/fhir/Ferne426_Howe413_34fed01d-d178-eb0d-acb6-807187e2bd17.json	34fed01d-d178-eb0d-acb6-807187e2bd17	Ferne426 Earlie274 Howe413	2015-06-22	female
/home/glilly/work/vista-stack/HL7-FHIR-quality-testing/2026/patients/raw/synthea-1000-20260804-20260804/fhir/Flavia315_Simonis280_13fda2e0-d043-a863-14d1-c7959c89ebec.json	13fda2e0-d043-a863-14d1-c7959c89ebec	Flavia315 Sheri207 Simonis280	1995-07-15	female
/home/glilly/work/vista-stack/HL7-FHIR-quality-testing/2026/patients/raw/synthea-1000-20260804-20260804/fhir/Flor713_Muller251_4d8f4deb-3246-7464-150d-2bfed3935728.json	4d8f4deb-3246-7464-150d-2bfed3935728	Flor713 Rachel885 Muller251	1959-05-04	female
/home/glilly/work/vista-stack/HL7-FHIR-quality-testing/2026/patients/raw/synthea-1000-20260804-20260804/fhir/Floyd420_Hayes766_22ce7126-eb23-012d-e21a-35d483565892.json	22ce7126-eb23-012d-e21a-35d483565892	Floyd420 Lucio648 Hayes766	1973-08-06	male
/home/glilly/work/vista-stack/HL7-FHIR-quality-testing/2026/patients/raw/synthea-1000-20260804-20260804/fhir/Forest317_Corwin846_30f1d9a6-bfd8-b5b3-8270-edbebb22919b.json	30f1d9a6-bfd8-b5b3-8270-edbebb22919b	Forest317 Josiah310 Corwin846	2016-06-08	male
/home/glilly/work/vista-stack/HL7-FHIR-quality-testing/2026/patients/raw/synthea-1000-20260804-20260804/fhir/Forest317_Flatley871_55f3695e-f87b-aece-26c9-b182c5ec6384.json	55f3695e-f87b-aece-26c9-b182c5ec6384	Forest317 Kristofer887 Flatley871	1956-08-19	male
/home/glilly/work/vista-stack/HL7-FHIR-quality-testing/2026/patients/raw/synthea-1000-20260804-20260804/fhir/Francene766_Estelle478_Rice937_dd5ba4b4-d193-fada-1e21-cee3c7e51893.json	dd5ba4b4-d193-fada-1e21-cee3c7e51893	Francene766 Estelle478 Rice937	1963-03-08	female
/home/glilly/work/vista-stack/HL7-FHIR-quality-testing/2026/patients/raw/synthea-1000-20260804-20260804/fhir/Frances376_Beatty507_46d10bc5-52dd-5ca2-ff61-a5b91f74ec77.json	46d10bc5-52dd-5ca2-ff61-a5b91f74ec77	Frances376 Beatty507	1952-07-03	male
/home/glilly/work/vista-stack/HL7-FHIR-quality-testing/2026/patients/raw/synthea-1000-20260804-20260804/fhir/Franchesca574_Thu65_Dickens475_fec2508f-81fd-cae8-a35a-70ac58148570.json	fec2508f-81fd-cae8-a35a-70ac58148570	Franchesca574 Thu65 Dickens475	1947-10-02	female
/home/glilly/work/vista-stack/HL7-FHIR-quality-testing/2026/patients/raw/synthea-1000-20260804-20260804/fhir/Franklin857_Cummerata161_8167a2c4-1cec-027c-5ffe-f2daaef80114.json	8167a2c4-1cec-027c-5ffe-f2daaef80114	Franklin857 Charles364 Cummerata161	1931-04-07	male
/home/glilly/work/vista-stack/HL7-FHIR-quality-testing/2026/patients/raw/synthea-1000-20260804-20260804/fhir/Fred155_Durgan499_1720684f-f71a-51b7-b418-30be8621ef2d.json	1720684f-f71a-51b7-b418-30be8621ef2d	Fred155 Dwight645 Durgan499	1947-08-14	male
/home/glilly/work/vista-stack/HL7-FHIR-quality-testing/2026/patients/raw/synthea-1000-20260804-20260804/fhir/Freddy176_Hermann103_1175b49b-4c24-7182-6ba9-53d7282e2202.json	1175b49b-4c24-7182-6ba9-53d7282e2202	Freddy176 Hermann103	1947-05-16	male
/home/glilly/work/vista-stack/HL7-FHIR-quality-testing/2026/patients/raw/synthea-1000-20260804-20260804/fhir/Frederick289_Vandervort697_b53944c9-02c9-e809-2e09-ea413f14ce8b.json	b53944c9-02c9-e809-2e09-ea413f14ce8b	Frederick289 Juan88 Vandervort697	1974-12-09	male
/home/glilly/work/vista-stack/HL7-FHIR-quality-testing/2026/patients/raw/synthea-1000-20260804-20260804/fhir/Fredericka800_Lubowitz58_5ab174f2-ca4f-54ca-0f33-248178871ae7.json	5ab174f2-ca4f-54ca-0f33-248178871ae7	Fredericka800 Lubowitz58	1947-07-25	female
/home/glilly/work/vista-stack/HL7-FHIR-quality-testing/2026/patients/raw/synthea-1000-20260804-20260804/fhir/Gabriele201_Grant908_96db0008-d3e5-4ac9-6648-768ea1b888e2.json	96db0008-d3e5-4ac9-6648-768ea1b888e2	Gabriele201 Grant908	1997-03-15	female
/home/glilly/work/vista-stack/HL7-FHIR-quality-testing/2026/patients/raw/synthea-1000-20260804-20260804/fhir/Gala823_Kreiger457_7e47a480-1fd3-b96a-7201-6083b95755c1.json	7e47a480-1fd3-b96a-7201-6083b95755c1	Gala823 Kreiger457	1950-01-26	female
/home/glilly/work/vista-stack/HL7-FHIR-quality-testing/2026/patients/raw/synthea-1000-20260804-20260804/fhir/Gale827_O'Conner199_69f6aa9e-82df-e9c5-59ca-88c2006dd921.json	69f6aa9e-82df-e9c5-59ca-88c2006dd921	Gale827 Alden634 O'Conner199	2015-02-21	male
/home/glilly/work/vista-stack/HL7-FHIR-quality-testing/2026/patients/raw/synthea-1000-20260804-20260804/fhir/Garnet389_Lakin515_39f73a29-390d-a3f9-4c55-5cee4e7e8ce9.json	39f73a29-390d-a3f9-4c55-5cee4e7e8ce9	Garnet389 Joslyn677 Lakin515	2008-05-06	female
/home/glilly/work/vista-stack/HL7-FHIR-quality-testing/2026/patients/raw/synthea-1000-20260804-20260804/fhir/Garry927_Emard19_ec948f9b-63d8-3b17-972d-907c2047d7a4.json	ec948f9b-63d8-3b17-972d-907c2047d7a4	Garry927 Issac619 Emard19	2014-07-04	male
/home/glilly/work/vista-stack/HL7-FHIR-quality-testing/2026/patients/raw/synthea-1000-20260804-20260804/fhir/Garry927_Lind531_7910bed9-5df0-de89-8f5f-91315119e262.json	7910bed9-5df0-de89-8f5f-91315119e262	Garry927 Prince887 Lind531	1950-11-29	male
/home/glilly/work/vista-stack/HL7-FHIR-quality-testing/2026/patients/raw/synthea-1000-20260804-20260804/fhir/Garth972_White193_e3018a8e-1480-8237-8738-f73cdc8afddb.json	e3018a8e-1480-8237-8738-f73cdc8afddb	Garth972 Brain142 White193	1984-11-30	male
/home/glilly/work/vista-stack/HL7-FHIR-quality-testing/2026/patients/raw/synthea-1000-20260804-20260804/fhir/Gary33_Kuhic920_26d9d874-dcfd-8a2a-3f2e-a28241e24eba.json	26d9d874-dcfd-8a2a-3f2e-a28241e24eba	Gary33 Dewitt635 Kuhic920	1995-08-13	male
/home/glilly/work/vista-stack/HL7-FHIR-quality-testing/2026/patients/raw/synthea-1000-20260804-20260804/fhir/Gary33_Strosin214_1c193f55-61e8-b919-a7b4-aa98cafde8a7.json	1c193f55-61e8-b919-a7b4-aa98cafde8a7	Gary33 Tracey100 Strosin214	1979-04-09	male
/home/glilly/work/vista-stack/HL7-FHIR-quality-testing/2026/patients/raw/synthea-1000-20260804-20260804/fhir/Gaston250_Greenfelder433_8c899f32-d725-02f3-fef8-df5d12c105d7.json	8c899f32-d725-02f3-fef8-df5d12c105d7	Gaston250 Israel728 Greenfelder433	1972-06-04	male
/home/glilly/work/vista-stack/HL7-FHIR-quality-testing/2026/patients/raw/synthea-1000-20260804-20260804/fhir/Gavin481_Kreiger457_a48c0661-57a4-b01b-cfeb-bba5ce3d50cb.json	a48c0661-57a4-b01b-cfeb-bba5ce3d50cb	Gavin481 Howard613 Kreiger457	1980-05-01	male
/home/glilly/work/vista-stack/HL7-FHIR-quality-testing/2026/patients/raw/synthea-1000-20260804-20260804/fhir/Gaylord332_Stamm704_057240b7-31e7-5313-9fb5-26c55a541226.json	057240b7-31e7-5313-9fb5-26c55a541226	Gaylord332 Shad704 Stamm704	1998-11-17	male
/home/glilly/work/vista-stack/HL7-FHIR-quality-testing/2026/patients/raw/synthea-1000-20260804-20260804/fhir/Gaynell126_Grimes165_2d23c5c3-5631-068a-1886-b9981483bd9e.json	2d23c5c3-5631-068a-1886-b9981483bd9e	Gaynell126 Kayleigh718 Grimes165	1925-09-06	female
/home/glilly/work/vista-stack/HL7-FHIR-quality-testing/2026/patients/raw/synthea-1000-20260804-20260804/fhir/Gennie418_Sona831_Kilback373_fdc5fc32-34d0-2131-a890-ab708acc7d9f.json	fdc5fc32-34d0-2131-a890-ab708acc7d9f	Gennie418 Sona831 Kilback373	1963-09-01	female
/home/glilly/work/vista-stack/HL7-FHIR-quality-testing/2026/patients/raw/synthea-1000-20260804-20260804/fhir/George991_Parisian75_015b16d4-1eab-5dec-7d8a-13813b80dc2e.json	015b16d4-1eab-5dec-7d8a-13813b80dc2e	George991 Jacob959 Parisian75	1956-08-10	male
/home/glilly/work/vista-stack/HL7-FHIR-quality-testing/2026/patients/raw/synthea-1000-20260804-20260804/fhir/Georgeanna785_Delphine397_Bogisich202_d09b2a73-0d62-f763-8c8d-985d9ec840ff.json	d09b2a73-0d62-f763-8c8d-985d9ec840ff	Georgeanna785 Delphine397 Bogisich202	1968-01-17	female
/home/glilly/work/vista-stack/HL7-FHIR-quality-testing/2026/patients/raw/synthea-1000-20260804-20260804/fhir/Georgene966_Jerry654_Buckridge80_6c454e09-d7c0-6ab0-5935-bf86b8cca635.json	6c454e09-d7c0-6ab0-5935-bf86b8cca635	Georgene966 Jerry654 Buckridge80	1986-06-01	female
/home/glilly/work/vista-stack/HL7-FHIR-quality-testing/2026/patients/raw/synthea-1000-20260804-20260804/fhir/Georgette866_Hermine424_Collier206_20a31796-0735-653b-9948-258f23d4820a.json	20a31796-0735-653b-9948-258f23d4820a	Georgette866 Hermine424 Collier206	1983-11-20	female
/home/glilly/work/vista-stack/HL7-FHIR-quality-testing/2026/patients/raw/synthea-1000-20260804-20260804/fhir/Gerald181_Haag279_68b22f17-b3a8-792a-8f82-7bf3b83c94f6.json	68b22f17-b3a8-792a-8f82-7bf3b83c94f6	Gerald181 Asa127 Haag279	1953-04-12	male
/home/glilly/work/vista-stack/HL7-FHIR-quality-testing/2026/patients/raw/synthea-1000-20260804-20260804/fhir/Gerardo48_Alvarado520_9c4a5b0a-1f05-693e-f20e-85010466ee32.json	9c4a5b0a-1f05-693e-f20e-85010466ee32	Gerardo48 Tomás404 Alvarado520	1995-11-15	male
/home/glilly/work/vista-stack/HL7-FHIR-quality-testing/2026/patients/raw/synthea-1000-20260804-20260804/fhir/Geri861_Chasidy481_Bartoletti50_303574a5-8986-76db-3d5f-4410d26652ac.json	303574a5-8986-76db-3d5f-4410d26652ac	Geri861 Chasidy481 Bartoletti50	1994-10-09	female
/home/glilly/work/vista-stack/HL7-FHIR-quality-testing/2026/patients/raw/synthea-1000-20260804-20260804/fhir/Gerry91_Gia583_Kris249_359c330e-2659-3212-80bb-1ff466d4251f.json	359c330e-2659-3212-80bb-1ff466d4251f	Gerry91 Gia583 Kris249	1985-06-24	female
/home/glilly/work/vista-stack/HL7-FHIR-quality-testing/2026/patients/raw/synthea-1000-20260804-20260804/fhir/Ghislaine112_Anderson154_639ee065-b135-0e29-f55d-8ed1720fae2f.json	639ee065-b135-0e29-f55d-8ed1720fae2f	Ghislaine112 Nia310 Anderson154	1953-12-01	female
/home/glilly/work/vista-stack/HL7-FHIR-quality-testing/2026/patients/raw/synthea-1000-20260804-20260804/fhir/Gilberto712_Tello902_98cef3ed-2b5b-8cee-343b-ca615e4b8d30.json	98cef3ed-2b5b-8cee-343b-ca615e4b8d30	Gilberto712 Adán600 Tello902	1971-06-25	male
/home/glilly/work/vista-stack/HL7-FHIR-quality-testing/2026/patients/raw/synthea-1000-20260804-20260804/fhir/Gino587_Daugherty69_bf8c52e5-3fcf-2295-d50f-5a69bad10805.json	bf8c52e5-3fcf-2295-d50f-5a69bad10805	Gino587 Rubin812 Daugherty69	2000-04-10	male
/home/glilly/work/vista-stack/HL7-FHIR-quality-testing/2026/patients/raw/synthea-1000-20260804-20260804/fhir/Gino587_Hoppe518_7d5d774c-0063-e28e-2d43-705dcc7610e3.json	7d5d774c-0063-e28e-2d43-705dcc7610e3	Gino587 Brant303 Hoppe518	1979-04-26	male
/home/glilly/work/vista-stack/HL7-FHIR-quality-testing/2026/patients/raw/synthea-1000-20260804-20260804/fhir/Glady857_Bosco882_06fed1bc-490d-ee8e-c240-47b0cd3c0cd5.json	06fed1bc-490d-ee8e-c240-47b0cd3c0cd5	Glady857 Van763 Bosco882	1985-10-12	female
/home/glilly/work/vista-stack/HL7-FHIR-quality-testing/2026/patients/raw/synthea-1000-20260804-20260804/fhir/Glennis930_Heaney114_0c5c6c00-a187-a290-6b37-bbc30f1e84d0.json	0c5c6c00-a187-a290-6b37-bbc30f1e84d0	Glennis930 Lacey714 Heaney114	2017-06-15	female
/home/glilly/work/vista-stack/HL7-FHIR-quality-testing/2026/patients/raw/synthea-1000-20260804-20260804/fhir/Gloria696_Brekke496_505351b7-8cb8-eb95-f6b8-bfe87b66e592.json	505351b7-8cb8-eb95-f6b8-bfe87b66e592	Gloria696 Barbie211 Brekke496	1978-05-10	female
/home/glilly/work/vista-stack/HL7-FHIR-quality-testing/2026/patients/raw/synthea-1000-20260804-20260804/fhir/Gloria696_Inés791_Lara964_b8fb1b33-51a3-1913-2339-5ead36dd6b59.json	b8fb1b33-51a3-1913-2339-5ead36dd6b59	Gloria696 Inés791 Lara964	1989-07-23	female
/home/glilly/work/vista-stack/HL7-FHIR-quality-testing/2026/patients/raw/synthea-1000-20260804-20260804/fhir/Gonzalo160_Rivas297_baad19dd-6d55-c5c8-540d-f4947f284160.json	baad19dd-6d55-c5c8-540d-f4947f284160	Gonzalo160 Rivas297	2020-11-13	male
/home/glilly/work/vista-stack/HL7-FHIR-quality-testing/2026/patients/raw/synthea-1000-20260804-20260804/fhir/Gordon377_McCullough561_ff44eb7b-d256-0055-ef96-5d4fbfa670f6.json	ff44eb7b-d256-0055-ef96-5d4fbfa670f6	Gordon377 McCullough561	1953-03-30	male
/home/glilly/work/vista-stack/HL7-FHIR-quality-testing/2026/patients/raw/synthea-1000-20260804-20260804/fhir/Gordon377_Runolfsdottir785_cda20a63-07ff-ef15-4b16-77d6863ae079.json	cda20a63-07ff-ef15-4b16-77d6863ae079	Gordon377 Arden380 Runolfsdottir785	2014-06-12	male
/home/glilly/work/vista-stack/HL7-FHIR-quality-testing/2026/patients/raw/synthea-1000-20260804-20260804/fhir/Graciela518_Wolf938_b9241d1e-67b9-9f8f-75a0-c30782c78fb6.json	b9241d1e-67b9-9f8f-75a0-c30782c78fb6	Graciela518 Wolf938	1966-05-13	female
/home/glilly/work/vista-stack/HL7-FHIR-quality-testing/2026/patients/raw/synthea-1000-20260804-20260804/fhir/Grady603_Feeney44_09535808-f195-b6b7-5008-ff71e0f9917c.json	09535808-f195-b6b7-5008-ff71e0f9917c	Grady603 Shelton25 Feeney44	1999-05-03	male
/home/glilly/work/vista-stack/HL7-FHIR-quality-testing/2026/patients/raw/synthea-1000-20260804-20260804/fhir/Gregorio366_Alcaraz418_e9f8c65e-0ca9-dcc1-90d3-50ef18057e6e.json	e9f8c65e-0ca9-dcc1-90d3-50ef18057e6e	Gregorio366 Javier97 Alcaraz418	2006-06-08	male
/home/glilly/work/vista-stack/HL7-FHIR-quality-testing/2026/patients/raw/synthea-1000-20260804-20260804/fhir/Gregorio366_Delgado712_891433f8-dbdf-d3e5-8ab6-1c199a4099ee.json	891433f8-dbdf-d3e5-8ab6-1c199a4099ee	Gregorio366 Fernando603 Delgado712	1961-04-26	male
/home/glilly/work/vista-stack/HL7-FHIR-quality-testing/2026/patients/raw/synthea-1000-20260804-20260804/fhir/Grover559_Bechtelar572_661ba5a3-0a04-6607-c396-0ba6204679e9.json	661ba5a3-0a04-6607-c396-0ba6204679e9	Grover559 Edward499 Bechtelar572	1982-06-11	male
/home/glilly/work/vista-stack/HL7-FHIR-quality-testing/2026/patients/raw/synthea-1000-20260804-20260804/fhir/Guadalupe206_Balistreri607_9ee7cfaf-1c73-b6a1-6025-92f4e77688a7.json	9ee7cfaf-1c73-b6a1-6025-92f4e77688a7	Guadalupe206 Murray856 Balistreri607	1965-05-21	male
/home/glilly/work/vista-stack/HL7-FHIR-quality-testing/2026/patients/raw/synthea-1000-20260804-20260804/fhir/Guadalupe206_Gollum504_e53c3648-97a7-a82a-2cf1-7d862904686e.json	e53c3648-97a7-a82a-2cf1-7d862904686e	Guadalupe206 Lourdes258 Gollum504	2002-05-01	female
/home/glilly/work/vista-stack/HL7-FHIR-quality-testing/2026/patients/raw/synthea-1000-20260804-20260804/fhir/Guillermina633_Meraz691_fefeb839-586b-4130-60a8-614671a8762d.json	fefeb839-586b-4130-60a8-614671a8762d	Guillermina633 Berta524 Meraz691	1972-03-23	female
/home/glilly/work/vista-stack/HL7-FHIR-quality-testing/2026/patients/raw/synthea-1000-20260804-20260804/fhir/Gustavo235_Schumm995_28bceb8e-612c-88db-4d44-e246bd939f7b.json	28bceb8e-612c-88db-4d44-e246bd939f7b	Gustavo235 Nathanael908 Schumm995	1950-01-10	male
/home/glilly/work/vista-stack/HL7-FHIR-quality-testing/2026/patients/raw/synthea-1000-20260804-20260804/fhir/Gwenda518_Ina660_Green467_2d3bab40-fa56-8b14-d2b1-d57c225974fc.json	2d3bab40-fa56-8b14-d2b1-d57c225974fc	Gwenda518 Ina660 Green467	1918-12-14	female
/home/glilly/work/vista-stack/HL7-FHIR-quality-testing/2026/patients/raw/synthea-1000-20260804-20260804/fhir/Ha329_Runolfsdottir785_e2f1d6d3-dc2d-cb25-fa76-6bdc520cad66.json	e2f1d6d3-dc2d-cb25-fa76-6bdc520cad66	Ha329 Runolfsdottir785	1964-06-22	female
/home/glilly/work/vista-stack/HL7-FHIR-quality-testing/2026/patients/raw/synthea-1000-20260804-20260804/fhir/Hal307_Satterfield305_e478e565-795e-e050-adde-7ab8a70afd5f.json	e478e565-795e-e050-adde-7ab8a70afd5f	Hal307 Hugo693 Satterfield305	1953-03-30	male
/home/glilly/work/vista-stack/HL7-FHIR-quality-testing/2026/patients/raw/synthea-1000-20260804-20260804/fhir/Hank686_Weissnat378_14e34ff0-c4d9-450f-594b-a18ee1365056.json	14e34ff0-c4d9-450f-594b-a18ee1365056	Hank686 Bruce167 Weissnat378	1969-12-31	male
/home/glilly/work/vista-stack/HL7-FHIR-quality-testing/2026/patients/raw/synthea-1000-20260804-20260804/fhir/Harlan808_Brown30_519e049e-6df3-b154-bf05-6bc7f9d1d638.json	519e049e-6df3-b154-bf05-6bc7f9d1d638	Harlan808 Abram53 Brown30	1993-01-06	male
/home/glilly/work/vista-stack/HL7-FHIR-quality-testing/2026/patients/raw/synthea-1000-20260804-20260804/fhir/Harlan808_Simonis280_1c1d2835-710e-2602-9107-d4da435fd0eb.json	1c1d2835-710e-2602-9107-d4da435fd0eb	Harlan808 Simonis280	1988-04-23	male
/home/glilly/work/vista-stack/HL7-FHIR-quality-testing/2026/patients/raw/synthea-1000-20260804-20260804/fhir/Harold594_Little434_71f3be0f-7665-b8ce-036a-e3e85eddc4ba.json	71f3be0f-7665-b8ce-036a-e3e85eddc4ba	Harold594 Silas208 Little434	1987-05-28	male
/home/glilly/work/vista-stack/HL7-FHIR-quality-testing/2026/patients/raw/synthea-1000-20260804-20260804/fhir/Harriett813_Allen322_Weimann465_82a7e505-7689-fe17-907f-5d20fa91f3cf.json	82a7e505-7689-fe17-907f-5d20fa91f3cf	Harriett813 Allen322 Weimann465	1915-10-04	female
/home/glilly/work/vista-stack/HL7-FHIR-quality-testing/2026/patients/raw/synthea-1000-20260804-20260804/fhir/Harris789_Beahan375_3b9c0722-98df-79f9-32d1-0fe274c133cc.json	3b9c0722-98df-79f9-32d1-0fe274c133cc	Harris789 Ty725 Beahan375	1974-03-16	male
/home/glilly/work/vista-stack/HL7-FHIR-quality-testing/2026/patients/raw/synthea-1000-20260804-20260804/fhir/Harry448_Blick895_72c05f30-049a-d43e-09db-99c53a0f8d8d.json	72c05f30-049a-d43e-09db-99c53a0f8d8d	Harry448 Antone63 Blick895	1967-05-31	male
/home/glilly/work/vista-stack/HL7-FHIR-quality-testing/2026/patients/raw/synthea-1000-20260804-20260804/fhir/Hattie299_Abshire638_e0a5edb0-1ca4-564c-03b7-ae05f5fe881f.json	e0a5edb0-1ca4-564c-03b7-ae05f5fe881f	Hattie299 Noella563 Abshire638	2019-02-15	female
/home/glilly/work/vista-stack/HL7-FHIR-quality-testing/2026/patients/raw/synthea-1000-20260804-20260804/fhir/Hayden835_Cormier289_2ea1575d-903d-63c7-8606-46156d6b49c7.json	2ea1575d-903d-63c7-8606-46156d6b49c7	Hayden835 Troy560 Cormier289	1969-01-14	male
/home/glilly/work/vista-stack/HL7-FHIR-quality-testing/2026/patients/raw/synthea-1000-20260804-20260804/fhir/Haywood675_Buckridge80_5f4e2898-56e9-f3f6-082e-11bfc4c55651.json	5f4e2898-56e9-f3f6-082e-11bfc4c55651	Haywood675 Wilfred787 Buckridge80	1976-08-21	male
/home/glilly/work/vista-stack/HL7-FHIR-quality-testing/2026/patients/raw/synthea-1000-20260804-20260804/fhir/Haywood675_Lueilwitz711_d087a8d8-437f-abdb-f5cd-e9c509633208.json	d087a8d8-437f-abdb-f5cd-e9c509633208	Haywood675 Omer483 Lueilwitz711	1987-05-18	male
/home/glilly/work/vista-stack/HL7-FHIR-quality-testing/2026/patients/raw/synthea-1000-20260804-20260804/fhir/Heath320_Bahringer146_b9ee7a70-1463-f5b8-509f-f3e2785e7dfa.json	b9ee7a70-1463-f5b8-509f-f3e2785e7dfa	Heath320 Gary33 Bahringer146	1964-08-27	male
/home/glilly/work/vista-stack/HL7-FHIR-quality-testing/2026/patients/raw/synthea-1000-20260804-20260804/fhir/Heath320_Eichmann909_b2ab3a77-2f92-7b01-fd01-4b5e68f8b2a6.json	b2ab3a77-2f92-7b01-fd01-4b5e68f8b2a6	Heath320 German382 Eichmann909	2015-02-02	male
/home/glilly/work/vista-stack/HL7-FHIR-quality-testing/2026/patients/raw/synthea-1000-20260804-20260804/fhir/Helena807_Lashandra868_Brekke496_01383610-db63-9ae4-cb16-896022776580.json	01383610-db63-9ae4-cb16-896022776580	Helena807 Lashandra868 Brekke496	1989-04-02	female
/home/glilly/work/vista-stack/HL7-FHIR-quality-testing/2026/patients/raw/synthea-1000-20260804-20260804/fhir/Henry768_Eichmann909_e6a2e81a-2c08-026e-8da0-da73a90d899c.json	e6a2e81a-2c08-026e-8da0-da73a90d899c	Henry768 Hugh686 Eichmann909	1970-06-14	male
/home/glilly/work/vista-stack/HL7-FHIR-quality-testing/2026/patients/raw/synthea-1000-20260804-20260804/fhir/Heriberto162_Metz686_84a1578e-7729-6a06-69a5-380c6e9daa31.json	84a1578e-7729-6a06-69a5-380c6e9daa31	Heriberto162 Giuseppe872 Metz686	2008-05-02	male
/home/glilly/work/vista-stack/HL7-FHIR-quality-testing/2026/patients/raw/synthea-1000-20260804-20260804/fhir/Heriberto162_Robel940_831d9138-b4e1-0505-6faa-d4317fe49e0f.json	831d9138-b4e1-0505-6faa-d4317fe49e0f	Heriberto162 Robel940	1988-01-24	male
/home/glilly/work/vista-stack/HL7-FHIR-quality-testing/2026/patients/raw/synthea-1000-20260804-20260804/fhir/Herlinda751_Fay398_931b9229-3d7d-b036-1dd1-bb665d6ffac6.json	931b9229-3d7d-b036-1dd1-bb665d6ffac6	Herlinda751 Fay398	1968-10-13	female
/home/glilly/work/vista-stack/HL7-FHIR-quality-testing/2026/patients/raw/synthea-1000-20260804-20260804/fhir/Hiedi833_Azucena377_Schneider199_05b51ccc-8754-18dc-5db6-3a92854a73f3.json	05b51ccc-8754-18dc-5db6-3a92854a73f3	Hiedi833 Azucena377 Schneider199	1980-12-28	female
/home/glilly/work/vista-stack/HL7-FHIR-quality-testing/2026/patients/raw/synthea-1000-20260804-20260804/fhir/Hiedi833_Leatha675_Kerluke267_2f6a6990-e2c2-84ec-fcbf-a4403a938304.json	2f6a6990-e2c2-84ec-fcbf-a4403a938304	Hiedi833 Leatha675 Kerluke267	1994-01-27	female
/home/glilly/work/vista-stack/HL7-FHIR-quality-testing/2026/patients/raw/synthea-1000-20260804-20260804/fhir/Hildegarde627_Kohler843_5ea29343-99eb-1ce4-2561-07d6740263f1.json	5ea29343-99eb-1ce4-2561-07d6740263f1	Hildegarde627 Kohler843	1954-12-05	female
/home/glilly/work/vista-stack/HL7-FHIR-quality-testing/2026/patients/raw/synthea-1000-20260804-20260804/fhir/Hiroko446_Reichel38_2f7c8950-5575-39f1-f900-6e1c513f5225.json	2f7c8950-5575-39f1-f900-6e1c513f5225	Hiroko446 Reichel38	2006-01-20	female
/home/glilly/work/vista-stack/HL7-FHIR-quality-testing/2026/patients/raw/synthea-1000-20260804-20260804/fhir/Hobert364_Thiel172_61e21dfc-b04c-c4ad-e287-64fe63116cc5.json	61e21dfc-b04c-c4ad-e287-64fe63116cc5	Hobert364 Grady603 Thiel172	1978-01-12	male
/home/glilly/work/vista-stack/HL7-FHIR-quality-testing/2026/patients/raw/synthea-1000-20260804-20260804/fhir/Holly570_Temeka297_Gorczany269_7cc07ef9-8a07-0a06-caa2-ba09dba29a8a.json	7cc07ef9-8a07-0a06-caa2-ba09dba29a8a	Holly570 Temeka297 Gorczany269	1989-05-11	female
/home/glilly/work/vista-stack/HL7-FHIR-quality-testing/2026/patients/raw/synthea-1000-20260804-20260804/fhir/Hong136_Homenick806_3ca6e46f-ffe3-1ed1-f37d-54c17074612a.json	3ca6e46f-ffe3-1ed1-f37d-54c17074612a	Hong136 Garrett899 Homenick806	1944-12-04	male
/home/glilly/work/vista-stack/HL7-FHIR-quality-testing/2026/patients/raw/synthea-1000-20260804-20260804/fhir/Horace32_Emmerich580_40bd84e6-f560-b399-386a-886545dd12f5.json	40bd84e6-f560-b399-386a-886545dd12f5	Horace32 Roland928 Emmerich580	2026-03-29	male
/home/glilly/work/vista-stack/HL7-FHIR-quality-testing/2026/patients/raw/synthea-1000-20260804-20260804/fhir/Horace32_Wolff180_19b26e13-0dd0-2923-aab3-2288e6fdca05.json	19b26e13-0dd0-2923-aab3-2288e6fdca05	Horace32 Edwardo860 Wolff180	1963-06-26	male
/home/glilly/work/vista-stack/HL7-FHIR-quality-testing/2026/patients/raw/synthea-1000-20260804-20260804/fhir/Hulda44_Doloris378_Maggio310_678758e7-2f37-c61d-f81f-be49c80977af.json	678758e7-2f37-c61d-f81f-be49c80977af	Hulda44 Doloris378 Maggio310	1956-11-09	female
/home/glilly/work/vista-stack/HL7-FHIR-quality-testing/2026/patients/raw/synthea-1000-20260804-20260804/fhir/Hung902_Hirthe744_d2bcbaf4-ec3f-5575-b77a-93017e62b32b.json	d2bcbaf4-ec3f-5575-b77a-93017e62b32b	Hung902 Hirthe744	2004-11-06	male
/home/glilly/work/vista-stack/HL7-FHIR-quality-testing/2026/patients/raw/synthea-1000-20260804-20260804/fhir/Hyman89_Nicolas769_60fcf602-53aa-5c17-a02a-4f57fba6869f.json	60fcf602-53aa-5c17-a02a-4f57fba6869f	Hyman89 Haywood675 Nicolas769	1966-09-05	male
/home/glilly/work/vista-stack/HL7-FHIR-quality-testing/2026/patients/raw/synthea-1000-20260804-20260804/fhir/Ignacio928_Segura601_f70b9659-2dbb-2f6d-c63b-be8e0d7d6900.json	f70b9659-2dbb-2f6d-c63b-be8e0d7d6900	Ignacio928 Juan88 Segura601	2003-08-22	male
/home/glilly/work/vista-stack/HL7-FHIR-quality-testing/2026/patients/raw/synthea-1000-20260804-20260804/fhir/Illa976_Cami698_Cole117_c44fe301-1f35-18f9-444b-1399d3c9d3d4.json	c44fe301-1f35-18f9-444b-1399d3c9d3d4	Illa976 Cami698 Cole117	1973-05-09	female
/home/glilly/work/vista-stack/HL7-FHIR-quality-testing/2026/patients/raw/synthea-1000-20260804-20260804/fhir/Ina660_Roberts511_b8ec434d-03c8-e760-594c-570e12763179.json	b8ec434d-03c8-e760-594c-570e12763179	Ina660 Laronda769 Roberts511	2000-06-23	female
/home/glilly/work/vista-stack/HL7-FHIR-quality-testing/2026/patients/raw/synthea-1000-20260804-20260804/fhir/Iraida50_Bess947_Kub800_8684c478-6f01-ad8f-b30a-a9dcb5a96f65.json	8684c478-6f01-ad8f-b30a-a9dcb5a96f65	Iraida50 Bess947 Kub800	1982-07-11	female
/home/glilly/work/vista-stack/HL7-FHIR-quality-testing/2026/patients/raw/synthea-1000-20260804-20260804/fhir/Isabelle619_Lashon823_Emard19_e65037e7-c74b-dc40-4f57-dbcf45a8e401.json	e65037e7-c74b-dc40-4f57-dbcf45a8e401	Isabelle619 Lashon823 Emard19	1942-09-08	female
/home/glilly/work/vista-stack/HL7-FHIR-quality-testing/2026/patients/raw/synthea-1000-20260804-20260804/fhir/Isela504_Min362_Rodriguez71_bff17506-4e54-973b-67cd-59a7979fb416.json	bff17506-4e54-973b-67cd-59a7979fb416	Isela504 Min362 Rodriguez71	1970-03-07	female
/home/glilly/work/vista-stack/HL7-FHIR-quality-testing/2026/patients/raw/synthea-1000-20260804-20260804/fhir/Ivan258_Crona259_21a9c5d6-c274-3436-a263-94c9fb5a19f5.json	21a9c5d6-c274-3436-a263-94c9fb5a19f5	Ivan258 Kurtis994 Crona259	1977-12-07	male
/home/glilly/work/vista-stack/HL7-FHIR-quality-testing/2026/patients/raw/synthea-1000-20260804-20260804/fhir/Ivan258_Pfannerstill264_c3a70c24-f6f6-4918-9825-389b0c41df25.json	c3a70c24-f6f6-4918-9825-389b0c41df25	Ivan258 Alden634 Pfannerstill264	1950-01-10	male
/home/glilly/work/vista-stack/HL7-FHIR-quality-testing/2026/patients/raw/synthea-1000-20260804-20260804/fhir/Ivan258_Roberts511_1243c4d3-5170-6c43-66fd-29db3110812e.json	1243c4d3-5170-6c43-66fd-29db3110812e	Ivan258 Roberts511	1979-03-08	male
/home/glilly/work/vista-stack/HL7-FHIR-quality-testing/2026/patients/raw/synthea-1000-20260804-20260804/fhir/Jacinto644_Kertzmann286_a6223bec-7bf5-7800-4d61-70540a5b745a.json	a6223bec-7bf5-7800-4d61-70540a5b745a	Jacinto644 Kertzmann286	2004-06-23	male
/home/glilly/work/vista-stack/HL7-FHIR-quality-testing/2026/patients/raw/synthea-1000-20260804-20260804/fhir/Jack927_McClure239_1dea5f59-4adb-0f3c-1645-d32f0b9617e0.json	1dea5f59-4adb-0f3c-1645-d32f0b9617e0	Jack927 Shad704 McClure239	2023-05-12	male
/home/glilly/work/vista-stack/HL7-FHIR-quality-testing/2026/patients/raw/synthea-1000-20260804-20260804/fhir/Jacques50_Emmerich580_a0c00a12-0b12-3bbf-caae-af125f7d09d5.json	a0c00a12-0b12-3bbf-caae-af125f7d09d5	Jacques50 Emmerich580	1962-08-02	male
/home/glilly/work/vista-stack/HL7-FHIR-quality-testing/2026/patients/raw/synthea-1000-20260804-20260804/fhir/Jae222_Terry864_03f66967-cc90-593c-b055-cd8d831a00ed.json	03f66967-cc90-593c-b055-cd8d831a00ed	Jae222 Raleigh478 Terry864	2000-12-08	male
/home/glilly/work/vista-stack/HL7-FHIR-quality-testing/2026/patients/raw/synthea-1000-20260804-20260804/fhir/Jaime666_Weimann465_d680000b-b2a9-96ed-00a5-99037d574a95.json	d680000b-b2a9-96ed-00a5-99037d574a95	Jaime666 Joaquin141 Weimann465	1995-10-28	male
/home/glilly/work/vista-stack/HL7-FHIR-quality-testing/2026/patients/raw/synthea-1000-20260804-20260804/fhir/Jame231_Runolfsson901_378635d0-8b0f-3dee-2002-5088a91ec982.json	378635d0-8b0f-3dee-2002-5088a91ec982	Jame231 Milford485 Runolfsson901	2010-04-27	male
/home/glilly/work/vista-stack/HL7-FHIR-quality-testing/2026/patients/raw/synthea-1000-20260804-20260804/fhir/Jamey282_Nolan344_41e17519-5d65-b752-b62b-b4a7e357d6f6.json	41e17519-5d65-b752-b62b-b4a7e357d6f6	Jamey282 Gerald181 Nolan344	2004-09-05	female
/home/glilly/work/vista-stack/HL7-FHIR-quality-testing/2026/patients/raw/synthea-1000-20260804-20260804/fhir/Jamie386_Gleason633_601e6088-3864-3eef-5e4d-e34599cba66d.json	601e6088-3864-3eef-5e4d-e34599cba66d	Jamie386 Gleason633	1980-08-11	male
/home/glilly/work/vista-stack/HL7-FHIR-quality-testing/2026/patients/raw/synthea-1000-20260804-20260804/fhir/Jamie386_Grant908_80a074af-d15d-3bf8-4f81-127a414a1f8f.json	80a074af-d15d-3bf8-4f81-127a414a1f8f	Jamie386 Terrance440 Grant908	1963-12-14	male
/home/glilly/work/vista-stack/HL7-FHIR-quality-testing/2026/patients/raw/synthea-1000-20260804-20260804/fhir/Jamika47_Doyle959_c3c01ba3-a551-55bf-6f81-20f30b04a13c.json	c3c01ba3-a551-55bf-6f81-20f30b04a13c	Jamika47 Doyle959	2013-01-17	female
/home/glilly/work/vista-stack/HL7-FHIR-quality-testing/2026/patients/raw/synthea-1000-20260804-20260804/fhir/Jammie261_Yundt842_aa53d922-9b3a-e3c2-f038-4c2ef3c552c0.json	aa53d922-9b3a-e3c2-f038-4c2ef3c552c0	Jammie261 Yundt842	1986-11-24	female
/home/glilly/work/vista-stack/HL7-FHIR-quality-testing/2026/patients/raw/synthea-1000-20260804-20260804/fhir/Jan231_Crist667_996e2a50-e92d-fe10-05ca-d5d7bd30cd16.json	996e2a50-e92d-fe10-05ca-d5d7bd30cd16	Jan231 Dylan44 Crist667	2022-03-24	male
/home/glilly/work/vista-stack/HL7-FHIR-quality-testing/2026/patients/raw/synthea-1000-20260804-20260804/fhir/Janay119_Kuvalis369_92f7524c-e89d-fc62-5dee-666f0fa3d5fc.json	92f7524c-e89d-fc62-5dee-666f0fa3d5fc	Janay119 Sanjuanita786 Kuvalis369	2024-10-23	female
/home/glilly/work/vista-stack/HL7-FHIR-quality-testing/2026/patients/raw/synthea-1000-20260804-20260804/fhir/Janel230_Hermann103_2c16d68a-9172-eaa8-67a6-32e45958149b.json	2c16d68a-9172-eaa8-67a6-32e45958149b	Janel230 Herta650 Hermann103	1956-04-19	female
/home/glilly/work/vista-stack/HL7-FHIR-quality-testing/2026/patients/raw/synthea-1000-20260804-20260804/fhir/Janelle257_Heaney114_973f0fc0-caaf-7640-e581-cc3b70bcb1cd.json	973f0fc0-caaf-7640-e581-cc3b70bcb1cd	Janelle257 Maris768 Heaney114	2001-05-03	female
/home/glilly/work/vista-stack/HL7-FHIR-quality-testing/2026/patients/raw/synthea-1000-20260804-20260804/fhir/Janelle257_Marylyn194_Skiles927_4e8e772f-6985-e5bc-fd24-08fc2d2c85ce.json	4e8e772f-6985-e5bc-fd24-08fc2d2c85ce	Janelle257 Marylyn194 Skiles927	1997-10-18	female
/home/glilly/work/vista-stack/HL7-FHIR-quality-testing/2026/patients/raw/synthea-1000-20260804-20260804/fhir/Janeth814_Chassidy418_Brakus656_eac05f70-fce1-c80b-092b-7884d7163a6b.json	eac05f70-fce1-c80b-092b-7884d7163a6b	Janeth814 Chassidy418 Brakus656	1966-10-29	female
/home/glilly/work/vista-stack/HL7-FHIR-quality-testing/2026/patients/raw/synthea-1000-20260804-20260804/fhir/Janetta325_Kohler843_a4c117e5-05b5-51e7-3773-3ee006f0c15f.json	a4c117e5-05b5-51e7-3773-3ee006f0c15f	Janetta325 Kohler843	2011-04-06	female
/home/glilly/work/vista-stack/HL7-FHIR-quality-testing/2026/patients/raw/synthea-1000-20260804-20260804/fhir/Janey243_Funk324_c5ae3e8b-61fc-9a67-f1fb-f28ac034d302.json	c5ae3e8b-61fc-9a67-f1fb-f28ac034d302	Janey243 Cristy798 Funk324	2002-03-03	female
/home/glilly/work/vista-stack/HL7-FHIR-quality-testing/2026/patients/raw/synthea-1000-20260804-20260804/fhir/Janey243_Johns824_e148d3b1-eb75-6e3e-fe4d-010442d68531.json	e148d3b1-eb75-6e3e-fe4d-010442d68531	Janey243 Ardella559 Johns824	2018-04-29	female
/home/glilly/work/vista-stack/HL7-FHIR-quality-testing/2026/patients/raw/synthea-1000-20260804-20260804/fhir/Janis361_Erna640_Keeling57_40e22a55-07e8-845e-6699-a101df2146ab.json	40e22a55-07e8-845e-6699-a101df2146ab	Janis361 Erna640 Keeling57	1991-08-27	female
/home/glilly/work/vista-stack/HL7-FHIR-quality-testing/2026/patients/raw/synthea-1000-20260804-20260804/fhir/Janita977_Roob72_def4edea-4edb-35e7-a521-3648296bf6a2.json	def4edea-4edb-35e7-a521-3648296bf6a2	Janita977 Minerva230 Roob72	1915-09-11	female
/home/glilly/work/vista-stack/HL7-FHIR-quality-testing/2026/patients/raw/synthea-1000-20260804-20260804/fhir/Jann271_Marcelle381_Dickinson688_84bc3b16-7c83-9a7a-f7d6-af77e0186314.json	84bc3b16-7c83-9a7a-f7d6-af77e0186314	Jann271 Marcelle381 Dickinson688	1980-04-15	female
/home/glilly/work/vista-stack/HL7-FHIR-quality-testing/2026/patients/raw/synthea-1000-20260804-20260804/fhir/Jannet618_Gulgowski816_aa25b24a-07bc-0e39-3fc4-18dfda5f1183.json	aa25b24a-07bc-0e39-3fc4-18dfda5f1183	Jannet618 Andrew29 Gulgowski816	2024-07-17	female
/home/glilly/work/vista-stack/HL7-FHIR-quality-testing/2026/patients/raw/synthea-1000-20260804-20260804/fhir/Jarvis643_Wuckert783_5ab26d85-f2f4-ed63-c4e4-6589f060fe88.json	5ab26d85-f2f4-ed63-c4e4-6589f060fe88	Jarvis643 Wuckert783	2001-01-22	male
/home/glilly/work/vista-stack/HL7-FHIR-quality-testing/2026/patients/raw/synthea-1000-20260804-20260804/fhir/Jason347_Morar593_70853fe5-a7f0-38ab-f412-e82556e238ba.json	70853fe5-a7f0-38ab-f412-e82556e238ba	Jason347 Steven797 Morar593	1951-10-07	male
/home/glilly/work/vista-stack/HL7-FHIR-quality-testing/2026/patients/raw/synthea-1000-20260804-20260804/fhir/Jaunita130_Price929_557a1abb-ee09-9562-c26a-83e6f271c692.json	557a1abb-ee09-9562-c26a-83e6f271c692	Jaunita130 Coleen678 Price929	2016-05-31	female
/home/glilly/work/vista-stack/HL7-FHIR-quality-testing/2026/patients/raw/synthea-1000-20260804-20260804/fhir/Javier97_Conn188_0dbf735c-83eb-dfa3-45f3-7d1cca41ec4c.json	0dbf735c-83eb-dfa3-45f3-7d1cca41ec4c	Javier97 Chance908 Conn188	2015-08-03	male
/home/glilly/work/vista-stack/HL7-FHIR-quality-testing/2026/patients/raw/synthea-1000-20260804-20260804/fhir/Javier97_Purdy2_d164b046-3346-47d9-32cf-1d0b314d6a4e.json	d164b046-3346-47d9-32cf-1d0b314d6a4e	Javier97 Purdy2	2020-01-04	male
/home/glilly/work/vista-stack/HL7-FHIR-quality-testing/2026/patients/raw/synthea-1000-20260804-20260804/fhir/Jay242_Irmgard696_Corkery305_0e198d66-e446-ce59-03c7-7be9262c307e.json	0e198d66-e446-ce59-03c7-7be9262c307e	Jay242 Irmgard696 Corkery305	1979-06-23	female
/home/glilly/work/vista-stack/HL7-FHIR-quality-testing/2026/patients/raw/synthea-1000-20260804-20260804/fhir/Jean712_Stiedemann542_b5161720-286e-f173-8c59-bb9481290a21.json	b5161720-286e-f173-8c59-bb9481290a21	Jean712 Fermin479 Stiedemann542	1956-10-21	male
/home/glilly/work/vista-stack/HL7-FHIR-quality-testing/2026/patients/raw/synthea-1000-20260804-20260804/fhir/Jed345_Conroy74_50907969-89d0-74e5-67c5-6f24019b4149.json	50907969-89d0-74e5-67c5-6f24019b4149	Jed345 Conroy74	1946-10-12	male
/home/glilly/work/vista-stack/HL7-FHIR-quality-testing/2026/patients/raw/synthea-1000-20260804-20260804/fhir/Jed345_Eichmann909_01a16569-a8a0-466b-6e14-8e781c1cc1e2.json	01a16569-a8a0-466b-6e14-8e781c1cc1e2	Jed345 Hosea56 Eichmann909	1944-12-04	male
/home/glilly/work/vista-stack/HL7-FHIR-quality-testing/2026/patients/raw/synthea-1000-20260804-20260804/fhir/Jenice416_Koch169_ec1aa78b-1a37-3c2c-850c-82786787cf84.json	ec1aa78b-1a37-3c2c-850c-82786787cf84	Jenice416 Iola859 Koch169	1953-10-07	female
/home/glilly/work/vista-stack/HL7-FHIR-quality-testing/2026/patients/raw/synthea-1000-20260804-20260804/fhir/Jeniffer557_Nienow652_75008bc5-b1fe-a6e0-e468-344653ec97ab.json	75008bc5-b1fe-a6e0-e468-344653ec97ab	Jeniffer557 Delilah659 Nienow652	2004-01-02	female
/home/glilly/work/vista-stack/HL7-FHIR-quality-testing/2026/patients/raw/synthea-1000-20260804-20260804/fhir/Jenine75_Palmira118_Nikolaus26_cee5a530-61f6-4a58-bad4-4315e02c0d80.json	cee5a530-61f6-4a58-bad4-4315e02c0d80	Jenine75 Palmira118 Nikolaus26	1952-08-02	female
/home/glilly/work/vista-stack/HL7-FHIR-quality-testing/2026/patients/raw/synthea-1000-20260804-20260804/fhir/Jenise920_Stoltenberg489_6bb29fd2-8af9-b3f4-0027-95338af828fc.json	6bb29fd2-8af9-b3f4-0027-95338af828fc	Jenise920 Stoltenberg489	2007-07-24	female
/home/glilly/work/vista-stack/HL7-FHIR-quality-testing/2026/patients/raw/synthea-1000-20260804-20260804/fhir/Jerrell6_Sauer652_f465637d-5303-68f6-a930-5a304f427283.json	f465637d-5303-68f6-a930-5a304f427283	Jerrell6 Tom274 Sauer652	2023-02-01	male
/home/glilly/work/vista-stack/HL7-FHIR-quality-testing/2026/patients/raw/synthea-1000-20260804-20260804/fhir/Jerrod232_Breitenberg711_06895d99-812d-a220-99c3-6d492aaeae37.json	06895d99-812d-a220-99c3-6d492aaeae37	Jerrod232 Christopher407 Breitenberg711	1943-12-08	male
/home/glilly/work/vista-stack/HL7-FHIR-quality-testing/2026/patients/raw/synthea-1000-20260804-20260804/fhir/Jerrod232_Towne435_4920128c-e716-0741-33ea-6b06f3225b7b.json	4920128c-e716-0741-33ea-6b06f3225b7b	Jerrod232 Towne435	1974-12-03	male
/home/glilly/work/vista-stack/HL7-FHIR-quality-testing/2026/patients/raw/synthea-1000-20260804-20260804/fhir/Jerry654_Hegmann834_9820d7f5-076a-b227-a9db-0eed6990f145.json	9820d7f5-076a-b227-a9db-0eed6990f145	Jerry654 Ismael683 Hegmann834	1973-09-12	male
/home/glilly/work/vista-stack/HL7-FHIR-quality-testing/2026/patients/raw/synthea-1000-20260804-20260804/fhir/Jerry654_Wiegand701_59416b3b-54a7-3752-1dfe-623cabe52a31.json	59416b3b-54a7-3752-1dfe-623cabe52a31	Jerry654 Wiegand701	2005-03-09	male
/home/glilly/work/vista-stack/HL7-FHIR-quality-testing/2026/patients/raw/synthea-1000-20260804-20260804/fhir/Jerónimo599_Guardado953_6e74e536-3a72-5a54-bb89-fb31dd20e9ab.json	6e74e536-3a72-5a54-bb89-fb31dd20e9ab	Jerónimo599 Guardado953	1962-03-28	male
/home/glilly/work/vista-stack/HL7-FHIR-quality-testing/2026/patients/raw/synthea-1000-20260804-20260804/fhir/Jesse626_Kessler503_4a702b47-aabc-923f-33ba-06900a0c8dbb.json	4a702b47-aabc-923f-33ba-06900a0c8dbb	Jesse626 Douglas31 Kessler503	1997-10-17	male
/home/glilly/work/vista-stack/HL7-FHIR-quality-testing/2026/patients/raw/synthea-1000-20260804-20260804/fhir/Jessia669_Jennine355_Gulgowski816_f3ab7b53-331c-b06c-c9ab-2ffb32c562fc.json	f3ab7b53-331c-b06c-c9ab-2ffb32c562fc	Jessia669 Jennine355 Gulgowski816	1988-02-28	female
/home/glilly/work/vista-stack/HL7-FHIR-quality-testing/2026/patients/raw/synthea-1000-20260804-20260804/fhir/Jessie665_Thompson596_c9cce763-85c5-aaba-2819-069f15546241.json	c9cce763-85c5-aaba-2819-069f15546241	Jessie665 Hyman89 Thompson596	1991-04-28	male
/home/glilly/work/vista-stack/HL7-FHIR-quality-testing/2026/patients/raw/synthea-1000-20260804-20260804/fhir/Jesus702_Leffler128_d17ef298-ddda-0f9c-06dc-bb55a685aa31.json	d17ef298-ddda-0f9c-06dc-bb55a685aa31	Jesus702 Deloris888 Leffler128	2021-10-28	female
/home/glilly/work/vista-stack/HL7-FHIR-quality-testing/2026/patients/raw/synthea-1000-20260804-20260804/fhir/Jesus702_O'Kon634_74e2b95c-b706-6667-edba-2c066c6189fd.json	74e2b95c-b706-6667-edba-2c066c6189fd	Jesus702 Blaine377 O'Kon634	2014-08-23	male
/home/glilly/work/vista-stack/HL7-FHIR-quality-testing/2026/patients/raw/synthea-1000-20260804-20260804/fhir/Jesusa437_Block661_259b7b2b-1636-d9c9-864d-cc81e58f1b3e.json	259b7b2b-1636-d9c9-864d-cc81e58f1b3e	Jesusa437 Monica757 Block661	1994-09-22	female
/home/glilly/work/vista-stack/HL7-FHIR-quality-testing/2026/patients/raw/synthea-1000-20260804-20260804/fhir/Jesús825_Espinosa298_b9d46409-4c8c-217a-602d-e297f3e2c533.json	b9d46409-4c8c-217a-602d-e297f3e2c533	Jesús825 Santiago500 Espinosa298	1987-01-13	male
/home/glilly/work/vista-stack/HL7-FHIR-quality-testing/2026/patients/raw/synthea-1000-20260804-20260804/fhir/Jewel43_Champlin946_d4ff3c72-4af1-01cc-8ab1-a6be605d1306.json	d4ff3c72-4af1-01cc-8ab1-a6be605d1306	Jewel43 Demarcus108 Champlin946	1968-01-28	male
/home/glilly/work/vista-stack/HL7-FHIR-quality-testing/2026/patients/raw/synthea-1000-20260804-20260804/fhir/Jewel43_Wilderman619_b430a1b7-e98d-3c08-fe45-c2f10ca58327.json	b430a1b7-e98d-3c08-fe45-c2f10ca58327	Jewel43 Vito638 Wilderman619	1990-12-20	male
/home/glilly/work/vista-stack/HL7-FHIR-quality-testing/2026/patients/raw/synthea-1000-20260804-20260804/fhir/Joane83_Williamson769_0e618f7b-6d8c-e519-94cf-8ddeea400371.json	0e618f7b-6d8c-e519-94cf-8ddeea400371	Joane83 Taisha184 Williamson769	2015-01-26	female
/home/glilly/work/vista-stack/HL7-FHIR-quality-testing/2026/patients/raw/synthea-1000-20260804-20260804/fhir/Joaquín233_Olivas524_eba1d518-8a4c-c7ac-5c2b-f1f06934722e.json	eba1d518-8a4c-c7ac-5c2b-f1f06934722e	Joaquín233 Raúl937 Olivas524	2002-03-24	male
/home/glilly/work/vista-stack/HL7-FHIR-quality-testing/2026/patients/raw/synthea-1000-20260804-20260804/fhir/Joe656_Daniel959_48883542-02d5-bdce-b080-0304e56afef9.json	48883542-02d5-bdce-b080-0304e56afef9	Joe656 Les282 Daniel959	2019-06-07	male
/home/glilly/work/vista-stack/HL7-FHIR-quality-testing/2026/patients/raw/synthea-1000-20260804-20260804/fhir/Joe656_Schowalter414_00a83dfb-438a-edea-30db-dec5888aa150.json	00a83dfb-438a-edea-30db-dec5888aa150	Joe656 Schowalter414	1993-09-03	male
/home/glilly/work/vista-stack/HL7-FHIR-quality-testing/2026/patients/raw/synthea-1000-20260804-20260804/fhir/Joesph309_Runolfsdottir785_9f0b2aed-ca4d-8576-f7f5-d997746e3334.json	9f0b2aed-ca4d-8576-f7f5-d997746e3334	Joesph309 Zachariah133 Runolfsdottir785	1999-04-16	male
/home/glilly/work/vista-stack/HL7-FHIR-quality-testing/2026/patients/raw/synthea-1000-20260804-20260804/fhir/Johnathon489_Pouros728_bf275098-8ca3-50e9-9983-db72a399dc4f.json	bf275098-8ca3-50e9-9983-db72a399dc4f	Johnathon489 Pouros728	1998-03-13	male
/home/glilly/work/vista-stack/HL7-FHIR-quality-testing/2026/patients/raw/synthea-1000-20260804-20260804/fhir/Johnetta529_Kassulke119_1197473a-1c9c-fb07-1737-a51b9b8c786e.json	1197473a-1c9c-fb07-1737-a51b9b8c786e	Johnetta529 Milissa240 Kassulke119	2000-02-21	female
/home/glilly/work/vista-stack/HL7-FHIR-quality-testing/2026/patients/raw/synthea-1000-20260804-20260804/fhir/Johnie961_Ferry570_221465e7-3b3d-e642-b2ae-1443615da952.json	221465e7-3b3d-e642-b2ae-1443615da952	Johnie961 Prince887 Ferry570	2017-08-05	male
/home/glilly/work/vista-stack/HL7-FHIR-quality-testing/2026/patients/raw/synthea-1000-20260804-20260804/fhir/Johnie961_Walsh511_a9d6793e-484f-34b3-810b-2fff6adb2b22.json	a9d6793e-484f-34b3-810b-2fff6adb2b22	Johnie961 Richie600 Walsh511	1974-01-16	male
/home/glilly/work/vista-stack/HL7-FHIR-quality-testing/2026/patients/raw/synthea-1000-20260804-20260804/fhir/Johnna810_Ernser583_087e39d2-2a52-9e76-33cb-d97d656451d5.json	087e39d2-2a52-9e76-33cb-d97d656451d5	Johnna810 Sherrell611 Ernser583	2006-08-17	female
/home/glilly/work/vista-stack/HL7-FHIR-quality-testing/2026/patients/raw/synthea-1000-20260804-20260804/fhir/Johnny786_Langosh790_a6038135-149f-7f7e-42a4-605fe8fdda8a.json	a6038135-149f-7f7e-42a4-605fe8fdda8a	Johnny786 Lacy523 Langosh790	1956-03-07	male
/home/glilly/work/vista-stack/HL7-FHIR-quality-testing/2026/patients/raw/synthea-1000-20260804-20260804/fhir/Jolie499_Kami26_Bartell116_7e469b34-1086-ab4a-de8a-faf23bf3d373.json	7e469b34-1086-ab4a-de8a-faf23bf3d373	Jolie499 Kami26 Bartell116	1968-03-12	female
/home/glilly/work/vista-stack/HL7-FHIR-quality-testing/2026/patients/raw/synthea-1000-20260804-20260804/fhir/Jona712_Bobbi508_Lind531_c0af8fbe-4903-e27e-13e9-f71c9eeade1a.json	c0af8fbe-4903-e27e-13e9-f71c9eeade1a	Jona712 Bobbi508 Lind531	1941-11-14	female
/home/glilly/work/vista-stack/HL7-FHIR-quality-testing/2026/patients/raw/synthea-1000-20260804-20260804/fhir/Jonathan639_Yundt842_5e0b2c94-f77c-f2b6-823e-6c5202e60750.json	5e0b2c94-f77c-f2b6-823e-6c5202e60750	Jonathan639 Barry322 Yundt842	1944-07-09	male
/home/glilly/work/vista-stack/HL7-FHIR-quality-testing/2026/patients/raw/synthea-1000-20260804-20260804/fhir/Joshua658_Bernhard322_688c6d38-2187-b0d8-4124-0dbdfaf33379.json	688c6d38-2187-b0d8-4124-0dbdfaf33379	Joshua658 Cristobal567 Bernhard322	1990-12-17	male
/home/glilly/work/vista-stack/HL7-FHIR-quality-testing/2026/patients/raw/synthea-1000-20260804-20260804/fhir/José3_Casárez469_cdd20e22-94b2-8e79-e0b7-2529c25c9ee4.json	cdd20e22-94b2-8e79-e0b7-2529c25c9ee4	José3 Gerardo48 Casárez469	1962-07-11	male
/home/glilly/work/vista-stack/HL7-FHIR-quality-testing/2026/patients/raw/synthea-1000-20260804-20260804/fhir/Jovan870_Brown30_749fab56-47c3-a080-76f4-d7d7c38da167.json	749fab56-47c3-a080-76f4-d7d7c38da167	Jovan870 Frankie174 Brown30	1998-12-26	female
/home/glilly/work/vista-stack/HL7-FHIR-quality-testing/2026/patients/raw/synthea-1000-20260804-20260804/fhir/Joycelyn213_Kassulke119_df9e6a98-7629-5dfe-b5e8-04552afab04b.json	df9e6a98-7629-5dfe-b5e8-04552afab04b	Joycelyn213 Sunday568 Kassulke119	1957-08-20	female
/home/glilly/work/vista-stack/HL7-FHIR-quality-testing/2026/patients/raw/synthea-1000-20260804-20260804/fhir/Juan88_Anguiano812_fe324f8c-5d47-8343-8376-182c3ac531f6.json	fe324f8c-5d47-8343-8376-182c3ac531f6	Juan88 Roberto515 Anguiano812	1962-03-15	male
/home/glilly/work/vista-stack/HL7-FHIR-quality-testing/2026/patients/raw/synthea-1000-20260804-20260804/fhir/Juan88_Kilback373_ae5a973d-a217-5444-35e4-ccc7a42fe7c9.json	ae5a973d-a217-5444-35e4-ccc7a42fe7c9	Juan88 Rivka589 Kilback373	2024-05-22	female
/home/glilly/work/vista-stack/HL7-FHIR-quality-testing/2026/patients/raw/synthea-1000-20260804-20260804/fhir/Juana825_Christia477_Morissette863_38741906-c8bc-3fcf-4470-208d228b8ba0.json	38741906-c8bc-3fcf-4470-208d228b8ba0	Juana825 Christia477 Morissette863	1959-05-09	female
/home/glilly/work/vista-stack/HL7-FHIR-quality-testing/2026/patients/raw/synthea-1000-20260804-20260804/fhir/Juana825_Elsa29_Guillen740_fc1275b8-4620-ea6d-b94f-c1f9c98232b1.json	fc1275b8-4620-ea6d-b94f-c1f9c98232b1	Juana825 Elsa29 Guillen740	1998-04-01	female
/home/glilly/work/vista-stack/HL7-FHIR-quality-testing/2026/patients/raw/synthea-1000-20260804-20260804/fhir/Juana825_María_José279_Tapia475_ccd0204f-545b-87d3-2a44-2bfe271007f6.json	ccd0204f-545b-87d3-2a44-2bfe271007f6	Juana825 María José279 Tapia475	1967-08-25	female
/home/glilly/work/vista-stack/HL7-FHIR-quality-testing/2026/patients/raw/synthea-1000-20260804-20260804/fhir/Judi176_Flo729_Paucek755_2ed0da18-8fe0-c1b3-cdda-de60c2ef362a.json	2ed0da18-8fe0-c1b3-cdda-de60c2ef362a	Judi176 Flo729 Paucek755	1989-11-04	female
/home/glilly/work/vista-stack/HL7-FHIR-quality-testing/2026/patients/raw/synthea-1000-20260804-20260804/fhir/Judi176_Robel940_a490a580-8ee4-abfe-f1c6-fa5ac7b7baa9.json	a490a580-8ee4-abfe-f1c6-fa5ac7b7baa9	Judi176 Ewa95 Robel940	1969-10-26	female
/home/glilly/work/vista-stack/HL7-FHIR-quality-testing/2026/patients/raw/synthea-1000-20260804-20260804/fhir/Jules135_Effertz744_dd01339d-d4ba-6883-9f23-734ac68b2ca5.json	dd01339d-d4ba-6883-9f23-734ac68b2ca5	Jules135 Wayne846 Effertz744	1982-05-27	male
/home/glilly/work/vista-stack/HL7-FHIR-quality-testing/2026/patients/raw/synthea-1000-20260804-20260804/fhir/Julie245_Kam191_Gutmann970_ddaccdc8-b306-6216-3d58-abaf38ac0252.json	ddaccdc8-b306-6216-3d58-abaf38ac0252	Julie245 Kam191 Gutmann970	1971-10-03	female
/home/glilly/work/vista-stack/HL7-FHIR-quality-testing/2026/patients/raw/synthea-1000-20260804-20260804/fhir/Julio255_Schneider199_e390006e-c555-518c-b557-9e8ba6cc2f0d.json	e390006e-c555-518c-b557-9e8ba6cc2f0d	Julio255 Schneider199	2003-03-16	male
/home/glilly/work/vista-stack/HL7-FHIR-quality-testing/2026/patients/raw/synthea-1000-20260804-20260804/fhir/Justin359_Streich926_02a8d383-1a32-64bc-d029-a938af36587b.json	02a8d383-1a32-64bc-d029-a938af36587b	Justin359 Streich926	2019-05-20	male
/home/glilly/work/vista-stack/HL7-FHIR-quality-testing/2026/patients/raw/synthea-1000-20260804-20260804/fhir/Jutta270_Mosciski958_82060c58-30db-63eb-ceec-80f73959c450.json	82060c58-30db-63eb-ceec-80f73959c450	Jutta270 Adelle43 Mosciski958	2006-08-19	female
/home/glilly/work/vista-stack/HL7-FHIR-quality-testing/2026/patients/raw/synthea-1000-20260804-20260804/fhir/Kacy732_Miesha237_Schimmel440_6f61c08b-094d-f965-6694-5130da4242b0.json	6f61c08b-094d-f965-6694-5130da4242b0	Kacy732 Miesha237 Schimmel440	1972-01-09	female
/home/glilly/work/vista-stack/HL7-FHIR-quality-testing/2026/patients/raw/synthea-1000-20260804-20260804/fhir/Kaila152_Sharlene906_Kuhic920_063128aa-1cd9-760e-bbbf-9a8f46e0791b.json	063128aa-1cd9-760e-bbbf-9a8f46e0791b	Kaila152 Sharlene906 Kuhic920	1991-08-24	female
/home/glilly/work/vista-stack/HL7-FHIR-quality-testing/2026/patients/raw/synthea-1000-20260804-20260804/fhir/Kandi717_Joanie498_Gottlieb798_18da82c6-2511-9591-ee8e-08edf37132c2.json	18da82c6-2511-9591-ee8e-08edf37132c2	Kandi717 Joanie498 Gottlieb798	1996-04-09	female
/home/glilly/work/vista-stack/HL7-FHIR-quality-testing/2026/patients/raw/synthea-1000-20260804-20260804/fhir/Kandis954_Dollie671_Barton704_02f31b23-9cc1-ef2f-3cc5-987e86ff4277.json	02f31b23-9cc1-ef2f-3cc5-987e86ff4277	Kandis954 Dollie671 Barton704	1972-05-08	female
/home/glilly/work/vista-stack/HL7-FHIR-quality-testing/2026/patients/raw/synthea-1000-20260804-20260804/fhir/Kanesha23_Gusikowski974_c998271b-56e2-1c58-1286-0087cf8213a3.json	c998271b-56e2-1c58-1286-0087cf8213a3	Kanesha23 Gusikowski974	1948-04-20	female
/home/glilly/work/vista-stack/HL7-FHIR-quality-testing/2026/patients/raw/synthea-1000-20260804-20260804/fhir/Karol905_Fahey393_0ae20566-c633-bd94-5d39-62360ab35dd5.json	0ae20566-c633-bd94-5d39-62360ab35dd5	Karol905 Fahey393	2026-04-08	female
/home/glilly/work/vista-stack/HL7-FHIR-quality-testing/2026/patients/raw/synthea-1000-20260804-20260804/fhir/Karol905_Kling921_58431482-d66b-a61d-4bbb-66312184a8a1.json	58431482-d66b-a61d-4bbb-66312184a8a1	Karol905 Regenia619 Kling921	2013-12-20	female
/home/glilly/work/vista-stack/HL7-FHIR-quality-testing/2026/patients/raw/synthea-1000-20260804-20260804/fhir/Karon907_Audry167_Jerde200_c18c4d35-d1a5-b5f8-e004-e507858ceb6c.json	c18c4d35-d1a5-b5f8-e004-e507858ceb6c	Karon907 Audry167 Jerde200	1997-11-20	female
/home/glilly/work/vista-stack/HL7-FHIR-quality-testing/2026/patients/raw/synthea-1000-20260804-20260804/fhir/Kasandra729_Marvin195_faf8f14a-020e-ce93-6a1f-804e7bc91a0b.json	faf8f14a-020e-ce93-6a1f-804e7bc91a0b	Kasandra729 Jona712 Marvin195	1979-09-18	female
/home/glilly/work/vista-stack/HL7-FHIR-quality-testing/2026/patients/raw/synthea-1000-20260804-20260804/fhir/Kasie673_Lorita217_Hagenes547_5f1ef63c-7f33-7ca2-7a73-53b3a94858bf.json	5f1ef63c-7f33-7ca2-7a73-53b3a94858bf	Kasie673 Lorita217 Hagenes547	1971-12-16	female
/home/glilly/work/vista-stack/HL7-FHIR-quality-testing/2026/patients/raw/synthea-1000-20260804-20260804/fhir/Katelynn452_Gleason633_4420a54e-42a9-ce78-8ff5-b6ffb0f20048.json	4420a54e-42a9-ce78-8ff5-b6ffb0f20048	Katelynn452 Starla601 Gleason633	2011-11-10	female
/home/glilly/work/vista-stack/HL7-FHIR-quality-testing/2026/patients/raw/synthea-1000-20260804-20260804/fhir/Katherin596_Ema785_Mante251_4fc70fe7-0084-d3c7-6434-ff3cf411b49f.json	4fc70fe7-0084-d3c7-6434-ff3cf411b49f	Katherin596 Ema785 Mante251	1983-02-12	female
/home/glilly/work/vista-stack/HL7-FHIR-quality-testing/2026/patients/raw/synthea-1000-20260804-20260804/fhir/Katherin596_Stanton715_2eb4d092-3438-7cbf-667d-c237eb08084f.json	2eb4d092-3438-7cbf-667d-c237eb08084f	Katherin596 Gaynell126 Stanton715	2002-12-21	female
/home/glilly/work/vista-stack/HL7-FHIR-quality-testing/2026/patients/raw/synthea-1000-20260804-20260804/fhir/Kathy623_Thompson596_22d6017a-56a7-d468-894e-7530f865c203.json	22d6017a-56a7-d468-894e-7530f865c203	Kathy623 Rosalyn434 Thompson596	1974-06-11	female
/home/glilly/work/vista-stack/HL7-FHIR-quality-testing/2026/patients/raw/synthea-1000-20260804-20260804/fhir/Katrice671_Kimi714_Raynor401_97a5ea5d-819e-9572-dcc3-82439562c31c.json	97a5ea5d-819e-9572-dcc3-82439562c31c	Katrice671 Kimi714 Raynor401	1970-06-02	female
/home/glilly/work/vista-stack/HL7-FHIR-quality-testing/2026/patients/raw/synthea-1000-20260804-20260804/fhir/Kaye394_Paola523_Breitenberg711_03a622e8-63e6-a4dd-dfa4-076e19fe2588.json	03a622e8-63e6-a4dd-dfa4-076e19fe2588	Kaye394 Paola523 Breitenberg711	1962-10-15	female
/home/glilly/work/vista-stack/HL7-FHIR-quality-testing/2026/patients/raw/synthea-1000-20260804-20260804/fhir/Kayleen757_Moore224_e70ee8a1-ede8-b4e1-0e13-85d8da017f68.json	e70ee8a1-ede8-b4e1-0e13-85d8da017f68	Kayleen757 Kena893 Moore224	2004-05-27	female
/home/glilly/work/vista-stack/HL7-FHIR-quality-testing/2026/patients/raw/synthea-1000-20260804-20260804/fhir/Keeley419_Melissia267_Wehner319_4a101110-4760-bfda-d5d8-ba777b8b9eac.json	4a101110-4760-bfda-d5d8-ba777b8b9eac	Keeley419 Melissia267 Wehner319	1958-04-29	female
/home/glilly/work/vista-stack/HL7-FHIR-quality-testing/2026/patients/raw/synthea-1000-20260804-20260804/fhir/Keith571_DuBuque211_49faa461-1afd-8360-cc07-7f37b63c2629.json	49faa461-1afd-8360-cc07-7f37b63c2629	Keith571 Von197 DuBuque211	1969-03-25	male
/home/glilly/work/vista-stack/HL7-FHIR-quality-testing/2026/patients/raw/synthea-1000-20260804-20260804/fhir/Kelly223_McLaughlin530_dfec03ee-5806-2b78-f57c-559dd888980d.json	dfec03ee-5806-2b78-f57c-559dd888980d	Kelly223 McLaughlin530	1964-05-26	male
/home/glilly/work/vista-stack/HL7-FHIR-quality-testing/2026/patients/raw/synthea-1000-20260804-20260804/fhir/Kelly223_Reichel38_9061634e-caab-da46-4060-7509b89addd0.json	9061634e-caab-da46-4060-7509b89addd0	Kelly223 Walter473 Reichel38	1916-11-02	male
/home/glilly/work/vista-stack/HL7-FHIR-quality-testing/2026/patients/raw/synthea-1000-20260804-20260804/fhir/Kelsey155_Emmerich580_30c02f4d-e6b0-a92c-dedc-4e9bb990e22a.json	30c02f4d-e6b0-a92c-dedc-4e9bb990e22a	Kelsey155 Rebbeca432 Emmerich580	2000-09-17	female
/home/glilly/work/vista-stack/HL7-FHIR-quality-testing/2026/patients/raw/synthea-1000-20260804-20260804/fhir/Kelvin159_Hilpert278_8e12c0fd-4ca4-158d-405c-fcca2d0d28ff.json	8e12c0fd-4ca4-158d-405c-fcca2d0d28ff	Kelvin159 Josiah310 Hilpert278	1956-01-26	male
/home/glilly/work/vista-stack/HL7-FHIR-quality-testing/2026/patients/raw/synthea-1000-20260804-20260804/fhir/Ken316_Durgan499_283d19b8-c607-d4ff-a5a6-db175fbb67ee.json	283d19b8-c607-d4ff-a5a6-db175fbb67ee	Ken316 Jonathan639 Durgan499	1974-08-06	male
/home/glilly/work/vista-stack/HL7-FHIR-quality-testing/2026/patients/raw/synthea-1000-20260804-20260804/fhir/Kendrick479_Botsford977_58dd9f18-e5e6-ecc3-6cb2-a299a5f0658c.json	58dd9f18-e5e6-ecc3-6cb2-a299a5f0658c	Kendrick479 Karl184 Botsford977	1949-09-29	male
/home/glilly/work/vista-stack/HL7-FHIR-quality-testing/2026/patients/raw/synthea-1000-20260804-20260804/fhir/Kendrick479_Konopelski743_8d295cc3-5402-d5bc-3584-c755637eb94c.json	8d295cc3-5402-d5bc-3584-c755637eb94c	Kendrick479 Angelo118 Konopelski743	1958-07-26	male
/home/glilly/work/vista-stack/HL7-FHIR-quality-testing/2026/patients/raw/synthea-1000-20260804-20260804/fhir/Kenisha791_Cummings51_c470cdff-27bb-53b3-a20e-3f4b68b0e000.json	c470cdff-27bb-53b3-a20e-3f4b68b0e000	Kenisha791 Cummings51	1915-10-04	female
/home/glilly/work/vista-stack/HL7-FHIR-quality-testing/2026/patients/raw/synthea-1000-20260804-20260804/fhir/Kennith515_Carroll471_ae7b1d12-929d-af11-3f59-4a84b8cc6a66.json	ae7b1d12-929d-af11-3f59-4a84b8cc6a66	Kennith515 Efren426 Carroll471	1999-05-14	male
/home/glilly/work/vista-stack/HL7-FHIR-quality-testing/2026/patients/raw/synthea-1000-20260804-20260804/fhir/Kenton313_Hermiston71_a2f9f475-983a-b330-6423-25fa5316429c.json	a2f9f475-983a-b330-6423-25fa5316429c	Kenton313 Nelson403 Hermiston71	2002-08-18	male
/home/glilly/work/vista-stack/HL7-FHIR-quality-testing/2026/patients/raw/synthea-1000-20260804-20260804/fhir/Kenyatta61_Cassin499_2a8a70a1-bc43-4dc7-679c-003b2e07e62c.json	2a8a70a1-bc43-4dc7-679c-003b2e07e62c	Kenyatta61 Annamae625 Cassin499	2020-04-14	female
/home/glilly/work/vista-stack/HL7-FHIR-quality-testing/2026/patients/raw/synthea-1000-20260804-20260804/fhir/Keven605_Conroy74_dcced6fe-e867-808a-5dfa-e9d9c7fb48b5.json	dcced6fe-e867-808a-5dfa-e9d9c7fb48b5	Keven605 Glen190 Conroy74	1981-01-23	male
/home/glilly/work/vista-stack/HL7-FHIR-quality-testing/2026/patients/raw/synthea-1000-20260804-20260804/fhir/Kevin729_Koepp521_4b67f97b-5e55-bac6-30ae-98123ea27610.json	4b67f97b-5e55-bac6-30ae-98123ea27610	Kevin729 Derek111 Koepp521	2025-03-24	male
/home/glilly/work/vista-stack/HL7-FHIR-quality-testing/2026/patients/raw/synthea-1000-20260804-20260804/fhir/Kieth891_Hilpert278_b8bc2780-0e24-6e10-a0b1-e5f009f4a282.json	b8bc2780-0e24-6e10-a0b1-e5f009f4a282	Kieth891 Jon665 Hilpert278	2000-09-08	male
/home/glilly/work/vista-stack/HL7-FHIR-quality-testing/2026/patients/raw/synthea-1000-20260804-20260804/fhir/Kiley170_Kayleigh718_Feest103_6715eb1a-8256-47d5-0804-fc3df17b8d41.json	6715eb1a-8256-47d5-0804-fc3df17b8d41	Kiley170 Kayleigh718 Feest103	1947-02-17	female
/home/glilly/work/vista-stack/HL7-FHIR-quality-testing/2026/patients/raw/synthea-1000-20260804-20260804/fhir/Kim439_Hackett68_cc161fb2-974e-8a1f-9cd1-77afad714306.json	cc161fb2-974e-8a1f-9cd1-77afad714306	Kim439 Hackett68	2019-06-11	male
/home/glilly/work/vista-stack/HL7-FHIR-quality-testing/2026/patients/raw/synthea-1000-20260804-20260804/fhir/Kim439_Skiles927_52567e69-8641-a7b5-77d2-42a59386efcb.json	52567e69-8641-a7b5-77d2-42a59386efcb	Kim439 Cedric746 Skiles927	1945-03-14	male
/home/glilly/work/vista-stack/HL7-FHIR-quality-testing/2026/patients/raw/synthea-1000-20260804-20260804/fhir/Kimberely738_Louise871_Leffler128_67ee9886-8d87-08d3-b95a-ccfe9f57fd15.json	67ee9886-8d87-08d3-b95a-ccfe9f57fd15	Kimberely738 Louise871 Leffler128	1997-02-28	female
/home/glilly/work/vista-stack/HL7-FHIR-quality-testing/2026/patients/raw/synthea-1000-20260804-20260804/fhir/Kip442_McLaughlin530_f989c2e6-b878-40d8-cbba-c2551df70361.json	f989c2e6-b878-40d8-cbba-c2551df70361	Kip442 Sergio619 McLaughlin530	1954-05-16	male
/home/glilly/work/vista-stack/HL7-FHIR-quality-testing/2026/patients/raw/synthea-1000-20260804-20260804/fhir/Kirstie385_McKenzie376_5b7690e7-eb08-8581-041d-e4af0b86e769.json	5b7690e7-eb08-8581-041d-e4af0b86e769	Kirstie385 Rubye299 McKenzie376	1999-05-03	female
/home/glilly/work/vista-stack/HL7-FHIR-quality-testing/2026/patients/raw/synthea-1000-20260804-20260804/fhir/Klara351_Kia427_Hickle134_900e2fc1-747b-b4d8-c840-0840428cd3a4.json	900e2fc1-747b-b4d8-c840-0840428cd3a4	Klara351 Kia427 Hickle134	1976-10-04	female
/home/glilly/work/vista-stack/HL7-FHIR-quality-testing/2026/patients/raw/synthea-1000-20260804-20260804/fhir/Kristan816_Legros616_5ca2bab8-47c7-f62f-2a33-fc40e6bed6c6.json	5ca2bab8-47c7-f62f-2a33-fc40e6bed6c6	Kristan816 Nanci249 Legros616	2018-05-14	female
/home/glilly/work/vista-stack/HL7-FHIR-quality-testing/2026/patients/raw/synthea-1000-20260804-20260804/fhir/Kristle148_Laticia649_Fisher429_128c9c18-b73c-f9e1-3a2a-b0132e276afa.json	128c9c18-b73c-f9e1-3a2a-b0132e276afa	Kristle148 Laticia649 Fisher429	1966-10-08	female
/home/glilly/work/vista-stack/HL7-FHIR-quality-testing/2026/patients/raw/synthea-1000-20260804-20260804/fhir/Kristofer887_Cartwright189_b4bd42a8-bd3c-a12d-3b74-c634893e74a4.json	b4bd42a8-bd3c-a12d-3b74-c634893e74a4	Kristofer887 Derick144 Cartwright189	1980-05-01	male
/home/glilly/work/vista-stack/HL7-FHIR-quality-testing/2026/patients/raw/synthea-1000-20260804-20260804/fhir/Kristopher775_Beahan375_9d7ff1dc-3bcb-2414-b132-61874fadb6f9.json	9d7ff1dc-3bcb-2414-b132-61874fadb6f9	Kristopher775 Mohammad578 Beahan375	1988-10-07	male
/home/glilly/work/vista-stack/HL7-FHIR-quality-testing/2026/patients/raw/synthea-1000-20260804-20260804/fhir/Kristopher775_Considine820_18bdea5a-fe9f-f27b-ac5e-a67fa45b750b.json	18bdea5a-fe9f-f27b-ac5e-a67fa45b750b	Kristopher775 Isidro558 Considine820	1997-03-18	male
/home/glilly/work/vista-stack/HL7-FHIR-quality-testing/2026/patients/raw/synthea-1000-20260804-20260804/fhir/Kristopher775_Kertzmann286_af354f7b-36ad-593f-2194-0daff10333db.json	af354f7b-36ad-593f-2194-0daff10333db	Kristopher775 Quinn173 Kertzmann286	1937-10-23	male
/home/glilly/work/vista-stack/HL7-FHIR-quality-testing/2026/patients/raw/synthea-1000-20260804-20260804/fhir/Kristyn560_Champlin946_7f684837-4f26-0bb5-ea57-cc880cfd9a39.json	7f684837-4f26-0bb5-ea57-cc880cfd9a39	Kristyn560 Margherita470 Champlin946	2013-04-05	female
/home/glilly/work/vista-stack/HL7-FHIR-quality-testing/2026/patients/raw/synthea-1000-20260804-20260804/fhir/Krystle484_Mertz280_5856885d-3fd6-0a67-e216-9d421d705822.json	5856885d-3fd6-0a67-e216-9d421d705822	Krystle484 Mertz280	2025-06-12	female
/home/glilly/work/vista-stack/HL7-FHIR-quality-testing/2026/patients/raw/synthea-1000-20260804-20260804/fhir/Lachelle614_Ruthanne627_Hagenes547_ec26a89b-a7d4-5b08-f2eb-fadd12065db9.json	ec26a89b-a7d4-5b08-f2eb-fadd12065db9	Lachelle614 Ruthanne627 Hagenes547	1975-06-21	female
/home/glilly/work/vista-stack/HL7-FHIR-quality-testing/2026/patients/raw/synthea-1000-20260804-20260804/fhir/Ladawn167_Ward668_3272b8d6-53f7-70ca-517b-bea81bb5731a.json	3272b8d6-53f7-70ca-517b-bea81bb5731a	Ladawn167 Ward668	1996-01-30	female
/home/glilly/work/vista-stack/HL7-FHIR-quality-testing/2026/patients/raw/synthea-1000-20260804-20260804/fhir/Lady554_Franecki195_f28f6305-0753-4fa1-0d2d-3d896c46b628.json	f28f6305-0753-4fa1-0d2d-3d896c46b628	Lady554 Tifany477 Franecki195	1938-04-07	female
/home/glilly/work/vista-stack/HL7-FHIR-quality-testing/2026/patients/raw/synthea-1000-20260804-20260804/fhir/Laila673_Beer512_7ecf744a-0995-4801-6205-0edf8dc06d84.json	7ecf744a-0995-4801-6205-0edf8dc06d84	Laila673 Lauran65 Beer512	1999-05-22	female
/home/glilly/work/vista-stack/HL7-FHIR-quality-testing/2026/patients/raw/synthea-1000-20260804-20260804/fhir/Laine739_Pei116_Frami345_b2aca46e-49bb-3cdf-68ac-9632b1e5aa54.json	b2aca46e-49bb-3cdf-68ac-9632b1e5aa54	Laine739 Pei116 Frami345	1947-10-03	female
/home/glilly/work/vista-stack/HL7-FHIR-quality-testing/2026/patients/raw/synthea-1000-20260804-20260804/fhir/Lamar193_Wolf938_8676b596-e60e-083d-fe78-761d52bb7073.json	8676b596-e60e-083d-fe78-761d52bb7073	Lamar193 Ezra452 Wolf938	1988-07-15	male
/home/glilly/work/vista-stack/HL7-FHIR-quality-testing/2026/patients/raw/synthea-1000-20260804-20260804/fhir/Lamont867_Shanahan202_772c7658-76fd-2179-7ee2-453180eb136a.json	772c7658-76fd-2179-7ee2-453180eb136a	Lamont867 Teddy976 Shanahan202	1993-05-25	male
/home/glilly/work/vista-stack/HL7-FHIR-quality-testing/2026/patients/raw/synthea-1000-20260804-20260804/fhir/Lamont867_Wunsch504_882a214c-d02d-35a3-a114-832e600c3e23.json	882a214c-d02d-35a3-a114-832e600c3e23	Lamont867 Shawn523 Wunsch504	2013-08-27	male
/home/glilly/work/vista-stack/HL7-FHIR-quality-testing/2026/patients/raw/synthea-1000-20260804-20260804/fhir/Lanelle105_Inge747_Bartell116_b0682112-50e4-2348-36bc-9bee0a5011d6.json	b0682112-50e4-2348-36bc-9bee0a5011d6	Lanelle105 Inge747 Bartell116	1962-02-11	female
/home/glilly/work/vista-stack/HL7-FHIR-quality-testing/2026/patients/raw/synthea-1000-20260804-20260804/fhir/Lanny564_Haag279_4a2156ed-c414-280a-7956-443a367e89be.json	4a2156ed-c414-280a-7956-443a367e89be	Lanny564 Chi716 Haag279	1987-11-05	male
/home/glilly/work/vista-stack/HL7-FHIR-quality-testing/2026/patients/raw/synthea-1000-20260804-20260804/fhir/Lanny564_Runte676_6f08694e-4fff-b1cf-3eef-e0949244a13a.json	6f08694e-4fff-b1cf-3eef-e0949244a13a	Lanny564 Runte676	2001-03-12	male
/home/glilly/work/vista-stack/HL7-FHIR-quality-testing/2026/patients/raw/synthea-1000-20260804-20260804/fhir/Larraine124_Prohaska837_ddd33917-58f8-1896-750c-18889e9ef1fb.json	ddd33917-58f8-1896-750c-18889e9ef1fb	Larraine124 Agatha2 Prohaska837	1954-04-04	female
/home/glilly/work/vista-stack/HL7-FHIR-quality-testing/2026/patients/raw/synthea-1000-20260804-20260804/fhir/Lashawn862_Daphne852_Lueilwitz711_4cef3a92-2f4c-6637-244c-6932783ef594.json	4cef3a92-2f4c-6637-244c-6932783ef594	Lashawn862 Daphne852 Lueilwitz711	1950-09-14	female
/home/glilly/work/vista-stack/HL7-FHIR-quality-testing/2026/patients/raw/synthea-1000-20260804-20260804/fhir/Lashawn862_Goldner995_0be44755-6470-b6bd-4fda-36d8a58170f7.json	0be44755-6470-b6bd-4fda-36d8a58170f7	Lashawn862 Goldner995	2013-05-23	female
/home/glilly/work/vista-stack/HL7-FHIR-quality-testing/2026/patients/raw/synthea-1000-20260804-20260804/fhir/Lashell363_Legros616_55716e3f-dc05-ef2f-4485-feeac37fe673.json	55716e3f-dc05-ef2f-4485-feeac37fe673	Lashell363 Natosha194 Legros616	2004-03-02	female
/home/glilly/work/vista-stack/HL7-FHIR-quality-testing/2026/patients/raw/synthea-1000-20260804-20260804/fhir/Lashunda872_Larissa293_Kiehn525_27ca2448-f0c0-606a-0a1c-ff6baf6c66d6.json	27ca2448-f0c0-606a-0a1c-ff6baf6c66d6	Lashunda872 Larissa293 Kiehn525	1990-03-06	female
/home/glilly/work/vista-stack/HL7-FHIR-quality-testing/2026/patients/raw/synthea-1000-20260804-20260804/fhir/Latarsha812_Rosenbaum794_1d9788a0-e695-62e8-12d2-9461e7f029e9.json	1d9788a0-e695-62e8-12d2-9461e7f029e9	Latarsha812 Rosenbaum794	1974-04-06	female
/home/glilly/work/vista-stack/HL7-FHIR-quality-testing/2026/patients/raw/synthea-1000-20260804-20260804/fhir/Latoyia537_Kautzer186_f0b83b8d-8649-9b2d-3a7d-c8c42c885d53.json	f0b83b8d-8649-9b2d-3a7d-c8c42c885d53	Latoyia537 Ara96 Kautzer186	2026-04-18	female
/home/glilly/work/vista-stack/HL7-FHIR-quality-testing/2026/patients/raw/synthea-1000-20260804-20260804/fhir/Lauri399_Delpha270_Dooley940_cf691401-b344-699b-b3b0-d011df06c9ee.json	cf691401-b344-699b-b3b0-d011df06c9ee	Lauri399 Delpha270 Dooley940	1990-12-24	female
/home/glilly/work/vista-stack/HL7-FHIR-quality-testing/2026/patients/raw/synthea-1000-20260804-20260804/fhir/Lauri399_Stracke611_d9f79b29-9963-270c-9dcc-0bf5ec498ebd.json	d9f79b29-9963-270c-9dcc-0bf5ec498ebd	Lauri399 Tamala194 Stracke611	2025-01-02	female
/home/glilly/work/vista-stack/HL7-FHIR-quality-testing/2026/patients/raw/synthea-1000-20260804-20260804/fhir/Lavern240_Quigley282_b7694d9f-58bb-f30a-c372-dd71c6093879.json	b7694d9f-58bb-f30a-c372-dd71c6093879	Lavern240 Octavio643 Quigley282	1985-07-10	male
/home/glilly/work/vista-stack/HL7-FHIR-quality-testing/2026/patients/raw/synthea-1000-20260804-20260804/fhir/Laveta191_Lubowitz58_17dc1db1-359d-18bc-0237-aa18a4c6af76.json	17dc1db1-359d-18bc-0237-aa18a4c6af76	Laveta191 Heide509 Lubowitz58	1976-05-30	female
/home/glilly/work/vista-stack/HL7-FHIR-quality-testing/2026/patients/raw/synthea-1000-20260804-20260804/fhir/Lavon272_Kandice471_Mraz590_6cf41ec4-7757-bc3e-8663-a8ab541b2a4a.json	6cf41ec4-7757-bc3e-8663-a8ab541b2a4a	Lavon272 Kandice471 Mraz590	1990-04-15	female
/home/glilly/work/vista-stack/HL7-FHIR-quality-testing/2026/patients/raw/synthea-1000-20260804-20260804/fhir/Lawrence741_Romaguera67_65c910f0-169d-ab8e-10c0-94f609dda883.json	65c910f0-169d-ab8e-10c0-94f609dda883	Lawrence741 Forrest301 Romaguera67	1990-01-04	male
/home/glilly/work/vista-stack/HL7-FHIR-quality-testing/2026/patients/raw/synthea-1000-20260804-20260804/fhir/Layla49_Beer512_c0e15a36-9b09-049a-4633-9a58c2de6153.json	c0e15a36-9b09-049a-4633-9a58c2de6153	Layla49 Portia383 Beer512	2010-06-06	female
/home/glilly/work/vista-stack/HL7-FHIR-quality-testing/2026/patients/raw/synthea-1000-20260804-20260804/fhir/Lazaro919_DuBuque211_079f501e-47f1-0302-af50-9c1b45de9b4d.json	079f501e-47f1-0302-af50-9c1b45de9b4d	Lazaro919 Dominique369 DuBuque211	2008-07-30	male
/home/glilly/work/vista-stack/HL7-FHIR-quality-testing/2026/patients/raw/synthea-1000-20260804-20260804/fhir/Leandro563_Beier427_17b8d7e2-a748-4b63-9a6e-5a87af5c8a13.json	17b8d7e2-a748-4b63-9a6e-5a87af5c8a13	Leandro563 Jamie386 Beier427	1940-03-06	male
/home/glilly/work/vista-stack/HL7-FHIR-quality-testing/2026/patients/raw/synthea-1000-20260804-20260804/fhir/Leandro563_Collins926_132c0397-d4d0-b52c-6051-2115b018f14b.json	132c0397-d4d0-b52c-6051-2115b018f14b	Leandro563 Jackie93 Collins926	1970-03-15	male
/home/glilly/work/vista-stack/HL7-FHIR-quality-testing/2026/patients/raw/synthea-1000-20260804-20260804/fhir/Lee268_Dach178_181bff8f-cda4-015f-8330-a8e6dce5f99f.json	181bff8f-cda4-015f-8330-a8e6dce5f99f	Lee268 Lucien408 Dach178	1969-08-02	male
/home/glilly/work/vista-stack/HL7-FHIR-quality-testing/2026/patients/raw/synthea-1000-20260804-20260804/fhir/Leena55_Aiko748_Kunze215_87b528e7-d4b9-72b3-969c-860fb10a2dc8.json	87b528e7-d4b9-72b3-969c-860fb10a2dc8	Leena55 Aiko748 Kunze215	1997-06-22	female
/home/glilly/work/vista-stack/HL7-FHIR-quality-testing/2026/patients/raw/synthea-1000-20260804-20260804/fhir/Leif534_Osinski784_320e2509-ef08-68a4-170e-ebbd6165fe9d.json	320e2509-ef08-68a4-170e-ebbd6165fe9d	Leif534 Jonah176 Osinski784	2002-11-26	male
/home/glilly/work/vista-stack/HL7-FHIR-quality-testing/2026/patients/raw/synthea-1000-20260804-20260804/fhir/Leland44_Feeney44_4d4dde21-3cb6-26c8-123e-47ab3152d5df.json	4d4dde21-3cb6-26c8-123e-47ab3152d5df	Leland44 Feeney44	1986-11-27	male
/home/glilly/work/vista-stack/HL7-FHIR-quality-testing/2026/patients/raw/synthea-1000-20260804-20260804/fhir/Lenny728_Auer97_aa40fba8-7ef3-fdd7-e928-9267f75b370e.json	aa40fba8-7ef3-fdd7-e928-9267f75b370e	Lenny728 Auer97	1993-11-03	male
/home/glilly/work/vista-stack/HL7-FHIR-quality-testing/2026/patients/raw/synthea-1000-20260804-20260804/fhir/Lenora887_Douglas31_4bbe12ac-73a3-c43e-c0e0-e56b827fac13.json	4bbe12ac-73a3-c43e-c0e0-e56b827fac13	Lenora887 Douglas31	1999-03-16	female
/home/glilly/work/vista-stack/HL7-FHIR-quality-testing/2026/patients/raw/synthea-1000-20260804-20260804/fhir/Lenore883_Rath779_a1121db7-b4ab-150e-3c2b-c93c729f3d10.json	a1121db7-b4ab-150e-3c2b-c93c729f3d10	Lenore883 Rath779	1950-01-26	female
/home/glilly/work/vista-stack/HL7-FHIR-quality-testing/2026/patients/raw/synthea-1000-20260804-20260804/fhir/Leonard963_Bosco882_03e66724-bb3a-d1ba-83cb-37cade09544a.json	03e66724-bb3a-d1ba-83cb-37cade09544a	Leonard963 Bosco882	1999-04-21	male
/home/glilly/work/vista-stack/HL7-FHIR-quality-testing/2026/patients/raw/synthea-1000-20260804-20260804/fhir/Leonard963_Wolff180_13086a09-6d94-33fe-cd3d-c7e7a4caf1b3.json	13086a09-6d94-33fe-cd3d-c7e7a4caf1b3	Leonard963 Vicente970 Wolff180	2007-07-19	male
/home/glilly/work/vista-stack/HL7-FHIR-quality-testing/2026/patients/raw/synthea-1000-20260804-20260804/fhir/Leonel449_Rice937_b1b5fd88-7b43-9a5c-800c-cc7b8bf4b819.json	b1b5fd88-7b43-9a5c-800c-cc7b8bf4b819	Leonel449 Roosevelt595 Rice937	1943-10-01	male
/home/glilly/work/vista-stack/HL7-FHIR-quality-testing/2026/patients/raw/synthea-1000-20260804-20260804/fhir/Leonila462_Greenholt190_797476f2-3b59-7ee2-d4dd-fe03ec22b4e1.json	797476f2-3b59-7ee2-d4dd-fe03ec22b4e1	Leonila462 Greenholt190	2025-10-20	female
/home/glilly/work/vista-stack/HL7-FHIR-quality-testing/2026/patients/raw/synthea-1000-20260804-20260804/fhir/Leopoldo762_Marks830_c7963852-4e6a-d3cc-3aa3-31b42332325d.json	c7963852-4e6a-d3cc-3aa3-31b42332325d	Leopoldo762 Marks830	2013-04-26	male
/home/glilly/work/vista-stack/HL7-FHIR-quality-testing/2026/patients/raw/synthea-1000-20260804-20260804/fhir/Leota851_Hudson301_2bc5433c-7a61-1403-31aa-82a40da87617.json	2bc5433c-7a61-1403-31aa-82a40da87617	Leota851 Hudson301	2001-04-17	female
/home/glilly/work/vista-stack/HL7-FHIR-quality-testing/2026/patients/raw/synthea-1000-20260804-20260804/fhir/Lera808_Quiana329_Reynolds644_975e9894-4dd8-5cff-375a-14b0ff984e81.json	975e9894-4dd8-5cff-375a-14b0ff984e81	Lera808 Quiana329 Reynolds644	1954-10-24	female
/home/glilly/work/vista-stack/HL7-FHIR-quality-testing/2026/patients/raw/synthea-1000-20260804-20260804/fhir/Leroy603_Bradtke547_22aba301-8578-b334-eef5-5e2cc167ba17.json	22aba301-8578-b334-eef5-5e2cc167ba17	Leroy603 Sherwood961 Bradtke547	1980-10-22	male
/home/glilly/work/vista-stack/HL7-FHIR-quality-testing/2026/patients/raw/synthea-1000-20260804-20260804/fhir/Lesa839_Agustina460_Botsford977_518f462f-3a17-9be1-cee5-b02d64dbcaa7.json	518f462f-3a17-9be1-cee5-b02d64dbcaa7	Lesa839 Agustina460 Botsford977	1935-12-17	female
/home/glilly/work/vista-stack/HL7-FHIR-quality-testing/2026/patients/raw/synthea-1000-20260804-20260804/fhir/Lesley194_O'Keefe54_afd5c743-f747-3d0a-355b-f9bb7273ac93.json	afd5c743-f747-3d0a-355b-f9bb7273ac93	Lesley194 Bruce167 O'Keefe54	1963-11-04	male
/home/glilly/work/vista-stack/HL7-FHIR-quality-testing/2026/patients/raw/synthea-1000-20260804-20260804/fhir/Leslie90_Heidenreich818_e2c4c4e1-ad1f-d7c2-4f5e-cbe710747a15.json	e2c4c4e1-ad1f-d7c2-4f5e-cbe710747a15	Leslie90 Heidenreich818	2018-07-15	female
/home/glilly/work/vista-stack/HL7-FHIR-quality-testing/2026/patients/raw/synthea-1000-20260804-20260804/fhir/Lester513_Schaden604_f3ba1e7b-3724-d1c2-d850-fe45beab6cbb.json	f3ba1e7b-3724-d1c2-d850-fe45beab6cbb	Lester513 Schaden604	1973-02-21	male
/home/glilly/work/vista-stack/HL7-FHIR-quality-testing/2026/patients/raw/synthea-1000-20260804-20260804/fhir/Lester513_Zulauf375_4d8ad2f5-5cb4-6695-f479-ca544d72dbdc.json	4d8ad2f5-5cb4-6695-f479-ca544d72dbdc	Lester513 Tanesha560 Zulauf375	1999-05-05	female
/home/glilly/work/vista-stack/HL7-FHIR-quality-testing/2026/patients/raw/synthea-1000-20260804-20260804/fhir/Letty680_Walter473_5cc105ea-cb49-8a4a-03f2-a38cdbc546f4.json	5cc105ea-cb49-8a4a-03f2-a38cdbc546f4	Letty680 Mitchell808 Walter473	1990-02-12	female
/home/glilly/work/vista-stack/HL7-FHIR-quality-testing/2026/patients/raw/synthea-1000-20260804-20260804/fhir/Lezlie553_Kuhlman484_1b4b1c64-10c9-ee32-d58b-68ff4dd8b28e.json	1b4b1c64-10c9-ee32-d58b-68ff4dd8b28e	Lezlie553 Zina602 Kuhlman484	2006-10-03	female
/home/glilly/work/vista-stack/HL7-FHIR-quality-testing/2026/patients/raw/synthea-1000-20260804-20260804/fhir/Libbie63_Brown30_1d608022-5d8f-f720-d7cb-be8ff080cebf.json	1d608022-5d8f-f720-d7cb-be8ff080cebf	Libbie63 Brown30	1972-03-25	female
/home/glilly/work/vista-stack/HL7-FHIR-quality-testing/2026/patients/raw/synthea-1000-20260804-20260804/fhir/Libbie63_Leanora120_Tremblay80_bde5e880-17e7-517a-e621-bef965659eeb.json	bde5e880-17e7-517a-e621-bef965659eeb	Libbie63 Leanora120 Tremblay80	1971-08-25	female
/home/glilly/work/vista-stack/HL7-FHIR-quality-testing/2026/patients/raw/synthea-1000-20260804-20260804/fhir/Lillian593_Prosacco716_76fb3b33-da78-0adf-e183-076640b221a4.json	76fb3b33-da78-0adf-e183-076640b221a4	Lillian593 Leonora414 Prosacco716	2024-04-28	female
/home/glilly/work/vista-stack/HL7-FHIR-quality-testing/2026/patients/raw/synthea-1000-20260804-20260804/fhir/Lillie543_Bibi254_Renner328_222de696-01ce-e469-0092-07abfaba31e8.json	222de696-01ce-e469-0092-07abfaba31e8	Lillie543 Bibi254 Renner328	1957-07-26	female
/home/glilly/work/vista-stack/HL7-FHIR-quality-testing/2026/patients/raw/synthea-1000-20260804-20260804/fhir/Lily490_Hoppe518_dd6e6e86-6248-2ae5-6838-679b40f7095c.json	dd6e6e86-6248-2ae5-6838-679b40f7095c	Lily490 Francis500 Hoppe518	1962-12-04	female
/home/glilly/work/vista-stack/HL7-FHIR-quality-testing/2026/patients/raw/synthea-1000-20260804-20260804/fhir/Lily490_Zboncak558_6ab4c4e6-423e-4bed-628a-cd1611d5af2e.json	6ab4c4e6-423e-4bed-628a-cd1611d5af2e	Lily490 Adria871 Zboncak558	1999-01-01	female
/home/glilly/work/vista-stack/HL7-FHIR-quality-testing/2026/patients/raw/synthea-1000-20260804-20260804/fhir/Linh535_Shawana711_Thiel172_3b72febe-693c-06d5-4838-b75aeb10d7b3.json	3b72febe-693c-06d5-4838-b75aeb10d7b3	Linh535 Shawana711 Thiel172	1995-01-10	female
/home/glilly/work/vista-stack/HL7-FHIR-quality-testing/2026/patients/raw/synthea-1000-20260804-20260804/fhir/Linn541_Karen597_Lindgren255_828d2d2a-a6ac-105a-a5b7-5979f9303a66.json	828d2d2a-a6ac-105a-a5b7-5979f9303a66	Linn541 Karen597 Lindgren255	1980-02-14	female
/home/glilly/work/vista-stack/HL7-FHIR-quality-testing/2026/patients/raw/synthea-1000-20260804-20260804/fhir/Lise687_Weber641_704013ad-8363-5a90-be99-f2af2c02eb4b.json	704013ad-8363-5a90-be99-f2af2c02eb4b	Lise687 Weber641	1975-06-22	female
/home/glilly/work/vista-stack/HL7-FHIR-quality-testing/2026/patients/raw/synthea-1000-20260804-20260804/fhir/Lisette854_Kuphal363_a5451799-d264-87f3-c056-f549a154a9dd.json	a5451799-d264-87f3-c056-f549a154a9dd	Lisette854 Gretta175 Kuphal363	2012-03-18	female
/home/glilly/work/vista-stack/HL7-FHIR-quality-testing/2026/patients/raw/synthea-1000-20260804-20260804/fhir/Lisette854_McDermott739_59fed2cd-f1ce-603d-a760-a8ca591b7e1f.json	59fed2cd-f1ce-603d-a760-a8ca591b7e1f	Lisette854 Brande998 McDermott739	1963-08-21	female
/home/glilly/work/vista-stack/HL7-FHIR-quality-testing/2026/patients/raw/synthea-1000-20260804-20260804/fhir/Lizette501_Hansen121_dcd7c374-99b3-2679-fb56-70abd6a263a6.json	dcd7c374-99b3-2679-fb56-70abd6a263a6	Lizette501 Lilliana632 Hansen121	1969-03-03	female
/home/glilly/work/vista-stack/HL7-FHIR-quality-testing/2026/patients/raw/synthea-1000-20260804-20260804/fhir/Loida499_Antonette454_Carroll471_03809127-f2ef-50de-0b0f-e723a0f81a32.json	03809127-f2ef-50de-0b0f-e723a0f81a32	Loida499 Antonette454 Carroll471	1943-05-24	female
/home/glilly/work/vista-stack/HL7-FHIR-quality-testing/2026/patients/raw/synthea-1000-20260804-20260804/fhir/Loise968_Jacobson885_3784fb58-2f78-2c29-d620-9ca9904eca94.json	3784fb58-2f78-2c29-d620-9ca9904eca94	Loise968 Contessa946 Jacobson885	2000-12-26	female
/home/glilly/work/vista-stack/HL7-FHIR-quality-testing/2026/patients/raw/synthea-1000-20260804-20260804/fhir/Lola232_Marrero674_eaf8039e-394e-bccd-6d94-92f23ab19c98.json	eaf8039e-394e-bccd-6d94-92f23ab19c98	Lola232 Caridad510 Marrero674	2005-03-31	female
/home/glilly/work/vista-stack/HL7-FHIR-quality-testing/2026/patients/raw/synthea-1000-20260804-20260804/fhir/Loma263_Tromp100_a0353065-a114-1677-4b62-a4fdcc14814d.json	a0353065-a114-1677-4b62-a4fdcc14814d	Loma263 Cathi439 Tromp100	2009-11-16	female
/home/glilly/work/vista-stack/HL7-FHIR-quality-testing/2026/patients/raw/synthea-1000-20260804-20260804/fhir/Lonna614_Joie561_Grant908_de3a54e2-9fc3-a2b0-034d-b2bf1f1cd43a.json	de3a54e2-9fc3-a2b0-034d-b2bf1f1cd43a	Lonna614 Joie561 Grant908	1948-05-03	female
/home/glilly/work/vista-stack/HL7-FHIR-quality-testing/2026/patients/raw/synthea-1000-20260804-20260804/fhir/Lonnie913_Cheri871_Macejkovic424_01bd38ab-1b18-3355-2c53-7465f16d3f3d.json	01bd38ab-1b18-3355-2c53-7465f16d3f3d	Lonnie913 Cheri871 Macejkovic424	1922-02-05	female
/home/glilly/work/vista-stack/HL7-FHIR-quality-testing/2026/patients/raw/synthea-1000-20260804-20260804/fhir/Lonny638_King743_bbb591aa-b82b-21db-14e1-fe8de3300833.json	bbb591aa-b82b-21db-14e1-fe8de3300833	Lonny638 King743	1981-04-09	male
/home/glilly/work/vista-stack/HL7-FHIR-quality-testing/2026/patients/raw/synthea-1000-20260804-20260804/fhir/Lonny638_Miller503_956550e8-fc61-fb6b-f02c-788eb12577ca.json	956550e8-fc61-fb6b-f02c-788eb12577ca	Lonny638 Myles862 Miller503	2024-02-29	male
/home/glilly/work/vista-stack/HL7-FHIR-quality-testing/2026/patients/raw/synthea-1000-20260804-20260804/fhir/Loraine318_Goyette777_90016377-7782-8f22-4b35-35d621bffedd.json	90016377-7782-8f22-4b35-35d621bffedd	Loraine318 Kitty323 Goyette777	2016-10-11	female
/home/glilly/work/vista-stack/HL7-FHIR-quality-testing/2026/patients/raw/synthea-1000-20260804-20260804/fhir/Lore422_Hayes766_e3f03d03-4a10-f80c-ecf7-68de9606c40b.json	e3f03d03-4a10-f80c-ecf7-68de9606c40b	Lore422 Karol905 Hayes766	2011-10-11	female
/home/glilly/work/vista-stack/HL7-FHIR-quality-testing/2026/patients/raw/synthea-1000-20260804-20260804/fhir/Lorenzo669_Rentería94_52ce780a-6ab9-9034-bdf5-edd28627d9de.json	52ce780a-6ab9-9034-bdf5-edd28627d9de	Lorenzo669 Rentería94	1961-04-26	male
/home/glilly/work/vista-stack/HL7-FHIR-quality-testing/2026/patients/raw/synthea-1000-20260804-20260804/fhir/Lorette239_Mayer370_20a52d2f-fff3-d20e-58b3-b2fb5e665914.json	20a52d2f-fff3-d20e-58b3-b2fb5e665914	Lorette239 Dana512 Mayer370	2018-07-14	female
/home/glilly/work/vista-stack/HL7-FHIR-quality-testing/2026/patients/raw/synthea-1000-20260804-20260804/fhir/Lorraine478_Stehr398_95f7ada4-2c59-381f-0458-955135ec5c5f.json	95f7ada4-2c59-381f-0458-955135ec5c5f	Lorraine478 Stehr398	1980-07-30	female
/home/glilly/work/vista-stack/HL7-FHIR-quality-testing/2026/patients/raw/synthea-1000-20260804-20260804/fhir/Lorriane838_Sharmaine326_Kuhlman484_035ca465-6d40-2828-86c5-697467468ca6.json	035ca465-6d40-2828-86c5-697467468ca6	Lorriane838 Sharmaine326 Kuhlman484	1987-01-23	female
/home/glilly/work/vista-stack/HL7-FHIR-quality-testing/2026/patients/raw/synthea-1000-20260804-20260804/fhir/Lou594_Corwin846_46891f18-284d-184b-2410-b89d1a1f45b3.json	46891f18-284d-184b-2410-b89d1a1f45b3	Lou594 Corwin846	2018-11-30	male
/home/glilly/work/vista-stack/HL7-FHIR-quality-testing/2026/patients/raw/synthea-1000-20260804-20260804/fhir/Lou594_Zemlak964_fe80be4f-7ac5-1d48-7369-74b8a6261a11.json	fe80be4f-7ac5-1d48-7369-74b8a6261a11	Lou594 Zemlak964	1976-01-01	male
/home/glilly/work/vista-stack/HL7-FHIR-quality-testing/2026/patients/raw/synthea-1000-20260804-20260804/fhir/Louanne686_Monahan736_22634ccb-05e1-dbc9-8e5f-d7e3feb39560.json	22634ccb-05e1-dbc9-8e5f-d7e3feb39560	Louanne686 Rocio28 Monahan736	2009-04-30	female
/home/glilly/work/vista-stack/HL7-FHIR-quality-testing/2026/patients/raw/synthea-1000-20260804-20260804/fhir/Louise871_Champlin946_fa023662-a52a-15a8-b66b-8722b5144c1f.json	fa023662-a52a-15a8-b66b-8722b5144c1f	Louise871 Eleonor544 Champlin946	1973-12-01	female
/home/glilly/work/vista-stack/HL7-FHIR-quality-testing/2026/patients/raw/synthea-1000-20260804-20260804/fhir/Louvenia131_Kuhn96_a12c7797-ba46-0554-0fe0-ed651871d3ae.json	a12c7797-ba46-0554-0fe0-ed651871d3ae	Louvenia131 Lorraine478 Kuhn96	2009-03-13	female
/home/glilly/work/vista-stack/HL7-FHIR-quality-testing/2026/patients/raw/synthea-1000-20260804-20260804/fhir/Lovella383_Conroy74_57790db7-b519-af20-806c-4e6ce14a603c.json	57790db7-b519-af20-806c-4e6ce14a603c	Lovella383 Nikole56 Conroy74	1915-10-04	female
/home/glilly/work/vista-stack/HL7-FHIR-quality-testing/2026/patients/raw/synthea-1000-20260804-20260804/fhir/Luba688_Hickle134_e9cbf825-e799-f4f9-1b6e-1b8f758618c3.json	e9cbf825-e799-f4f9-1b6e-1b8f758618c3	Luba688 Erin498 Hickle134	1965-05-31	female
/home/glilly/work/vista-stack/HL7-FHIR-quality-testing/2026/patients/raw/synthea-1000-20260804-20260804/fhir/Lucas404_Quiroz936_9a3968f4-d78f-8ede-e05d-5b95d74d2a23.json	9a3968f4-d78f-8ede-e05d-5b95d74d2a23	Lucas404 Germán350 Quiroz936	2017-05-18	male
/home/glilly/work/vista-stack/HL7-FHIR-quality-testing/2026/patients/raw/synthea-1000-20260804-20260804/fhir/Lucas404_Swift555_d63d9cf8-6bb3-0521-090b-ea3499bf828b.json	d63d9cf8-6bb3-0521-090b-ea3499bf828b	Lucas404 Woodrow571 Swift555	2016-07-31	male
/home/glilly/work/vista-stack/HL7-FHIR-quality-testing/2026/patients/raw/synthea-1000-20260804-20260804/fhir/Lucien408_Von197_1dae108e-b615-e3b5-070e-25665c297d8c.json	1dae108e-b615-e3b5-070e-25665c297d8c	Lucien408 Carey440 Von197	1963-11-04	male
/home/glilly/work/vista-stack/HL7-FHIR-quality-testing/2026/patients/raw/synthea-1000-20260804-20260804/fhir/Lucilla742_Tamara8_Bartell116_a7e934d6-2ebf-4360-548a-6eb7dbf772d7.json	a7e934d6-2ebf-4360-548a-6eb7dbf772d7	Lucilla742 Tamara8 Bartell116	1981-12-17	female
/home/glilly/work/vista-stack/HL7-FHIR-quality-testing/2026/patients/raw/synthea-1000-20260804-20260804/fhir/Lucina142_Williamson769_4f61eb66-81b1-ff34-4497-c76dfd7572c4.json	4f61eb66-81b1-ff34-4497-c76dfd7572c4	Lucina142 Williamson769	1969-08-13	female
/home/glilly/work/vista-stack/HL7-FHIR-quality-testing/2026/patients/raw/synthea-1000-20260804-20260804/fhir/Luigi346_Larkin917_956ad46d-0b94-871d-c44d-a9c702380598.json	956ad46d-0b94-871d-c44d-a9c702380598	Luigi346 Gail741 Larkin917	1916-11-02	male
/home/glilly/work/vista-stack/HL7-FHIR-quality-testing/2026/patients/raw/synthea-1000-20260804-20260804/fhir/Luis923_Davis923_60050bfe-3fc5-4f5f-eacf-4a94218f6f44.json	60050bfe-3fc5-4f5f-eacf-4a94218f6f44	Luis923 Lindsay928 Davis923	1950-12-29	male
/home/glilly/work/vista-stack/HL7-FHIR-quality-testing/2026/patients/raw/synthea-1000-20260804-20260804/fhir/Lurlene215_Sherise735_Labadie908_5d8df9ba-f9d4-83ad-0dd8-9b5d9ddc205a.json	5d8df9ba-f9d4-83ad-0dd8-9b5d9ddc205a	Lurlene215 Sherise735 Labadie908	1935-12-17	female
/home/glilly/work/vista-stack/HL7-FHIR-quality-testing/2026/patients/raw/synthea-1000-20260804-20260804/fhir/Lyle846_Flatley871_95bde892-948f-db9a-1418-745a22fcff42.json	95bde892-948f-db9a-1418-745a22fcff42	Lyle846 Flatley871	1955-09-14	male
/home/glilly/work/vista-stack/HL7-FHIR-quality-testing/2026/patients/raw/synthea-1000-20260804-20260804/fhir/Lynda214_Kertzmann286_0105a722-d643-f824-172c-8bfb54c113fa.json	0105a722-d643-f824-172c-8bfb54c113fa	Lynda214 Kertzmann286	1972-02-16	female
/home/glilly/work/vista-stack/HL7-FHIR-quality-testing/2026/patients/raw/synthea-1000-20260804-20260804/fhir/Lyndon118_Lebsack687_b565a85b-a446-e467-8550-4a281049c845.json	b565a85b-a446-e467-8550-4a281049c845	Lyndon118 Arden380 Lebsack687	1955-09-14	male
/home/glilly/work/vista-stack/HL7-FHIR-quality-testing/2026/patients/raw/synthea-1000-20260804-20260804/fhir/Lynell252_Rodriguez71_8310c295-fe68-598b-f62d-84c0b9fde986.json	8310c295-fe68-598b-f62d-84c0b9fde986	Lynell252 Zana914 Rodriguez71	2006-08-23	female
/home/glilly/work/vista-stack/HL7-FHIR-quality-testing/2026/patients/raw/synthea-1000-20260804-20260804/fhir/Ma484_Jonnie215_Lowe577_f5e5539d-0a15-5221-a323-97ec827b40cc.json	f5e5539d-0a15-5221-a323-97ec827b40cc	Ma484 Jonnie215 Lowe577	1976-03-24	female
/home/glilly/work/vista-stack/HL7-FHIR-quality-testing/2026/patients/raw/synthea-1000-20260804-20260804/fhir/Mac103_Wisoky380_c6b12762-724f-b0c4-6859-04ac6a983887.json	c6b12762-724f-b0c4-6859-04ac6a983887	Mac103 Darren774 Wisoky380	1971-10-31	male
/home/glilly/work/vista-stack/HL7-FHIR-quality-testing/2026/patients/raw/synthea-1000-20260804-20260804/fhir/Machelle279_Kirlin939_19288f7d-7d57-42ee-76e7-86a537cbfb1f.json	19288f7d-7d57-42ee-76e7-86a537cbfb1f	Machelle279 Loraine318 Kirlin939	2009-04-06	female
/home/glilly/work/vista-stack/HL7-FHIR-quality-testing/2026/patients/raw/synthea-1000-20260804-20260804/fhir/Mack300_Wisoky380_1e05ca4c-195e-f73d-5300-3df57eacba89.json	1e05ca4c-195e-f73d-5300-3df57eacba89	Mack300 Robbie31 Wisoky380	1960-12-26	male
/home/glilly/work/vista-stack/HL7-FHIR-quality-testing/2026/patients/raw/synthea-1000-20260804-20260804/fhir/Madie300_Lindgren255_d645d860-64cd-f249-dad0-ed60a5175274.json	d645d860-64cd-f249-dad0-ed60a5175274	Madie300 Luci727 Lindgren255	2003-11-13	female
/home/glilly/work/vista-stack/HL7-FHIR-quality-testing/2026/patients/raw/synthea-1000-20260804-20260804/fhir/Mafalda94_Corkery305_dd808883-2282-a619-d457-aac694a6e8bb.json	dd808883-2282-a619-d457-aac694a6e8bb	Mafalda94 Corkery305	1961-08-06	female
/home/glilly/work/vista-stack/HL7-FHIR-quality-testing/2026/patients/raw/synthea-1000-20260804-20260804/fhir/Magaly973_Breitenberg711_9d95b515-da18-fd57-5e74-eebe3d99776b.json	9d95b515-da18-fd57-5e74-eebe3d99776b	Magaly973 Breitenberg711	1986-12-01	female
/home/glilly/work/vista-stack/HL7-FHIR-quality-testing/2026/patients/raw/synthea-1000-20260804-20260804/fhir/Magaly973_Ellena683_Stehr398_aec750d3-3d8d-e652-d71d-20a02959b56f.json	aec750d3-3d8d-e652-d71d-20a02959b56f	Magaly973 Ellena683 Stehr398	1962-04-19	female
/home/glilly/work/vista-stack/HL7-FHIR-quality-testing/2026/patients/raw/synthea-1000-20260804-20260804/fhir/Magdalena964_Marta91_Menchaca276_c5c1a2d9-ada5-13f6-08aa-74de52095480.json	c5c1a2d9-ada5-13f6-08aa-74de52095480	Magdalena964 Marta91 Menchaca276	1965-08-18	female
/home/glilly/work/vista-stack/HL7-FHIR-quality-testing/2026/patients/raw/synthea-1000-20260804-20260804/fhir/Maida946_Mina319_Wiegand701_eb244b75-e5af-62ca-2aa9-83fe55ff4a1e.json	eb244b75-e5af-62ca-2aa9-83fe55ff4a1e	Maida946 Mina319 Wiegand701	1982-06-28	female
/home/glilly/work/vista-stack/HL7-FHIR-quality-testing/2026/patients/raw/synthea-1000-20260804-20260804/fhir/Maira380_Mammie808_Greenfelder433_0435285f-9e86-9e69-3d3d-2ffeca6780a7.json	0435285f-9e86-9e69-3d3d-2ffeca6780a7	Maira380 Mammie808 Greenfelder433	1973-04-13	female
/home/glilly/work/vista-stack/HL7-FHIR-quality-testing/2026/patients/raw/synthea-1000-20260804-20260804/fhir/Makeda237_Miranda712_Stamm704_152127fa-ffca-50d8-75a8-2d33834fe656.json	152127fa-ffca-50d8-75a8-2d33834fe656	Makeda237 Miranda712 Stamm704	1977-10-04	female
/home/glilly/work/vista-stack/HL7-FHIR-quality-testing/2026/patients/raw/synthea-1000-20260804-20260804/fhir/Malcom15_Larkin917_2cbd34e3-5c86-f6f4-51aa-e7f807f5c724.json	2cbd34e3-5c86-f6f4-51aa-e7f807f5c724	Malcom15 Jose871 Larkin917	1979-11-23	male
/home/glilly/work/vista-stack/HL7-FHIR-quality-testing/2026/patients/raw/synthea-1000-20260804-20260804/fhir/Malcom15_Ullrich385_dd20c3c4-6924-488a-93dc-f8e2f0238fef.json	dd20c3c4-6924-488a-93dc-f8e2f0238fef	Malcom15 Shelby741 Ullrich385	1960-09-03	male
/home/glilly/work/vista-stack/HL7-FHIR-quality-testing/2026/patients/raw/synthea-1000-20260804-20260804/fhir/Malik994_Altenwerth646_307689dc-b346-6882-59c9-4de79dbfa7f2.json	307689dc-b346-6882-59c9-4de79dbfa7f2	Malik994 Kendrick479 Altenwerth646	1996-02-24	male
/home/glilly/work/vista-stack/HL7-FHIR-quality-testing/2026/patients/raw/synthea-1000-20260804-20260804/fhir/Manuel446_Barreto785_fc4f8eb1-7cf8-e030-b675-605bb484913b.json	fc4f8eb1-7cf8-e030-b675-605bb484913b	Manuel446 Emilio417 Barreto785	2001-05-27	male
/home/glilly/work/vista-stack/HL7-FHIR-quality-testing/2026/patients/raw/synthea-1000-20260804-20260804/fhir/Many655_Hackett68_4ad9ed31-6e49-4ce7-2e1d-770a530f7258.json	4ad9ed31-6e49-4ce7-2e1d-770a530f7258	Many655 Janett802 Hackett68	1998-10-30	female
/home/glilly/work/vista-stack/HL7-FHIR-quality-testing/2026/patients/raw/synthea-1000-20260804-20260804/fhir/Marcel580_Pouros728_5e03759f-cc90-0480-e9b9-454450b40802.json	5e03759f-cc90-0480-e9b9-454450b40802	Marcel580 Claud279 Pouros728	1970-08-14	male
/home/glilly/work/vista-stack/HL7-FHIR-quality-testing/2026/patients/raw/synthea-1000-20260804-20260804/fhir/Marcela739_Padilla483_5a303025-d4c4-9f2a-e5da-7e36fcd86db3.json	5a303025-d4c4-9f2a-e5da-7e36fcd86db3	Marcela739 Leonor133 Padilla483	2022-03-21	female
/home/glilly/work/vista-stack/HL7-FHIR-quality-testing/2026/patients/raw/synthea-1000-20260804-20260804/fhir/Marcelina712_Collier206_cc7caf86-143c-3186-6bd5-b13114f1aeb3.json	cc7caf86-143c-3186-6bd5-b13114f1aeb3	Marcelina712 Herma433 Collier206	2005-11-30	female
/home/glilly/work/vista-stack/HL7-FHIR-quality-testing/2026/patients/raw/synthea-1000-20260804-20260804/fhir/Marcelle381_Weimann465_2ff6ff2c-adc0-780a-c72e-204de38004a8.json	2ff6ff2c-adc0-780a-c72e-204de38004a8	Marcelle381 Keira502 Weimann465	1970-06-05	female
/home/glilly/work/vista-stack/HL7-FHIR-quality-testing/2026/patients/raw/synthea-1000-20260804-20260804/fhir/Marcos263_Hills818_fc2068a0-9b95-2936-6fca-032c3b5a1295.json	fc2068a0-9b95-2936-6fca-032c3b5a1295	Marcos263 Royce974 Hills818	1987-08-30	male
/home/glilly/work/vista-stack/HL7-FHIR-quality-testing/2026/patients/raw/synthea-1000-20260804-20260804/fhir/Mardell937_Bins636_b0d8c3d7-59f8-1501-db18-0ccc61814a4d.json	b0d8c3d7-59f8-1501-db18-0ccc61814a4d	Mardell937 Kellee902 Bins636	1992-02-18	female
/home/glilly/work/vista-stack/HL7-FHIR-quality-testing/2026/patients/raw/synthea-1000-20260804-20260804/fhir/Margarette462_Dibbert990_72f28c5b-88d1-0c1c-76c0-930ba7a05af0.json	72f28c5b-88d1-0c1c-76c0-930ba7a05af0	Margarette462 Wai719 Dibbert990	1935-12-17	female
/home/glilly/work/vista-stack/HL7-FHIR-quality-testing/2026/patients/raw/synthea-1000-20260804-20260804/fhir/Margarette462_Harber290_26eea796-6c39-514f-00e0-8ffbb2e9e906.json	26eea796-6c39-514f-00e0-8ffbb2e9e906	Margarette462 Delphine397 Harber290	2008-10-21	female
/home/glilly/work/vista-stack/HL7-FHIR-quality-testing/2026/patients/raw/synthea-1000-20260804-20260804/fhir/Marge692_Howe413_409f07a2-2a76-efa6-7d46-2691c13d0fbb.json	409f07a2-2a76-efa6-7d46-2691c13d0fbb	Marge692 Jacqulyn231 Howe413	2006-03-22	female
/home/glilly/work/vista-stack/HL7-FHIR-quality-testing/2026/patients/raw/synthea-1000-20260804-20260804/fhir/Marguerita493_Shields502_fd4f690e-0905-86a7-9e0a-9d7a8cd2d862.json	fd4f690e-0905-86a7-9e0a-9d7a8cd2d862	Marguerita493 Penny812 Shields502	2006-04-18	female
/home/glilly/work/vista-stack/HL7-FHIR-quality-testing/2026/patients/raw/synthea-1000-20260804-20260804/fhir/Marguerite497_Reynolds644_408a9ca7-a819-3a53-179f-7b7be24dcf74.json	408a9ca7-a819-3a53-179f-7b7be24dcf74	Marguerite497 Jaqueline846 Reynolds644	2012-09-25	female
/home/glilly/work/vista-stack/HL7-FHIR-quality-testing/2026/patients/raw/synthea-1000-20260804-20260804/fhir/Mari763_Sherry479_Nader710_52bf05ac-8965-96c1-8864-22592cdf3c5d.json	52bf05ac-8965-96c1-8864-22592cdf3c5d	Mari763 Sherry479 Nader710	1980-07-07	female
/home/glilly/work/vista-stack/HL7-FHIR-quality-testing/2026/patients/raw/synthea-1000-20260804-20260804/fhir/Maria750_Dickens475_88ee7b1e-c5f1-a978-e483-0aef00896f58.json	88ee7b1e-c5f1-a978-e483-0aef00896f58	Maria750 Rey54 Dickens475	1953-03-30	male
/home/glilly/work/vista-stack/HL7-FHIR-quality-testing/2026/patients/raw/synthea-1000-20260804-20260804/fhir/Marianela210_Shanahan202_5fac1fc5-8eb1-d1df-01ae-02e974f5c7eb.json	5fac1fc5-8eb1-d1df-01ae-02e974f5c7eb	Marianela210 Shanahan202	2013-10-29	female
/home/glilly/work/vista-stack/HL7-FHIR-quality-testing/2026/patients/raw/synthea-1000-20260804-20260804/fhir/Maricarmen445_Marcela739_Delafuente833_a651032b-e20d-9e5a-600e-37514642b6bf.json	a651032b-e20d-9e5a-600e-37514642b6bf	Maricarmen445 Marcela739 Delafuente833	1964-07-28	female
/home/glilly/work/vista-stack/HL7-FHIR-quality-testing/2026/patients/raw/synthea-1000-20260804-20260804/fhir/Marion502_Crona259_64c0d5ff-a7e3-16e1-71d1-53e88588e801.json	64c0d5ff-a7e3-16e1-71d1-53e88588e801	Marion502 Maximo817 Crona259	1985-02-01	male
/home/glilly/work/vista-stack/HL7-FHIR-quality-testing/2026/patients/raw/synthea-1000-20260804-20260804/fhir/Marion502_Heidy529_Mraz590_071c7e12-3c17-b030-160e-5508b7596e81.json	071c7e12-3c17-b030-160e-5508b7596e81	Marion502 Heidy529 Mraz590	1973-03-27	female
/home/glilly/work/vista-stack/HL7-FHIR-quality-testing/2026/patients/raw/synthea-1000-20260804-20260804/fhir/Marion502_Lowe577_9eb2966b-b55f-03c7-1a09-f37ecea3bf1b.json	9eb2966b-b55f-03c7-1a09-f37ecea3bf1b	Marion502 Lowe577	2014-12-02	male
/home/glilly/work/vista-stack/HL7-FHIR-quality-testing/2026/patients/raw/synthea-1000-20260804-20260804/fhir/Marion502_Weissnat378_94e42e6c-0218-d130-8285-8ab24dcdb5f4.json	94e42e6c-0218-d130-8285-8ab24dcdb5f4	Marion502 Weissnat378	2013-10-07	male
/home/glilly/work/vista-stack/HL7-FHIR-quality-testing/2026/patients/raw/synthea-1000-20260804-20260804/fhir/Marivel862_Connelly992_fbec9fa7-498f-3a48-935c-b2f7377be6f6.json	fbec9fa7-498f-3a48-935c-b2f7377be6f6	Marivel862 Connelly992	2008-02-21	female
/home/glilly/work/vista-stack/HL7-FHIR-quality-testing/2026/patients/raw/synthea-1000-20260804-20260804/fhir/Mark765_Quitzon246_b60167c3-f5a5-2c76-d534-a72b1cb7e520.json	b60167c3-f5a5-2c76-d534-a72b1cb7e520	Mark765 Blaine377 Quitzon246	1970-09-29	male
/home/glilly/work/vista-stack/HL7-FHIR-quality-testing/2026/patients/raw/synthea-1000-20260804-20260804/fhir/Marketta481_Harold594_Quigley282_0661e3ed-e770-6899-4910-b7dded466a60.json	0661e3ed-e770-6899-4910-b7dded466a60	Marketta481 Harold594 Quigley282	1956-10-04	female
/home/glilly/work/vista-stack/HL7-FHIR-quality-testing/2026/patients/raw/synthea-1000-20260804-20260804/fhir/Markus389_Orn563_aa681997-1d84-20ab-66a3-08c919baddc1.json	aa681997-1d84-20ab-66a3-08c919baddc1	Markus389 Orn563	1973-09-05	male
/home/glilly/work/vista-stack/HL7-FHIR-quality-testing/2026/patients/raw/synthea-1000-20260804-20260804/fhir/Markus389_Schowalter414_789b5ae0-5455-dce9-9113-1294253743c2.json	789b5ae0-5455-dce9-9113-1294253743c2	Markus389 Schowalter414	1986-05-19	male
/home/glilly/work/vista-stack/HL7-FHIR-quality-testing/2026/patients/raw/synthea-1000-20260804-20260804/fhir/Marline710_Kirlin939_434855ea-e8db-f59a-310b-6933d59410ae.json	434855ea-e8db-f59a-310b-6933d59410ae	Marline710 Nakisha629 Kirlin939	2007-12-27	female
/home/glilly/work/vista-stack/HL7-FHIR-quality-testing/2026/patients/raw/synthea-1000-20260804-20260804/fhir/Marline710_Trish512_Hackett68_0fe40953-37a6-1798-fb1a-fd10079d9b6a.json	0fe40953-37a6-1798-fb1a-fd10079d9b6a	Marline710 Trish512 Hackett68	1963-03-23	female
/home/glilly/work/vista-stack/HL7-FHIR-quality-testing/2026/patients/raw/synthea-1000-20260804-20260804/fhir/Marlyn309_Herman763_eb2be042-ad6b-961b-0f41-00b4c47d1bff.json	eb2be042-ad6b-961b-0f41-00b4c47d1bff	Marlyn309 Lorita217 Herman763	1985-12-23	female
/home/glilly/work/vista-stack/HL7-FHIR-quality-testing/2026/patients/raw/synthea-1000-20260804-20260804/fhir/Marni913_Evonne919_Bernier607_684f6499-5aa5-b40f-35fb-db720207e44b.json	684f6499-5aa5-b40f-35fb-db720207e44b	Marni913 Evonne919 Bernier607	1956-03-24	female
/home/glilly/work/vista-stack/HL7-FHIR-quality-testing/2026/patients/raw/synthea-1000-20260804-20260804/fhir/Marquitta546_Julia241_Gibson10_6797bba0-0d92-30ad-3746-82281b1d0da5.json	6797bba0-0d92-30ad-3746-82281b1d0da5	Marquitta546 Julia241 Gibson10	1992-06-23	female
/home/glilly/work/vista-stack/HL7-FHIR-quality-testing/2026/patients/raw/synthea-1000-20260804-20260804/fhir/Marshall526_Schroeder447_e97a9af7-6916-7ee0-82e5-5d7b7ddc93a4.json	e97a9af7-6916-7ee0-82e5-5d7b7ddc93a4	Marshall526 Zack583 Schroeder447	2007-10-23	male
/home/glilly/work/vista-stack/HL7-FHIR-quality-testing/2026/patients/raw/synthea-1000-20260804-20260804/fhir/Marta91_Sofia418_Mena475_6ee3f7c3-6ada-bd2e-81ac-82bc2bf2d118.json	6ee3f7c3-6ada-bd2e-81ac-82bc2bf2d118	Marta91 Sofia418 Mena475	1977-03-29	female
/home/glilly/work/vista-stack/HL7-FHIR-quality-testing/2026/patients/raw/synthea-1000-20260804-20260804/fhir/Marty115_Homenick806_7cb052bc-b2fb-c2c9-c3fe-b0d85f23ebf6.json	7cb052bc-b2fb-c2c9-c3fe-b0d85f23ebf6	Marty115 Homenick806	1988-07-07	male
/home/glilly/work/vista-stack/HL7-FHIR-quality-testing/2026/patients/raw/synthea-1000-20260804-20260804/fhir/Marty115_Lucrecia714_Hand679_5bb18ede-9881-ca85-9756-06aca5154c04.json	5bb18ede-9881-ca85-9756-06aca5154c04	Marty115 Lucrecia714 Hand679	1961-08-08	female
/home/glilly/work/vista-stack/HL7-FHIR-quality-testing/2026/patients/raw/synthea-1000-20260804-20260804/fhir/Mary779_Reichel38_22b70322-ce12-090c-fe47-fb7401568265.json	22b70322-ce12-090c-fe47-fb7401568265	Mary779 Elden718 Reichel38	1968-11-16	male
/home/glilly/work/vista-stack/HL7-FHIR-quality-testing/2026/patients/raw/synthea-1000-20260804-20260804/fhir/Maryam561_Lesch175_5c65e4f6-70b2-8991-3574-660a4bd84412.json	5c65e4f6-70b2-8991-3574-660a4bd84412	Maryam561 Lesch175	1967-04-07	female
/home/glilly/work/vista-stack/HL7-FHIR-quality-testing/2026/patients/raw/synthea-1000-20260804-20260804/fhir/Marybelle759_Reilly981_77ef101c-2c26-1089-8831-5d2a3863cd35.json	77ef101c-2c26-1089-8831-5d2a3863cd35	Marybelle759 Reilly981	2015-06-20	female
/home/glilly/work/vista-stack/HL7-FHIR-quality-testing/2026/patients/raw/synthea-1000-20260804-20260804/fhir/Maryjane289_Cher186_Terry864_b1ebb3c0-9e52-bbae-dfe5-a9d47e26c529.json	b1ebb3c0-9e52-bbae-dfe5-a9d47e26c529	Maryjane289 Cher186 Terry864	1985-06-18	female
/home/glilly/work/vista-stack/HL7-FHIR-quality-testing/2026/patients/raw/synthea-1000-20260804-20260804/fhir/Marylyn194_Margarite168_Crist667_be93159a-fae2-e818-a57d-63e378199dea.json	be93159a-fae2-e818-a57d-63e378199dea	Marylyn194 Margarite168 Crist667	1953-04-04	female
/home/glilly/work/vista-stack/HL7-FHIR-quality-testing/2026/patients/raw/synthea-1000-20260804-20260804/fhir/María_Cristina383_Posada6_10443077-d777-ef74-1afc-c76cc294cd6b.json	10443077-d777-ef74-1afc-c76cc294cd6b	María Cristina383 Francisca486 Posada6	1964-07-28	female
/home/glilly/work/vista-stack/HL7-FHIR-quality-testing/2026/patients/raw/synthea-1000-20260804-20260804/fhir/María_José279_Bustamante966_94d45cdb-83c8-7df7-3b60-9f2284f0d601.json	94d45cdb-83c8-7df7-3b60-9f2284f0d601	María José279 Dorotea472 Bustamante966	1951-09-04	female
/home/glilly/work/vista-stack/HL7-FHIR-quality-testing/2026/patients/raw/synthea-1000-20260804-20260804/fhir/María_José279_Marrero674_3e7574d3-6e3c-3a0a-e15f-2fcb5d3bd378.json	3e7574d3-6e3c-3a0a-e15f-2fcb5d3bd378	María José279 Marrero674	1976-05-05	female
/home/glilly/work/vista-stack/HL7-FHIR-quality-testing/2026/patients/raw/synthea-1000-20260804-20260804/fhir/Mason910_Smitham825_a6a48084-2e32-5aed-7151-d0b0c958d9ac.json	a6a48084-2e32-5aed-7151-d0b0c958d9ac	Mason910 Chris95 Smitham825	1916-11-02	male
/home/glilly/work/vista-stack/HL7-FHIR-quality-testing/2026/patients/raw/synthea-1000-20260804-20260804/fhir/Mateo562_Prado282_f748eb13-5f47-a8d9-a1ca-1f127dda22ff.json	f748eb13-5f47-a8d9-a1ca-1f127dda22ff	Mateo562 Prado282	1957-03-03	male
/home/glilly/work/vista-stack/HL7-FHIR-quality-testing/2026/patients/raw/synthea-1000-20260804-20260804/fhir/Matha641_Schuster709_d163296c-2fd7-d40a-221d-a19d53d45db3.json	d163296c-2fd7-d40a-221d-a19d53d45db3	Matha641 Maryland870 Schuster709	2010-12-08	female
/home/glilly/work/vista-stack/HL7-FHIR-quality-testing/2026/patients/raw/synthea-1000-20260804-20260804/fhir/Mathew182_Davis923_771c6844-a710-900c-5c4a-f60b81b0209c.json	771c6844-a710-900c-5c4a-f60b81b0209c	Mathew182 Alberto639 Davis923	2003-11-16	male
/home/glilly/work/vista-stack/HL7-FHIR-quality-testing/2026/patients/raw/synthea-1000-20260804-20260804/fhir/Mathew182_O'Hara248_8a935bcf-2411-709f-3d67-e9d4508d9401.json	8a935bcf-2411-709f-3d67-e9d4508d9401	Mathew182 O'Hara248	1972-07-25	male
/home/glilly/work/vista-stack/HL7-FHIR-quality-testing/2026/patients/raw/synthea-1000-20260804-20260804/fhir/Matthew562_Hintz995_2fad3e98-0168-3762-051c-5184e5903f73.json	2fad3e98-0168-3762-051c-5184e5903f73	Matthew562 Hintz995	2011-02-22	female
/home/glilly/work/vista-stack/HL7-FHIR-quality-testing/2026/patients/raw/synthea-1000-20260804-20260804/fhir/Mauro926_Crona259_96ecd2a1-90c2-45c7-d6c3-a534496162fa.json	96ecd2a1-90c2-45c7-d6c3-a534496162fa	Mauro926 Elvin140 Crona259	1975-10-28	male
/home/glilly/work/vista-stack/HL7-FHIR-quality-testing/2026/patients/raw/synthea-1000-20260804-20260804/fhir/Mazie442_Kaci716_Wunsch504_30c02bc8-7794-3d48-a2d6-3928facb342a.json	30c02bc8-7794-3d48-a2d6-3928facb342a	Mazie442 Kaci716 Wunsch504	1955-07-09	female
/home/glilly/work/vista-stack/HL7-FHIR-quality-testing/2026/patients/raw/synthea-1000-20260804-20260804/fhir/Meg231_Erdman779_4b4de781-1e64-9c7f-cb25-0b9c1f2deb20.json	4b4de781-1e64-9c7f-cb25-0b9c1f2deb20	Meg231 Erdman779	1916-12-28	female
/home/glilly/work/vista-stack/HL7-FHIR-quality-testing/2026/patients/raw/synthea-1000-20260804-20260804/fhir/Melaine933_Abernathy524_ec7e4283-7aee-66ed-76ff-d529307f12c5.json	ec7e4283-7aee-66ed-76ff-d529307f12c5	Melaine933 Abernathy524	1960-02-09	female
/home/glilly/work/vista-stack/HL7-FHIR-quality-testing/2026/patients/raw/synthea-1000-20260804-20260804/fhir/Melva551_Bergstrom287_83f3aa8a-6ea8-17bb-e2aa-5ab221ec0262.json	83f3aa8a-6ea8-17bb-e2aa-5ab221ec0262	Melva551 Bergstrom287	1950-02-03	female
/home/glilly/work/vista-stack/HL7-FHIR-quality-testing/2026/patients/raw/synthea-1000-20260804-20260804/fhir/Meridith488_Eliz744_Berge125_4df14495-314c-f4fd-16b4-3af28613061b.json	4df14495-314c-f4fd-16b4-3af28613061b	Meridith488 Eliz744 Berge125	1980-07-21	female
/home/glilly/work/vista-stack/HL7-FHIR-quality-testing/2026/patients/raw/synthea-1000-20260804-20260804/fhir/Merissa718_Jeane173_Koss676_a556e01f-ce06-e680-a180-b4b2805af345.json	a556e01f-ce06-e680-a180-b4b2805af345	Merissa718 Jeane173 Koss676	1987-05-19	female
/home/glilly/work/vista-stack/HL7-FHIR-quality-testing/2026/patients/raw/synthea-1000-20260804-20260804/fhir/Merle11_Corkery305_b4a56198-5e48-5c39-a2b4-6c216876232e.json	b4a56198-5e48-5c39-a2b4-6c216876232e	Merle11 Manual570 Corkery305	1965-07-01	male
/home/glilly/work/vista-stack/HL7-FHIR-quality-testing/2026/patients/raw/synthea-1000-20260804-20260804/fhir/Merlyn225_Murphy561_44547975-b561-95c1-2890-0a002bc5fb91.json	44547975-b561-95c1-2890-0a002bc5fb91	Merlyn225 Shaunte610 Murphy561	2013-06-02	female
/home/glilly/work/vista-stack/HL7-FHIR-quality-testing/2026/patients/raw/synthea-1000-20260804-20260804/fhir/Merri201_Charita800_Becker968_fa8be44e-6382-5132-2329-a1cfbe71a5d9.json	fa8be44e-6382-5132-2329-a1cfbe71a5d9	Merri201 Charita800 Becker968	1983-10-22	female
/home/glilly/work/vista-stack/HL7-FHIR-quality-testing/2026/patients/raw/synthea-1000-20260804-20260804/fhir/Merrill415_Moen819_5864e2bc-967e-89dd-32a0-0672ecf45729.json	5864e2bc-967e-89dd-32a0-0672ecf45729	Merrill415 Moen819	1991-02-16	male
/home/glilly/work/vista-stack/HL7-FHIR-quality-testing/2026/patients/raw/synthea-1000-20260804-20260804/fhir/Michal596_Cummings51_f0fb6a5f-c07b-0767-c9d8-fa9d6f7635fd.json	f0fb6a5f-c07b-0767-c9d8-fa9d6f7635fd	Michal596 Russel238 Cummings51	1984-05-24	male
/home/glilly/work/vista-stack/HL7-FHIR-quality-testing/2026/patients/raw/synthea-1000-20260804-20260804/fhir/Michel472_Becker968_dc6c7086-1891-a5f2-6ac8-721dfd63e195.json	dc6c7086-1891-a5f2-6ac8-721dfd63e195	Michel472 Jeffrey461 Becker968	2000-12-11	male
/home/glilly/work/vista-stack/HL7-FHIR-quality-testing/2026/patients/raw/synthea-1000-20260804-20260804/fhir/Michel472_Hoeger474_96dda00e-b56e-47ab-59e9-40c0c0f7f4a4.json	96dda00e-b56e-47ab-59e9-40c0c0f7f4a4	Michel472 Hoeger474	2006-03-22	male
/home/glilly/work/vista-stack/HL7-FHIR-quality-testing/2026/patients/raw/synthea-1000-20260804-20260804/fhir/Michiko564_Reilly981_ada8e480-299d-fa30-9ebe-8747a81e59ec.json	ada8e480-299d-fa30-9ebe-8747a81e59ec	Michiko564 Livia401 Reilly981	1951-01-26	female
/home/glilly/work/vista-stack/HL7-FHIR-quality-testing/2026/patients/raw/synthea-1000-20260804-20260804/fhir/Mickey576_Champlin946_0d1080a4-b238-8734-0050-41b8e31eb119.json	0d1080a4-b238-8734-0050-41b8e31eb119	Mickey576 Dewayne363 Champlin946	1990-12-06	male
/home/glilly/work/vista-stack/HL7-FHIR-quality-testing/2026/patients/raw/synthea-1000-20260804-20260804/fhir/Migdalia164_Babette571_Yost751_f504ae5f-ea3c-bf78-150c-3d1df5d902bc.json	f504ae5f-ea3c-bf78-150c-3d1df5d902bc	Migdalia164 Babette571 Yost751	1978-06-12	female
/home/glilly/work/vista-stack/HL7-FHIR-quality-testing/2026/patients/raw/synthea-1000-20260804-20260804/fhir/Miguel815_Schumm995_3804e433-c526-3165-5eda-775abe08742c.json	3804e433-c526-3165-5eda-775abe08742c	Miguel815 Del587 Schumm995	2019-09-09	male
/home/glilly/work/vista-stack/HL7-FHIR-quality-testing/2026/patients/raw/synthea-1000-20260804-20260804/fhir/Miguel_Ángel46_Carmona375_0d44878f-4d2d-eecd-0202-83b4cbff8bd7.json	0d44878f-4d2d-eecd-0202-83b4cbff8bd7	Miguel Ángel46 Gustavo235 Carmona375	2002-02-19	male
/home/glilly/work/vista-stack/HL7-FHIR-quality-testing/2026/patients/raw/synthea-1000-20260804-20260804/fhir/Miguel_Ángel46_Narváez57_0a62c780-63a7-4e42-fe29-3decb831504c.json	0a62c780-63a7-4e42-fe29-3decb831504c	Miguel Ángel46 Mario764 Narváez57	1987-04-05	male
/home/glilly/work/vista-stack/HL7-FHIR-quality-testing/2026/patients/raw/synthea-1000-20260804-20260804/fhir/Miguel_Ángel46_Orellana194_6c2ff3cc-127e-85fe-2bf0-f139430892f7.json	6c2ff3cc-127e-85fe-2bf0-f139430892f7	Miguel Ángel46 David908 Orellana194	1999-12-21	male
/home/glilly/work/vista-stack/HL7-FHIR-quality-testing/2026/patients/raw/synthea-1000-20260804-20260804/fhir/Mikaela760_Roberts511_ad3058c9-9186-cc08-7eaf-ab941f7c5dbe.json	ad3058c9-9186-cc08-7eaf-ab941f7c5dbe	Mikaela760 Roberts511	1962-10-25	female
/home/glilly/work/vista-stack/HL7-FHIR-quality-testing/2026/patients/raw/synthea-1000-20260804-20260804/fhir/Mila257_Hagenes547_8f8f207b-c6ee-d41e-1eaf-4859350c1c73.json	8f8f207b-c6ee-d41e-1eaf-4859350c1c73	Mila257 Frederica279 Hagenes547	1978-03-22	female
/home/glilly/work/vista-stack/HL7-FHIR-quality-testing/2026/patients/raw/synthea-1000-20260804-20260804/fhir/Milan77_Abbott774_bc00f9d8-30f2-cbec-7709-17e0fdecceda.json	bc00f9d8-30f2-cbec-7709-17e0fdecceda	Milan77 Diego848 Abbott774	1994-04-22	male
/home/glilly/work/vista-stack/HL7-FHIR-quality-testing/2026/patients/raw/synthea-1000-20260804-20260804/fhir/Milford485_Tillman293_ff0509f6-b6f3-323e-3177-4662bbfceea5.json	ff0509f6-b6f3-323e-3177-4662bbfceea5	Milford485 Eugene421 Tillman293	1975-01-23	male
/home/glilly/work/vista-stack/HL7-FHIR-quality-testing/2026/patients/raw/synthea-1000-20260804-20260804/fhir/Milly429_Jacobson885_ee6b8c78-4ea0-c116-4cad-c22c09559372.json	ee6b8c78-4ea0-c116-4cad-c22c09559372	Milly429 Jacobson885	1959-05-04	female
/home/glilly/work/vista-stack/HL7-FHIR-quality-testing/2026/patients/raw/synthea-1000-20260804-20260804/fhir/Ming325_Alena861_McDermott739_b21ff6c0-e361-8485-6508-ce22a483950f.json	b21ff6c0-e361-8485-6508-ce22a483950f	Ming325 Alena861 McDermott739	1996-08-31	female
/home/glilly/work/vista-stack/HL7-FHIR-quality-testing/2026/patients/raw/synthea-1000-20260804-20260804/fhir/Minna389_Roob72_4dc246b4-1975-2c45-de6d-321d3540ab53.json	4dc246b4-1975-2c45-de6d-321d3540ab53	Minna389 Camilla89 Roob72	2004-04-02	female
/home/glilly/work/vista-stack/HL7-FHIR-quality-testing/2026/patients/raw/synthea-1000-20260804-20260804/fhir/Mirna233_Inger271_McDermott739_337b30ba-78dc-bf81-4711-be2ba694edd3.json	337b30ba-78dc-bf81-4711-be2ba694edd3	Mirna233 Inger271 McDermott739	1974-03-05	female
/home/glilly/work/vista-stack/HL7-FHIR-quality-testing/2026/patients/raw/synthea-1000-20260804-20260804/fhir/Mitsue965_Gaylord332_c506c471-c15e-4726-02c6-dee967da6e88.json	c506c471-c15e-4726-02c6-dee967da6e88	Mitsue965 Teofila990 Gaylord332	1994-07-08	female
/home/glilly/work/vista-stack/HL7-FHIR-quality-testing/2026/patients/raw/synthea-1000-20260804-20260804/fhir/Mohammad578_Daniel959_4cbafc53-3a0e-f30c-e398-5543c1a6efbf.json	4cbafc53-3a0e-f30c-e398-5543c1a6efbf	Mohammad578 Max124 Daniel959	1995-05-19	male
/home/glilly/work/vista-stack/HL7-FHIR-quality-testing/2026/patients/raw/synthea-1000-20260804-20260804/fhir/Monica757_Balistreri607_c993c224-6902-b894-8a08-f683f45caa25.json	c993c224-6902-b894-8a08-f683f45caa25	Monica757 Balistreri607	1989-06-03	female
/home/glilly/work/vista-stack/HL7-FHIR-quality-testing/2026/patients/raw/synthea-1000-20260804-20260804/fhir/Morgan564_Crooks415_a8eaca34-0298-a388-e091-9533a8be9706.json	a8eaca34-0298-a388-e091-9533a8be9706	Morgan564 Ezequiel972 Crooks415	1964-02-26	male
/home/glilly/work/vista-stack/HL7-FHIR-quality-testing/2026/patients/raw/synthea-1000-20260804-20260804/fhir/Morton637_Jast432_f8a392d9-9f5b-4863-b003-339ce3267e86.json	f8a392d9-9f5b-4863-b003-339ce3267e86	Morton637 Hugo693 Jast432	1974-04-06	male
/home/glilly/work/vista-stack/HL7-FHIR-quality-testing/2026/patients/raw/synthea-1000-20260804-20260804/fhir/Mozelle144_Conn188_3f9a6b34-3ba2-776e-9723-6b57e568a467.json	3f9a6b34-3ba2-776e-9723-6b57e568a467	Mozelle144 Many655 Conn188	2014-11-07	female
/home/glilly/work/vista-stack/HL7-FHIR-quality-testing/2026/patients/raw/synthea-1000-20260804-20260804/fhir/Muoi890_Avril120_Denesik803_7fc1c80e-c80b-15a6-d8de-fd6d44511ec5.json	7fc1c80e-c80b-15a6-d8de-fd6d44511ec5	Muoi890 Avril120 Denesik803	1918-12-14	female
/home/glilly/work/vista-stack/HL7-FHIR-quality-testing/2026/patients/raw/synthea-1000-20260804-20260804/fhir/Myles862_Pouros728_bdbb17d8-9f2b-c1ee-c208-0fc8fea43dc3.json	bdbb17d8-9f2b-c1ee-c208-0fc8fea43dc3	Myles862 Pouros728	2002-06-16	male
/home/glilly/work/vista-stack/HL7-FHIR-quality-testing/2026/patients/raw/synthea-1000-20260804-20260804/fhir/Myrl830_Langosh790_69ff36de-21d5-b849-9dc1-d7ae575e783b.json	69ff36de-21d5-b849-9dc1-d7ae575e783b	Myrl830 Phoebe31 Langosh790	1918-12-14	female
/home/glilly/work/vista-stack/HL7-FHIR-quality-testing/2026/patients/raw/synthea-1000-20260804-20260804/fhir/Mónica985_Maricarmen445_Colunga237_82758c3a-ab3b-c5f1-703b-770b029dcf1f.json	82758c3a-ab3b-c5f1-703b-770b029dcf1f	Mónica985 Maricarmen445 Colunga237	1951-09-04	female
/home/glilly/work/vista-stack/HL7-FHIR-quality-testing/2026/patients/raw/synthea-1000-20260804-20260804/fhir/Nakesha793_Cinthia596_Hirthe744_633409e8-73a8-6e19-8d31-dd9d379c9c3f.json	633409e8-73a8-6e19-8d31-dd9d379c9c3f	Nakesha793 Cinthia596 Hirthe744	1970-07-19	female
/home/glilly/work/vista-stack/HL7-FHIR-quality-testing/2026/patients/raw/synthea-1000-20260804-20260804/fhir/Nancee600_Bruen238_0bfa5dd4-4c0d-d8c8-cb79-79c6c1c975fd.json	0bfa5dd4-4c0d-d8c8-cb79-79c6c1c975fd	Nancee600 Delpha270 Bruen238	2020-11-21	female
/home/glilly/work/vista-stack/HL7-FHIR-quality-testing/2026/patients/raw/synthea-1000-20260804-20260804/fhir/Nancie476_Yoshiko258_Breitenberg711_a47837cc-0985-4b1b-b273-fe01f86f63dc.json	a47837cc-0985-4b1b-b273-fe01f86f63dc	Nancie476 Yoshiko258 Breitenberg711	1959-05-12	female
/home/glilly/work/vista-stack/HL7-FHIR-quality-testing/2026/patients/raw/synthea-1000-20260804-20260804/fhir/Natashia109_Vandervort697_3a2a30fb-88c0-83c5-55ce-310ec5d517ba.json	3a2a30fb-88c0-83c5-55ce-310ec5d517ba	Natashia109 Vandervort697	1967-09-11	female
/home/glilly/work/vista-stack/HL7-FHIR-quality-testing/2026/patients/raw/synthea-1000-20260804-20260804/fhir/Neal874_Schoen8_b243f7f2-8df5-eb72-dfb1-f3b0ece8731f.json	b243f7f2-8df5-eb72-dfb1-f3b0ece8731f	Neal874 Thad495 Schoen8	1949-02-17	male
/home/glilly/work/vista-stack/HL7-FHIR-quality-testing/2026/patients/raw/synthea-1000-20260804-20260804/fhir/Nelia669_Glendora96_Tremblay80_50e029ac-0419-7db8-f002-731d32d6b01a.json	50e029ac-0419-7db8-f002-731d32d6b01a	Nelia669 Glendora96 Tremblay80	1916-12-28	female
/home/glilly/work/vista-stack/HL7-FHIR-quality-testing/2026/patients/raw/synthea-1000-20260804-20260804/fhir/Nelia669_Swaniawski813_46387e99-89fe-63fa-8cb2-16f357c58201.json	46387e99-89fe-63fa-8cb2-16f357c58201	Nelia669 Swaniawski813	2000-03-07	female
/home/glilly/work/vista-stack/HL7-FHIR-quality-testing/2026/patients/raw/synthea-1000-20260804-20260804/fhir/Nelson403_Turcotte120_f40f5a21-fe0b-f6b0-4aba-c28d0a5d9c28.json	f40f5a21-fe0b-f6b0-4aba-c28d0a5d9c28	Nelson403 Nathanael908 Turcotte120	2024-10-23	male
/home/glilly/work/vista-stack/HL7-FHIR-quality-testing/2026/patients/raw/synthea-1000-20260804-20260804/fhir/Nenita289_Marquardt819_d97b4b8a-f5cd-fd24-a19c-fd820cf3a15c.json	d97b4b8a-f5cd-fd24-a19c-fd820cf3a15c	Nenita289 Allie437 Marquardt819	1985-12-13	female
/home/glilly/work/vista-stack/HL7-FHIR-quality-testing/2026/patients/raw/synthea-1000-20260804-20260804/fhir/Neta452_Russel238_a7cc02f6-d1a6-da0e-9fc5-cf73ee88a5d0.json	a7cc02f6-d1a6-da0e-9fc5-cf73ee88a5d0	Neta452 Russel238	2002-01-29	female
/home/glilly/work/vista-stack/HL7-FHIR-quality-testing/2026/patients/raw/synthea-1000-20260804-20260804/fhir/Neva514_Dare640_5600b4bc-5db3-7296-2e5b-b2501882d722.json	5600b4bc-5db3-7296-2e5b-b2501882d722	Neva514 Kenda873 Dare640	2000-03-31	female
/home/glilly/work/vista-stack/HL7-FHIR-quality-testing/2026/patients/raw/synthea-1000-20260804-20260804/fhir/Neville893_Kuhlman484_d37a9cc8-6cfe-c021-8521-d936a7865f19.json	d37a9cc8-6cfe-c021-8521-d936a7865f19	Neville893 Eusebio566 Kuhlman484	1953-03-30	male
/home/glilly/work/vista-stack/HL7-FHIR-quality-testing/2026/patients/raw/synthea-1000-20260804-20260804/fhir/Nga248_Marilynn608_Labadie908_fc5f2fe6-5652-41ea-3c58-abd9c215cc06.json	fc5f2fe6-5652-41ea-3c58-abd9c215cc06	Nga248 Marilynn608 Labadie908	1978-10-14	female
/home/glilly/work/vista-stack/HL7-FHIR-quality-testing/2026/patients/raw/synthea-1000-20260804-20260804/fhir/Nia310_Armstrong51_a86955eb-ddc0-5673-853e-da8f62878b18.json	a86955eb-ddc0-5673-853e-da8f62878b18	Nia310 Armstrong51	2014-02-17	female
/home/glilly/work/vista-stack/HL7-FHIR-quality-testing/2026/patients/raw/synthea-1000-20260804-20260804/fhir/Nichelle912_Jast432_e2e01999-492f-c9e4-61db-b8fd34ab8ad6.json	e2e01999-492f-c9e4-61db-b8fd34ab8ad6	Nichelle912 Lashon823 Jast432	2006-08-03	female
/home/glilly/work/vista-stack/HL7-FHIR-quality-testing/2026/patients/raw/synthea-1000-20260804-20260804/fhir/Nichol11_Rosalyn434_Sanford861_8f1e2d4e-cf54-c913-ff17-c064e809884a.json	8f1e2d4e-cf54-c913-ff17-c064e809884a	Nichol11 Rosalyn434 Sanford861	1961-03-17	female
/home/glilly/work/vista-stack/HL7-FHIR-quality-testing/2026/patients/raw/synthea-1000-20260804-20260804/fhir/Nick779_Schoen8_8e9e17ab-911b-f7e7-f42b-5abab21f9c9d.json	8e9e17ab-911b-f7e7-f42b-5abab21f9c9d	Nick779 Schoen8	1937-10-23	male
/home/glilly/work/vista-stack/HL7-FHIR-quality-testing/2026/patients/raw/synthea-1000-20260804-20260804/fhir/Nickole723_Missy373_Dooley940_b9acfc98-d5ca-bab5-6a6f-97be484166ea.json	b9acfc98-d5ca-bab5-6a6f-97be484166ea	Nickole723 Missy373 Dooley940	1952-11-01	female
/home/glilly/work/vista-stack/HL7-FHIR-quality-testing/2026/patients/raw/synthea-1000-20260804-20260804/fhir/Nicky270_Brown30_206be174-bef6-2467-bc55-ad1831fd4eda.json	206be174-bef6-2467-bc55-ad1831fd4eda	Nicky270 Brown30	1981-04-22	male
/home/glilly/work/vista-stack/HL7-FHIR-quality-testing/2026/patients/raw/synthea-1000-20260804-20260804/fhir/Nicolasa738_Walker122_17fbd3cf-4dc2-f281-7b1a-150d08a35a54.json	17fbd3cf-4dc2-f281-7b1a-150d08a35a54	Nicolasa738 Teodora360 Walker122	1925-09-06	female
/home/glilly/work/vista-stack/HL7-FHIR-quality-testing/2026/patients/raw/synthea-1000-20260804-20260804/fhir/Nicolette397_Bartell116_66ae897a-a78e-15f1-7e68-47569ad595e2.json	66ae897a-a78e-15f1-7e68-47569ad595e2	Nicolette397 Bartell116	1969-06-30	female
/home/glilly/work/vista-stack/HL7-FHIR-quality-testing/2026/patients/raw/synthea-1000-20260804-20260804/fhir/Nilda678_Armstrong51_f764e95d-0655-ac00-6432-b35f9f23b1aa.json	f764e95d-0655-ac00-6432-b35f9f23b1aa	Nilda678 Armstrong51	1971-04-09	female
/home/glilly/work/vista-stack/HL7-FHIR-quality-testing/2026/patients/raw/synthea-1000-20260804-20260804/fhir/Nilda678_Lanora971_Schulist381_922bd036-ae61-db74-76d4-aa0faa99ac07.json	922bd036-ae61-db74-76d4-aa0faa99ac07	Nilda678 Lanora971 Schulist381	1998-04-07	female
/home/glilly/work/vista-stack/HL7-FHIR-quality-testing/2026/patients/raw/synthea-1000-20260804-20260804/fhir/Nita296_Jalisa590_Wiza601_5d967a32-1c1b-511c-f38f-b94b3011f910.json	5d967a32-1c1b-511c-f38f-b94b3011f910	Nita296 Jalisa590 Wiza601	1957-07-25	female
/home/glilly/work/vista-stack/HL7-FHIR-quality-testing/2026/patients/raw/synthea-1000-20260804-20260804/fhir/Noble66_Langworth352_42158327-640f-32b8-e6ff-054c5d7f9303.json	42158327-640f-32b8-e6ff-054c5d7f9303	Noble66 Chet188 Langworth352	2014-06-18	male
/home/glilly/work/vista-stack/HL7-FHIR-quality-testing/2026/patients/raw/synthea-1000-20260804-20260804/fhir/Noe500_Ebert178_707f5316-660a-dfd6-bc25-457201c285c3.json	707f5316-660a-dfd6-bc25-457201c285c3	Noe500 Theo630 Ebert178	1953-12-06	male
/home/glilly/work/vista-stack/HL7-FHIR-quality-testing/2026/patients/raw/synthea-1000-20260804-20260804/fhir/Norbert530_Mosciski958_77aa58a0-1317-9e29-3c43-455482a9779c.json	77aa58a0-1317-9e29-3c43-455482a9779c	Norbert530 Benny518 Mosciski958	1929-11-15	male
/home/glilly/work/vista-stack/HL7-FHIR-quality-testing/2026/patients/raw/synthea-1000-20260804-20260804/fhir/Normand813_Johnson679_2ee648aa-3f7e-2800-ef63-bfb08a71fe8c.json	2ee648aa-3f7e-2800-ef63-bfb08a71fe8c	Normand813 Bruce167 Johnson679	1973-04-29	male
/home/glilly/work/vista-stack/HL7-FHIR-quality-testing/2026/patients/raw/synthea-1000-20260804-20260804/fhir/Octavio643_Carbajal274_7579dc38-b348-55a4-7e1b-f727187ea474.json	7579dc38-b348-55a4-7e1b-f727187ea474	Octavio643 Lorenzo669 Carbajal274	1971-06-25	male
/home/glilly/work/vista-stack/HL7-FHIR-quality-testing/2026/patients/raw/synthea-1000-20260804-20260804/fhir/Octavio643_Hessel84_0a97eb8c-9933-00f3-e5eb-f2381e3139ae.json	0a97eb8c-9933-00f3-e5eb-f2381e3139ae	Octavio643 Valentine262 Hessel84	1979-09-02	male
/home/glilly/work/vista-stack/HL7-FHIR-quality-testing/2026/patients/raw/synthea-1000-20260804-20260804/fhir/Odell776_Fahey393_ccd981d6-db99-1398-f9a0-7c6ff08ad2e5.json	ccd981d6-db99-1398-f9a0-7c6ff08ad2e5	Odell776 Pamelia915 Fahey393	2008-07-01	female
/home/glilly/work/vista-stack/HL7-FHIR-quality-testing/2026/patients/raw/synthea-1000-20260804-20260804/fhir/Odis959_Gleason633_6afede18-3883-0594-d8d7-2c62c2d7e4ff.json	6afede18-3883-0594-d8d7-2c62c2d7e4ff	Odis959 Tommie457 Gleason633	1979-08-23	male
/home/glilly/work/vista-stack/HL7-FHIR-quality-testing/2026/patients/raw/synthea-1000-20260804-20260804/fhir/Ofelia194_Wilderman619_7553aca2-43ad-0ad9-e722-5648b48d5b33.json	7553aca2-43ad-0ad9-e722-5648b48d5b33	Ofelia194 Kesha802 Wilderman619	1976-01-01	female
/home/glilly/work/vista-stack/HL7-FHIR-quality-testing/2026/patients/raw/synthea-1000-20260804-20260804/fhir/Olinda137_Schmeler639_0acd7845-fa80-4b28-a14b-87a30767ce90.json	0acd7845-fa80-4b28-a14b-87a30767ce90	Olinda137 Schmeler639	1976-02-10	female
/home/glilly/work/vista-stack/HL7-FHIR-quality-testing/2026/patients/raw/synthea-1000-20260804-20260804/fhir/Oliver401_Hills818_16bc2d0a-7b70-c662-9d22-e65b8cab6219.json	16bc2d0a-7b70-c662-9d22-e65b8cab6219	Oliver401 Stevie682 Hills818	1934-03-27	male
/home/glilly/work/vista-stack/HL7-FHIR-quality-testing/2026/patients/raw/synthea-1000-20260804-20260804/fhir/Oliver401_Zboncak558_aa2c7030-b4a2-5de4-6512-2f99d823d94c.json	aa2c7030-b4a2-5de4-6512-2f99d823d94c	Oliver401 Dino214 Zboncak558	1995-06-03	male
/home/glilly/work/vista-stack/HL7-FHIR-quality-testing/2026/patients/raw/synthea-1000-20260804-20260804/fhir/Ollie731_Batz141_e06f04ab-66b7-75ad-d170-119fd5658d76.json	e06f04ab-66b7-75ad-d170-119fd5658d76	Ollie731 Cleo27 Batz141	2010-02-24	male
/home/glilly/work/vista-stack/HL7-FHIR-quality-testing/2026/patients/raw/synthea-1000-20260804-20260804/fhir/Onie555_Mayert710_68519b20-aa3c-828e-67ff-e452bedff166.json	68519b20-aa3c-828e-67ff-e452bedff166	Onie555 Mayert710	1947-02-17	female
/home/glilly/work/vista-stack/HL7-FHIR-quality-testing/2026/patients/raw/synthea-1000-20260804-20260804/fhir/Oralia106_Grady603_fcc74992-2d21-b35b-cad7-50d6d3727d3b.json	fcc74992-2d21-b35b-cad7-50d6d3727d3b	Oralia106 Gertie348 Grady603	2024-02-12	female
/home/glilly/work/vista-stack/HL7-FHIR-quality-testing/2026/patients/raw/synthea-1000-20260804-20260804/fhir/Oralia106_Riva522_Williamson769_72920582-072d-b17f-e3f8-3e6c030c4a93.json	72920582-072d-b17f-e3f8-3e6c030c4a93	Oralia106 Riva522 Williamson769	1947-11-08	female
/home/glilly/work/vista-stack/HL7-FHIR-quality-testing/2026/patients/raw/synthea-1000-20260804-20260804/fhir/Orlando897_Gutkowski940_c7636b17-71cd-5361-5fc1-c1c9aff8ad10.json	c7636b17-71cd-5361-5fc1-c1c9aff8ad10	Orlando897 Gerardo48 Gutkowski940	1963-11-21	male
/home/glilly/work/vista-stack/HL7-FHIR-quality-testing/2026/patients/raw/synthea-1000-20260804-20260804/fhir/Orval846_Stark857_061a0071-baaf-9d65-4e47-b641ef1a3883.json	061a0071-baaf-9d65-4e47-b641ef1a3883	Orval846 Emmitt44 Stark857	1956-03-07	male
/home/glilly/work/vista-stack/HL7-FHIR-quality-testing/2026/patients/raw/synthea-1000-20260804-20260804/fhir/Orville751_Schoen8_7176069b-efac-071d-989e-3658e8dd7ef8.json	7176069b-efac-071d-989e-3658e8dd7ef8	Orville751 Schoen8	1999-08-30	male
/home/glilly/work/vista-stack/HL7-FHIR-quality-testing/2026/patients/raw/synthea-1000-20260804-20260804/fhir/Oscar384_Rutherford999_9586eb36-94e0-719b-efd3-1b7919b1ff93.json	9586eb36-94e0-719b-efd3-1b7919b1ff93	Oscar384 Bruce167 Rutherford999	1955-09-14	male
/home/glilly/work/vista-stack/HL7-FHIR-quality-testing/2026/patients/raw/synthea-1000-20260804-20260804/fhir/Otha286_Stoltenberg489_28d761bc-6cda-0488-cb8b-ec400856f8d6.json	28d761bc-6cda-0488-cb8b-ec400856f8d6	Otha286 Stoltenberg489	1957-05-04	female
/home/glilly/work/vista-stack/HL7-FHIR-quality-testing/2026/patients/raw/synthea-1000-20260804-20260804/fhir/Otto672_Wisoky380_4905e913-b149-b3d2-4ef7-81712b21c7fb.json	4905e913-b149-b3d2-4ef7-81712b21c7fb	Otto672 Darren774 Wisoky380	1988-10-07	male
/home/glilly/work/vista-stack/HL7-FHIR-quality-testing/2026/patients/raw/synthea-1000-20260804-20260804/fhir/Owen89_O'Conner199_3b74a819-d33a-0ae4-c13c-09b85caa862d.json	3b74a819-d33a-0ae4-c13c-09b85caa862d	Owen89 Noble66 O'Conner199	2018-06-07	male
/home/glilly/work/vista-stack/HL7-FHIR-quality-testing/2026/patients/raw/synthea-1000-20260804-20260804/fhir/Pablo44_Lovato727_e4d64a93-fb00-df73-363c-001dcecfc912.json	e4d64a93-fb00-df73-363c-001dcecfc912	Pablo44 Lovato727	2006-06-08	male
/home/glilly/work/vista-stack/HL7-FHIR-quality-testing/2026/patients/raw/synthea-1000-20260804-20260804/fhir/Paola523_Esmeralda972_Kuhlman484_3535ee5c-32c0-686e-2396-3cbac18daa74.json	3535ee5c-32c0-686e-2396-3cbac18daa74	Paola523 Esmeralda972 Kuhlman484	1977-02-13	female
/home/glilly/work/vista-stack/HL7-FHIR-quality-testing/2026/patients/raw/synthea-1000-20260804-20260804/fhir/Patricio639_Guillen740_ab6ec289-7d8e-f5af-f18b-f13984794226.json	ab6ec289-7d8e-f5af-f18b-f13984794226	Patricio639 Eduardo902 Guillen740	1969-11-24	male
/home/glilly/work/vista-stack/HL7-FHIR-quality-testing/2026/patients/raw/synthea-1000-20260804-20260804/fhir/Paz9_Rebbeca432_Hahn503_7f88507d-1147-ddde-0ad2-66a12342a152.json	7f88507d-1147-ddde-0ad2-66a12342a152	Paz9 Rebbeca432 Hahn503	1953-08-11	female
/home/glilly/work/vista-stack/HL7-FHIR-quality-testing/2026/patients/raw/synthea-1000-20260804-20260804/fhir/Pete38_Borer986_b2148b4b-5cde-b58e-6707-dcb10f4f5b55.json	b2148b4b-5cde-b58e-6707-dcb10f4f5b55	Pete38 Borer986	1999-10-23	male
/home/glilly/work/vista-stack/HL7-FHIR-quality-testing/2026/patients/raw/synthea-1000-20260804-20260804/fhir/Petra678_Labadie908_b4bf89ee-4c6a-5c02-03d1-98a79ad91d6e.json	b4bf89ee-4c6a-5c02-03d1-98a79ad91d6e	Petra678 Arnette709 Labadie908	2013-04-24	female
/home/glilly/work/vista-stack/HL7-FHIR-quality-testing/2026/patients/raw/synthea-1000-20260804-20260804/fhir/Petra678_Turner526_27ed390d-485a-9ef6-9ceb-4d383da8eeb5.json	27ed390d-485a-9ef6-9ceb-4d383da8eeb5	Petra678 Turner526	2002-12-18	female
/home/glilly/work/vista-stack/HL7-FHIR-quality-testing/2026/patients/raw/synthea-1000-20260804-20260804/fhir/Petrina721_Nenita289_Botsford977_69dff3b2-f6e7-8c89-5193-4548f438bccb.json	69dff3b2-f6e7-8c89-5193-4548f438bccb	Petrina721 Nenita289 Botsford977	1961-08-06	female
/home/glilly/work/vista-stack/HL7-FHIR-quality-testing/2026/patients/raw/synthea-1000-20260804-20260804/fhir/Petronila724_Fisher429_896dc72c-5a12-bf37-5edf-e530a7d7e2db.json	896dc72c-5a12-bf37-5edf-e530a7d7e2db	Petronila724 Leonia336 Fisher429	2015-07-17	female
/home/glilly/work/vista-stack/HL7-FHIR-quality-testing/2026/patients/raw/synthea-1000-20260804-20260804/fhir/Petronila724_Kiehn525_2e0a8945-8905-54ef-df91-210b34f1bb17.json	2e0a8945-8905-54ef-df91-210b34f1bb17	Petronila724 Venita81 Kiehn525	1984-03-03	female
/home/glilly/work/vista-stack/HL7-FHIR-quality-testing/2026/patients/raw/synthea-1000-20260804-20260804/fhir/Philip822_Ullrich385_dd2b5d82-7705-eae1-3bca-97a76cddc84f.json	dd2b5d82-7705-eae1-3bca-97a76cddc84f	Philip822 Ullrich385	1999-01-09	male
/home/glilly/work/vista-stack/HL7-FHIR-quality-testing/2026/patients/raw/synthea-1000-20260804-20260804/fhir/Phillip440_Rempel203_28a387d6-1667-1663-6098-932308f232c7.json	28a387d6-1667-1663-6098-932308f232c7	Phillip440 Theo630 Rempel203	2025-03-05	male
/home/glilly/work/vista-stack/HL7-FHIR-quality-testing/2026/patients/raw/synthea-1000-20260804-20260804/fhir/Phyllis779_Skiles927_3251c2ba-edf3-8078-a0d2-296ac3f0c26e.json	3251c2ba-edf3-8078-a0d2-296ac3f0c26e	Phyllis779 Skiles927	1915-10-04	female
/home/glilly/work/vista-stack/HL7-FHIR-quality-testing/2026/patients/raw/synthea-1000-20260804-20260804/fhir/Piper612_Rogahn59_39609e5f-f94f-fac1-08b4-b5e703098d07.json	39609e5f-f94f-fac1-08b4-b5e703098d07	Piper612 Willa615 Rogahn59	2002-12-15	female
/home/glilly/work/vista-stack/HL7-FHIR-quality-testing/2026/patients/raw/synthea-1000-20260804-20260804/fhir/Porter490_Rempel203_b8896e42-6568-a906-82e1-cf35076ab624.json	b8896e42-6568-a906-82e1-cf35076ab624	Porter490 Ollie731 Rempel203	2020-10-03	male
/home/glilly/work/vista-stack/HL7-FHIR-quality-testing/2026/patients/raw/synthea-1000-20260804-20260804/fhir/Portia383_O'Conner199_82f34071-3a81-ea7a-f55b-3608944b899c.json	82f34071-3a81-ea7a-f55b-3608944b899c	Portia383 Shenika151 O'Conner199	2000-05-05	female
/home/glilly/work/vista-stack/HL7-FHIR-quality-testing/2026/patients/raw/synthea-1000-20260804-20260804/fhir/Preston275_Bernhard322_6223585b-adc3-a5c3-2df7-090c41a6dafc.json	6223585b-adc3-a5c3-2df7-090c41a6dafc	Preston275 Bernhard322	2017-07-14	male
/home/glilly/work/vista-stack/HL7-FHIR-quality-testing/2026/patients/raw/synthea-1000-20260804-20260804/fhir/Priscilla527_Andera917_Wilderman619_cdfe18a4-40a9-0c94-8ce8-c7dd47c582a7.json	cdfe18a4-40a9-0c94-8ce8-c7dd47c582a7	Priscilla527 Andera917 Wilderman619	1997-09-30	female
/home/glilly/work/vista-stack/HL7-FHIR-quality-testing/2026/patients/raw/synthea-1000-20260804-20260804/fhir/Prudence900_Davis923_bcc35616-4c7f-df1b-9ae1-e51504549890.json	bcc35616-4c7f-df1b-9ae1-e51504549890	Prudence900 Davis923	1967-07-07	female
/home/glilly/work/vista-stack/HL7-FHIR-quality-testing/2026/patients/raw/synthea-1000-20260804-20260804/fhir/Quinn173_Mueller846_157dfa03-1410-f9c0-40c9-da7ff58a03b9.json	157dfa03-1410-f9c0-40c9-da7ff58a03b9	Quinn173 Rayford811 Mueller846	2013-10-31	male
/home/glilly/work/vista-stack/HL7-FHIR-quality-testing/2026/patients/raw/synthea-1000-20260804-20260804/fhir/Rachel885_Tabetha269_Thiel172_bb1308ee-b7e6-8431-32e1-3397fb10b8ea.json	bb1308ee-b7e6-8431-32e1-3397fb10b8ea	Rachel885 Tabetha269 Thiel172	1953-04-17	female
/home/glilly/work/vista-stack/HL7-FHIR-quality-testing/2026/patients/raw/synthea-1000-20260804-20260804/fhir/Raleigh478_Kunze215_f9c543d2-dcf1-a3ac-c96f-3654baf43461.json	f9c543d2-dcf1-a3ac-c96f-3654baf43461	Raleigh478 Julian715 Kunze215	1988-07-15	male
/home/glilly/work/vista-stack/HL7-FHIR-quality-testing/2026/patients/raw/synthea-1000-20260804-20260804/fhir/Ralph813_Koelpin146_743d0198-299b-c71b-2404-6a309865d4b0.json	743d0198-299b-c71b-2404-6a309865d4b0	Ralph813 Rueben647 Koelpin146	1946-12-11	male
/home/glilly/work/vista-stack/HL7-FHIR-quality-testing/2026/patients/raw/synthea-1000-20260804-20260804/fhir/Ramiro608_Cotto891_c7adfb2d-583a-e80c-0b7f-c5dc6333a1c2.json	c7adfb2d-583a-e80c-0b7f-c5dc6333a1c2	Ramiro608 Rafael239 Cotto891	1961-04-26	male
/home/glilly/work/vista-stack/HL7-FHIR-quality-testing/2026/patients/raw/synthea-1000-20260804-20260804/fhir/Ramón841_Ordóñez148_552089fd-931c-23b8-b669-12fe0f67f44d.json	552089fd-931c-23b8-b669-12fe0f67f44d	Ramón841 Luis Miguel102 Ordóñez148	1917-04-15	male
/home/glilly/work/vista-stack/HL7-FHIR-quality-testing/2026/patients/raw/synthea-1000-20260804-20260804/fhir/Randal152_Paucek755_6dc8fb58-8bcf-cd31-7a7f-3b47801704f8.json	6dc8fb58-8bcf-cd31-7a7f-3b47801704f8	Randal152 Hal307 Paucek755	1961-11-28	male
/home/glilly/work/vista-stack/HL7-FHIR-quality-testing/2026/patients/raw/synthea-1000-20260804-20260804/fhir/Randolph418_Champlin946_947f3e52-34a3-dba9-bfbb-ebe6904c281c.json	947f3e52-34a3-dba9-bfbb-ebe6904c281c	Randolph418 Champlin946	1975-09-13	male
/home/glilly/work/vista-stack/HL7-FHIR-quality-testing/2026/patients/raw/synthea-1000-20260804-20260804/fhir/Randolph418_Reichert620_3a3a01fd-9414-fa65-de9d-bcc17b875be6.json	3a3a01fd-9414-fa65-de9d-bcc17b875be6	Randolph418 Trevor374 Reichert620	1966-01-17	male
/home/glilly/work/vista-stack/HL7-FHIR-quality-testing/2026/patients/raw/synthea-1000-20260804-20260804/fhir/Raphael767_Auer97_c92aa570-ad85-8764-3add-45743cd371dd.json	c92aa570-ad85-8764-3add-45743cd371dd	Raphael767 Fabian647 Auer97	1980-09-11	male
/home/glilly/work/vista-stack/HL7-FHIR-quality-testing/2026/patients/raw/synthea-1000-20260804-20260804/fhir/Raphael767_Bartell116_79a67e7c-2ce5-e156-17b9-5cf13550b065.json	79a67e7c-2ce5-e156-17b9-5cf13550b065	Raphael767 Myron933 Bartell116	2019-06-21	male
/home/glilly/work/vista-stack/HL7-FHIR-quality-testing/2026/patients/raw/synthea-1000-20260804-20260804/fhir/Rasheeda241_Blick895_b98e3741-c559-6749-7729-77f7b940706d.json	b98e3741-c559-6749-7729-77f7b940706d	Rasheeda241 Pearlene638 Blick895	2009-10-03	female
/home/glilly/work/vista-stack/HL7-FHIR-quality-testing/2026/patients/raw/synthea-1000-20260804-20260804/fhir/Ray930_Carrol931_Flatley871_5c6a5795-7c58-fbd5-1ff5-4dfc2db7c6c2.json	5c6a5795-7c58-fbd5-1ff5-4dfc2db7c6c2	Ray930 Carrol931 Flatley871	1916-12-28	female
/home/glilly/work/vista-stack/HL7-FHIR-quality-testing/2026/patients/raw/synthea-1000-20260804-20260804/fhir/Rayford811_Schuster709_d54ac787-0179-25af-32d4-68844253470a.json	d54ac787-0179-25af-32d4-68844253470a	Rayford811 Markus389 Schuster709	1979-09-04	male
/home/glilly/work/vista-stack/HL7-FHIR-quality-testing/2026/patients/raw/synthea-1000-20260804-20260804/fhir/Raymon366_Breitenberg711_725376bb-186f-7923-f135-2dec79ca6393.json	725376bb-186f-7923-f135-2dec79ca6393	Raymon366 Josef103 Breitenberg711	2021-07-06	male
/home/glilly/work/vista-stack/HL7-FHIR-quality-testing/2026/patients/raw/synthea-1000-20260804-20260804/fhir/Reba58_Kerluke267_5413f11f-d81c-1e39-71aa-8b64e2a75a26.json	5413f11f-d81c-1e39-71aa-8b64e2a75a26	Reba58 Abigail677 Kerluke267	2000-04-23	female
/home/glilly/work/vista-stack/HL7-FHIR-quality-testing/2026/patients/raw/synthea-1000-20260804-20260804/fhir/Rebeca548_Anita473_López694_ca902e76-5e6e-6f31-d8c4-f4a6ebff5e99.json	ca902e76-5e6e-6f31-d8c4-f4a6ebff5e99	Rebeca548 Anita473 López694	1997-08-23	female
/home/glilly/work/vista-stack/HL7-FHIR-quality-testing/2026/patients/raw/synthea-1000-20260804-20260804/fhir/Rebeca548_Mata817_9739aa3e-6b5c-099e-2f30-7def5422b8de.json	9739aa3e-6b5c-099e-2f30-7def5422b8de	Rebeca548 Eloisa55 Mata817	2009-11-11	female
/home/glilly/work/vista-stack/HL7-FHIR-quality-testing/2026/patients/raw/synthea-1000-20260804-20260804/fhir/Refugio197_Schuster709_f2bc7f3e-0f3a-a1f9-7823-fad3a278d66e.json	f2bc7f3e-0f3a-a1f9-7823-fad3a278d66e	Refugio197 Schuster709	1979-12-31	male
/home/glilly/work/vista-stack/HL7-FHIR-quality-testing/2026/patients/raw/synthea-1000-20260804-20260804/fhir/Reina25_Gabriela205_Ulibarri312_1768a94b-758b-0f67-a2b2-61e05deff04e.json	1768a94b-758b-0f67-a2b2-61e05deff04e	Reina25 Gabriela205 Ulibarri312	1991-01-29	female
/home/glilly/work/vista-stack/HL7-FHIR-quality-testing/2026/patients/raw/synthea-1000-20260804-20260804/fhir/Reinaldo138_Powlowski563_fc8f82cf-9302-7be7-e424-c434f59afabf.json	fc8f82cf-9302-7be7-e424-c434f59afabf	Reinaldo138 Marcelo725 Powlowski563	2024-06-12	male
/home/glilly/work/vista-stack/HL7-FHIR-quality-testing/2026/patients/raw/synthea-1000-20260804-20260804/fhir/Reita211_Lashaun800_Sawayn19_8f8318e1-ae95-3bec-7abb-ca720aa4c167.json	8f8318e1-ae95-3bec-7abb-ca720aa4c167	Reita211 Lashaun800 Sawayn19	1980-05-05	female
/home/glilly/work/vista-stack/HL7-FHIR-quality-testing/2026/patients/raw/synthea-1000-20260804-20260804/fhir/Remona896_Larkin917_49fa9a44-62f0-9367-5e6b-321a7027749d.json	49fa9a44-62f0-9367-5e6b-321a7027749d	Remona896 Sherice231 Larkin917	2015-01-23	female
/home/glilly/work/vista-stack/HL7-FHIR-quality-testing/2026/patients/raw/synthea-1000-20260804-20260804/fhir/Rene434_Boehm581_db2c66f7-5206-57a8-7dfc-6cf557012e56.json	db2c66f7-5206-57a8-7dfc-6cf557012e56	Rene434 Nathan164 Boehm581	1953-03-30	male
/home/glilly/work/vista-stack/HL7-FHIR-quality-testing/2026/patients/raw/synthea-1000-20260804-20260804/fhir/Rene434_Schneider199_b7dfc1ee-01b4-6ed6-8318-3a8066a809d4.json	b7dfc1ee-01b4-6ed6-8318-3a8066a809d4	Rene434 Harley673 Schneider199	1916-11-02	male
/home/glilly/work/vista-stack/HL7-FHIR-quality-testing/2026/patients/raw/synthea-1000-20260804-20260804/fhir/Reyes140_Dach178_7b2e1eeb-cf46-7b64-8657-6584f0e3dd1a.json	7b2e1eeb-cf46-7b64-8657-6584f0e3dd1a	Reyes140 Robbie31 Dach178	1962-11-29	male
/home/glilly/work/vista-stack/HL7-FHIR-quality-testing/2026/patients/raw/synthea-1000-20260804-20260804/fhir/Reyes140_Rolfson709_a46e438e-faf9-ad9c-559e-14f82ce41462.json	a46e438e-faf9-ad9c-559e-14f82ce41462	Reyes140 Wilford267 Rolfson709	1945-03-14	male
/home/glilly/work/vista-stack/HL7-FHIR-quality-testing/2026/patients/raw/synthea-1000-20260804-20260804/fhir/Reyna401_Paola523_Schimmel440_31e6f21d-fcae-0c36-e599-44d39b9fa303.json	31e6f21d-fcae-0c36-e599-44d39b9fa303	Reyna401 Paola523 Schimmel440	1987-03-25	female
/home/glilly/work/vista-stack/HL7-FHIR-quality-testing/2026/patients/raw/synthea-1000-20260804-20260804/fhir/Reynalda736_Littel644_d06bcea5-91b2-cd8f-598f-3d9767e64800.json	d06bcea5-91b2-cd8f-598f-3d9767e64800	Reynalda736 Littel644	2007-09-06	female
/home/glilly/work/vista-stack/HL7-FHIR-quality-testing/2026/patients/raw/synthea-1000-20260804-20260804/fhir/Rhiannon677_Mann644_297043b5-2828-79af-9642-793adc5be9c3.json	297043b5-2828-79af-9642-793adc5be9c3	Rhiannon677 Golden321 Mann644	1978-02-23	female
/home/glilly/work/vista-stack/HL7-FHIR-quality-testing/2026/patients/raw/synthea-1000-20260804-20260804/fhir/Ricardo560_McCullough561_4b1fa875-f767-0606-7caf-69de17eda367.json	4b1fa875-f767-0606-7caf-69de17eda367	Ricardo560 Ervin886 McCullough561	1990-01-09	male
/home/glilly/work/vista-stack/HL7-FHIR-quality-testing/2026/patients/raw/synthea-1000-20260804-20260804/fhir/Ricardo560_Prohaska837_ef4671b0-bfe1-f8a6-4c46-4305a7b0ead2.json	ef4671b0-bfe1-f8a6-4c46-4305a7b0ead2	Ricardo560 Prohaska837	1973-04-14	male
/home/glilly/work/vista-stack/HL7-FHIR-quality-testing/2026/patients/raw/synthea-1000-20260804-20260804/fhir/Richard937_McLaughlin530_7593c310-423b-840d-2c40-938c7a84140a.json	7593c310-423b-840d-2c40-938c7a84140a	Richard937 Rico947 McLaughlin530	1965-07-14	male
/home/glilly/work/vista-stack/HL7-FHIR-quality-testing/2026/patients/raw/synthea-1000-20260804-20260804/fhir/Richie600_Hoppe518_d14c5aac-702a-6f40-abbc-5e4db327272f.json	d14c5aac-702a-6f40-abbc-5e4db327272f	Richie600 Burton124 Hoppe518	2024-04-24	male
/home/glilly/work/vista-stack/HL7-FHIR-quality-testing/2026/patients/raw/synthea-1000-20260804-20260804/fhir/Rickey821_Ruecker817_ef6d4fe3-217f-864e-0d71-1b63f546e2dc.json	ef6d4fe3-217f-864e-0d71-1b63f546e2dc	Rickey821 Ervin886 Ruecker817	1949-09-29	male
/home/glilly/work/vista-stack/HL7-FHIR-quality-testing/2026/patients/raw/synthea-1000-20260804-20260804/fhir/Rigoberto443_Crona259_e5e11987-230d-5af3-ee06-9c586e155de8.json	e5e11987-230d-5af3-ee06-9c586e155de8	Rigoberto443 Mason910 Crona259	1984-08-22	male
/home/glilly/work/vista-stack/HL7-FHIR-quality-testing/2026/patients/raw/synthea-1000-20260804-20260804/fhir/Rikki26_Kub800_1a559927-a05e-98c8-62e1-9dc137a69d0b.json	1a559927-a05e-98c8-62e1-9dc137a69d0b	Rikki26 Carolee951 Kub800	1916-12-28	female
/home/glilly/work/vista-stack/HL7-FHIR-quality-testing/2026/patients/raw/synthea-1000-20260804-20260804/fhir/Rivka589_Pansy803_Bednar518_fbb22037-4169-75d9-185b-71e8d35449d6.json	fbb22037-4169-75d9-185b-71e8d35449d6	Rivka589 Pansy803 Bednar518	1964-01-20	female
/home/glilly/work/vista-stack/HL7-FHIR-quality-testing/2026/patients/raw/synthea-1000-20260804-20260804/fhir/Rob341_Runolfsdottir785_0c631bf9-db30-1cc2-e574-87fc6da15324.json	0c631bf9-db30-1cc2-e574-87fc6da15324	Rob341 Runolfsdottir785	2001-01-01	male
/home/glilly/work/vista-stack/HL7-FHIR-quality-testing/2026/patients/raw/synthea-1000-20260804-20260804/fhir/Robbie31_Crona259_15d95c9b-9f51-44c9-5d94-f6942183a734.json	15d95c9b-9f51-44c9-5d94-f6942183a734	Robbie31 Wendell199 Crona259	1992-10-02	male
/home/glilly/work/vista-stack/HL7-FHIR-quality-testing/2026/patients/raw/synthea-1000-20260804-20260804/fhir/Robert854_Crist667_ba144b8a-9917-b210-3c9e-6396205a58fb.json	ba144b8a-9917-b210-3c9e-6396205a58fb	Robert854 Trey250 Crist667	1999-12-27	male
/home/glilly/work/vista-stack/HL7-FHIR-quality-testing/2026/patients/raw/synthea-1000-20260804-20260804/fhir/Robt687_Gorczany269_18694c42-fb07-67db-9d9d-c746de09552a.json	18694c42-fb07-67db-9d9d-c746de09552a	Robt687 Drew592 Gorczany269	2000-07-19	male
/home/glilly/work/vista-stack/HL7-FHIR-quality-testing/2026/patients/raw/synthea-1000-20260804-20260804/fhir/Rodney21_Cremin516_1a1b1c40-0a4b-ad11-11c5-ba0033a0ce5d.json	1a1b1c40-0a4b-ad11-11c5-ba0033a0ce5d	Rodney21 Brant303 Cremin516	2007-07-22	male
/home/glilly/work/vista-stack/HL7-FHIR-quality-testing/2026/patients/raw/synthea-1000-20260804-20260804/fhir/Rodney21_Hills818_5968ff90-07a4-b9d1-baf8-2724905effa5.json	5968ff90-07a4-b9d1-baf8-2724905effa5	Rodney21 Derick144 Hills818	2005-01-24	male
/home/glilly/work/vista-stack/HL7-FHIR-quality-testing/2026/patients/raw/synthea-1000-20260804-20260804/fhir/Rodrick370_Schimmel440_0ecd83ba-2012-c169-087a-7861964f411b.json	0ecd83ba-2012-c169-087a-7861964f411b	Rodrick370 Mickey576 Schimmel440	2025-11-27	male
/home/glilly/work/vista-stack/HL7-FHIR-quality-testing/2026/patients/raw/synthea-1000-20260804-20260804/fhir/Roland928_Ebert178_6f79cd47-5d1c-b002-fe13-8f601bdd4165.json	6f79cd47-5d1c-b002-fe13-8f601bdd4165	Roland928 Silas208 Ebert178	1984-07-15	male
/home/glilly/work/vista-stack/HL7-FHIR-quality-testing/2026/patients/raw/synthea-1000-20260804-20260804/fhir/Ronnie7_Hyatt152_2f5c9376-c5a9-ab2c-2942-6a6d20ab2f23.json	2f5c9376-c5a9-ab2c-2942-6a6d20ab2f23	Ronnie7 Sol312 Hyatt152	1958-08-04	male
/home/glilly/work/vista-stack/HL7-FHIR-quality-testing/2026/patients/raw/synthea-1000-20260804-20260804/fhir/Ronny764_Barrows492_2ed9f98c-0ddd-3446-b8d5-18f1f1dcd296.json	2ed9f98c-0ddd-3446-b8d5-18f1f1dcd296	Ronny764 Antony83 Barrows492	2013-05-29	male
/home/glilly/work/vista-stack/HL7-FHIR-quality-testing/2026/patients/raw/synthea-1000-20260804-20260804/fhir/Ronny764_Bauch723_cdfe0c38-10ab-a05c-1c4e-dd1daa0c0147.json	cdfe0c38-10ab-a05c-1c4e-dd1daa0c0147	Ronny764 Carey440 Bauch723	1954-05-23	male
/home/glilly/work/vista-stack/HL7-FHIR-quality-testing/2026/patients/raw/synthea-1000-20260804-20260804/fhir/Rory188_Lynch190_36c48ebf-393a-a373-a578-081ba539b09e.json	36c48ebf-393a-a373-a578-081ba539b09e	Rory188 Daren950 Lynch190	2012-03-08	male
/home/glilly/work/vista-stack/HL7-FHIR-quality-testing/2026/patients/raw/synthea-1000-20260804-20260804/fhir/Rosalia943_Matos876_d6fd7495-aa04-02d3-6d68-61c0fa36bde0.json	d6fd7495-aa04-02d3-6d68-61c0fa36bde0	Rosalia943 Emilia403 Matos876	2017-08-01	female
/home/glilly/work/vista-stack/HL7-FHIR-quality-testing/2026/patients/raw/synthea-1000-20260804-20260804/fhir/Rosalina69_Tobi258_Kunze215_d469fa6a-c889-e119-a56d-2fa0e4afeaa7.json	d469fa6a-c889-e119-a56d-2fa0e4afeaa7	Rosalina69 Tobi258 Kunze215	1987-06-06	female
/home/glilly/work/vista-stack/HL7-FHIR-quality-testing/2026/patients/raw/synthea-1000-20260804-20260804/fhir/Rosanna866_Eun46_Ortiz186_20fd3d01-1761-732c-8058-f01cc2b80579.json	20fd3d01-1761-732c-8058-f01cc2b80579	Rosanna866 Eun46 Ortiz186	1967-01-27	female
/home/glilly/work/vista-stack/HL7-FHIR-quality-testing/2026/patients/raw/synthea-1000-20260804-20260804/fhir/Rosario163_Kub800_9ebf5c43-8251-6f14-29eb-f62bffe5d454.json	9ebf5c43-8251-6f14-29eb-f62bffe5d454	Rosario163 Kub800	1977-01-13	male
/home/glilly/work/vista-stack/HL7-FHIR-quality-testing/2026/patients/raw/synthea-1000-20260804-20260804/fhir/Rosario163_Marrero674_d8290efe-dec6-5d72-7c7d-2724132900e1.json	d8290efe-dec6-5d72-7c7d-2724132900e1	Rosario163 Teresa94 Marrero674	1944-01-30	female
/home/glilly/work/vista-stack/HL7-FHIR-quality-testing/2026/patients/raw/synthea-1000-20260804-20260804/fhir/Roseann182_Schumm995_dafe1143-5b86-c878-dd9e-12eefad0053e.json	dafe1143-5b86-c878-dd9e-12eefad0053e	Roseann182 Soila394 Schumm995	2004-09-09	female
/home/glilly/work/vista-stack/HL7-FHIR-quality-testing/2026/patients/raw/synthea-1000-20260804-20260804/fhir/Roselia779_Boyer713_337ec113-0c63-18a3-2ed3-e3e54807a389.json	337ec113-0c63-18a3-2ed3-e3e54807a389	Roselia779 Gerry91 Boyer713	1989-08-05	female
/home/glilly/work/vista-stack/HL7-FHIR-quality-testing/2026/patients/raw/synthea-1000-20260804-20260804/fhir/Roseline981_Louann705_Robel940_d3c9197c-f6e5-69dc-b667-4378d7ea1f2f.json	d3c9197c-f6e5-69dc-b667-4378d7ea1f2f	Roseline981 Louann705 Robel940	1925-09-06	female
/home/glilly/work/vista-stack/HL7-FHIR-quality-testing/2026/patients/raw/synthea-1000-20260804-20260804/fhir/Roselyn270_Bauch723_c4062909-13e5-bc23-2e04-2ef4a22f331c.json	c4062909-13e5-bc23-2e04-2ef4a22f331c	Roselyn270 Chanell45 Bauch723	1957-04-02	female
/home/glilly/work/vista-stack/HL7-FHIR-quality-testing/2026/patients/raw/synthea-1000-20260804-20260804/fhir/Rosemary734_Pacocha935_36cb021f-07fb-04c2-7ebe-f9fafcca5deb.json	36cb021f-07fb-04c2-7ebe-f9fafcca5deb	Rosemary734 Lucina142 Pacocha935	2001-06-07	female
/home/glilly/work/vista-stack/HL7-FHIR-quality-testing/2026/patients/raw/synthea-1000-20260804-20260804/fhir/Rosendo998_Bergstrom287_b24071b2-e855-20ae-d9ef-41843b4a1798.json	b24071b2-e855-20ae-d9ef-41843b4a1798	Rosendo998 Dominic463 Bergstrom287	1916-11-02	male
/home/glilly/work/vista-stack/HL7-FHIR-quality-testing/2026/patients/raw/synthea-1000-20260804-20260804/fhir/Rosendo998_Crona259_693621a6-cdcf-d96f-024c-49d141490f43.json	693621a6-cdcf-d96f-024c-49d141490f43	Rosendo998 Curt84 Crona259	1990-01-04	male
/home/glilly/work/vista-stack/HL7-FHIR-quality-testing/2026/patients/raw/synthea-1000-20260804-20260804/fhir/Roslyn469_Lubowitz58_093e8b01-df98-613d-fdc0-a2cac59998a1.json	093e8b01-df98-613d-fdc0-a2cac59998a1	Roslyn469 Marge692 Lubowitz58	2019-09-02	female
/home/glilly/work/vista-stack/HL7-FHIR-quality-testing/2026/patients/raw/synthea-1000-20260804-20260804/fhir/Rossana121_Torp761_dce38e5e-613c-88e5-abef-a463d0de8856.json	dce38e5e-613c-88e5-abef-a463d0de8856	Rossana121 Torp761	1967-01-29	female
/home/glilly/work/vista-stack/HL7-FHIR-quality-testing/2026/patients/raw/synthea-1000-20260804-20260804/fhir/Rubin812_Treutel973_66649604-70d3-cda8-9897-845dc125e2a2.json	66649604-70d3-cda8-9897-845dc125e2a2	Rubin812 Jefferey580 Treutel973	2014-10-03	male
/home/glilly/work/vista-stack/HL7-FHIR-quality-testing/2026/patients/raw/synthea-1000-20260804-20260804/fhir/Rubin812_Tromp100_293fb06d-2a7e-093a-542b-f660dc211f81.json	293fb06d-2a7e-093a-542b-f660dc211f81	Rubin812 Royal919 Tromp100	1933-10-30	male
/home/glilly/work/vista-stack/HL7-FHIR-quality-testing/2026/patients/raw/synthea-1000-20260804-20260804/fhir/Rubin812_Walter473_5e0520b9-c2b1-9bcd-7924-fa25c54b68d9.json	5e0520b9-c2b1-9bcd-7924-fa25c54b68d9	Rubin812 Walter473	1986-10-11	male
/home/glilly/work/vista-stack/HL7-FHIR-quality-testing/2026/patients/raw/synthea-1000-20260804-20260804/fhir/Rufina863_Jen355_Roberts511_e00302a0-9ac6-babc-13f9-4803c3c20720.json	e00302a0-9ac6-babc-13f9-4803c3c20720	Rufina863 Jen355 Roberts511	1982-01-08	female
/home/glilly/work/vista-stack/HL7-FHIR-quality-testing/2026/patients/raw/synthea-1000-20260804-20260804/fhir/Ruthanne627_Homenick806_917e00d6-72bc-012d-a711-54a9889dd743.json	917e00d6-72bc-012d-a711-54a9889dd743	Ruthanne627 Luci727 Homenick806	1938-04-07	female
/home/glilly/work/vista-stack/HL7-FHIR-quality-testing/2026/patients/raw/synthea-1000-20260804-20260804/fhir/Ruthe70_Shantae970_Stracke611_fb84aabf-d24f-3b00-b6df-05f4dc656100.json	fb84aabf-d24f-3b00-b6df-05f4dc656100	Ruthe70 Shantae970 Stracke611	1959-11-14	female
/home/glilly/work/vista-stack/HL7-FHIR-quality-testing/2026/patients/raw/synthea-1000-20260804-20260804/fhir/Ruthie901_Lelia627_Hilll811_752c066b-321f-6c9c-6731-f37c8017e21c.json	752c066b-321f-6c9c-6731-f37c8017e21c	Ruthie901 Lelia627 Hilll811	1956-10-05	female
/home/glilly/work/vista-stack/HL7-FHIR-quality-testing/2026/patients/raw/synthea-1000-20260804-20260804/fhir/Sabina296_Parisian75_76c53c83-0633-b22b-9b2c-0e9776c6406a.json	76c53c83-0633-b22b-9b2c-0e9776c6406a	Sabina296 Consuela482 Parisian75	2005-02-17	female
/home/glilly/work/vista-stack/HL7-FHIR-quality-testing/2026/patients/raw/synthea-1000-20260804-20260804/fhir/Sabra779_Jerde200_249ba471-fe4c-bcb3-81c4-1207edc882f8.json	249ba471-fe4c-bcb3-81c4-1207edc882f8	Sabra779 Ethyl508 Jerde200	2024-03-10	female
/home/glilly/work/vista-stack/HL7-FHIR-quality-testing/2026/patients/raw/synthea-1000-20260804-20260804/fhir/Salley758_Swift555_c03210fa-fb7a-989f-b7eb-12088658b7c5.json	c03210fa-fb7a-989f-b7eb-12088658b7c5	Salley758 Aiko748 Swift555	2018-06-10	female
/home/glilly/work/vista-stack/HL7-FHIR-quality-testing/2026/patients/raw/synthea-1000-20260804-20260804/fhir/Salvador46_Barela183_4ce8ba6a-8326-5606-d3a9-d798cf772c6d.json	4ce8ba6a-8326-5606-d3a9-d798cf772c6d	Salvador46 Barela183	1975-10-30	male
/home/glilly/work/vista-stack/HL7-FHIR-quality-testing/2026/patients/raw/synthea-1000-20260804-20260804/fhir/Samira471_Demetria799_Walker122_7bc40842-cdb1-36dc-2bff-48b9612ed71f.json	7bc40842-cdb1-36dc-2bff-48b9612ed71f	Samira471 Demetria799 Walker122	1949-07-19	female
/home/glilly/work/vista-stack/HL7-FHIR-quality-testing/2026/patients/raw/synthea-1000-20260804-20260804/fhir/Sammy219_Bradtke547_0164fc48-c13d-d91d-3ccc-a4fc1d5304fa.json	0164fc48-c13d-d91d-3ccc-a4fc1d5304fa	Sammy219 Vernon254 Bradtke547	2023-08-11	male
/home/glilly/work/vista-stack/HL7-FHIR-quality-testing/2026/patients/raw/synthea-1000-20260804-20260804/fhir/Sammy219_Carter549_2664588f-6664-df75-2f87-e794ca354799.json	2664588f-6664-df75-2f87-e794ca354799	Sammy219 Carter549	1982-06-11	male
/home/glilly/work/vista-stack/HL7-FHIR-quality-testing/2026/patients/raw/synthea-1000-20260804-20260804/fhir/Samuel331_Stanton715_cf1515cc-c1a6-d6b8-607b-a6710b70155b.json	cf1515cc-c1a6-d6b8-607b-a6710b70155b	Samuel331 Lorenza655 Stanton715	2024-07-11	female
/home/glilly/work/vista-stack/HL7-FHIR-quality-testing/2026/patients/raw/synthea-1000-20260804-20260804/fhir/Sanjuana985_Kertzmann286_51fa21ad-61c1-a372-fe42-b9b8405ad07e.json	51fa21ad-61c1-a372-fe42-b9b8405ad07e	Sanjuana985 Alpha246 Kertzmann286	1998-12-18	female
/home/glilly/work/vista-stack/HL7-FHIR-quality-testing/2026/patients/raw/synthea-1000-20260804-20260804/fhir/Santiago500_Davis923_a598b249-1242-db02-46af-9f178602016e.json	a598b249-1242-db02-46af-9f178602016e	Santiago500 Matt836 Davis923	1966-12-12	male
/home/glilly/work/vista-stack/HL7-FHIR-quality-testing/2026/patients/raw/synthea-1000-20260804-20260804/fhir/Santos184_Marquardt819_7c9a5fd6-d3a2-25e4-efb9-14cd5381d2cd.json	7c9a5fd6-d3a2-25e4-efb9-14cd5381d2cd	Santos184 Dale454 Marquardt819	1992-02-27	female
/home/glilly/work/vista-stack/HL7-FHIR-quality-testing/2026/patients/raw/synthea-1000-20260804-20260804/fhir/Scarlet110_Gaylord332_0a78415b-26d0-a078-7933-f140bffdf2f5.json	0a78415b-26d0-a078-7933-f140bffdf2f5	Scarlet110 Carli641 Gaylord332	1998-12-07	female
/home/glilly/work/vista-stack/HL7-FHIR-quality-testing/2026/patients/raw/synthea-1000-20260804-20260804/fhir/Scot349_Feil794_35a5e4cf-c4a5-5645-3b6c-0267f3e1b9de.json	35a5e4cf-c4a5-5645-3b6c-0267f3e1b9de	Scot349 Feil794	1992-06-05	male
/home/glilly/work/vista-stack/HL7-FHIR-quality-testing/2026/patients/raw/synthea-1000-20260804-20260804/fhir/Scott935_Cyndi533_Pfeffer420_75df2b2e-7aee-3000-929b-b5135c5efc7e.json	75df2b2e-7aee-3000-929b-b5135c5efc7e	Scott935 Cyndi533 Pfeffer420	1980-09-04	female
/home/glilly/work/vista-stack/HL7-FHIR-quality-testing/2026/patients/raw/synthea-1000-20260804-20260804/fhir/Selma398_Kuhlman484_a69b96d5-4fd5-d5e6-88f7-83b56c377e1e.json	a69b96d5-4fd5-d5e6-88f7-83b56c377e1e	Selma398 Evelynn217 Kuhlman484	2025-12-07	female
/home/glilly/work/vista-stack/HL7-FHIR-quality-testing/2026/patients/raw/synthea-1000-20260804-20260804/fhir/Sergio619_Veum823_820f4c79-fc4d-fbbd-3e25-ceffa1391872.json	820f4c79-fc4d-fbbd-3e25-ceffa1391872	Sergio619 Morgan564 Veum823	1992-05-28	male
/home/glilly/work/vista-stack/HL7-FHIR-quality-testing/2026/patients/raw/synthea-1000-20260804-20260804/fhir/Seth414_Barrows492_9f3d0322-e8a0-fb04-f510-5d6eff802d51.json	9f3d0322-e8a0-fb04-f510-5d6eff802d51	Seth414 Rhett759 Barrows492	2004-01-20	male
/home/glilly/work/vista-stack/HL7-FHIR-quality-testing/2026/patients/raw/synthea-1000-20260804-20260804/fhir/Shad704_Hermiston71_4b8aef42-f5ba-6cee-283b-aaf710b41aa5.json	4b8aef42-f5ba-6cee-283b-aaf710b41aa5	Shad704 Tod265 Hermiston71	1957-11-06	male
/home/glilly/work/vista-stack/HL7-FHIR-quality-testing/2026/patients/raw/synthea-1000-20260804-20260804/fhir/Shae705_Gorczany269_9baedbf4-b6c0-5d7f-6d97-776c6655ae61.json	9baedbf4-b6c0-5d7f-6d97-776c6655ae61	Shae705 Gorczany269	2004-12-22	female
/home/glilly/work/vista-stack/HL7-FHIR-quality-testing/2026/patients/raw/synthea-1000-20260804-20260804/fhir/Shan714_Dare640_ec400d95-13f8-4c92-08ce-a9579078c58e.json	ec400d95-13f8-4c92-08ce-a9579078c58e	Shan714 Dare640	1915-10-04	female
/home/glilly/work/vista-stack/HL7-FHIR-quality-testing/2026/patients/raw/synthea-1000-20260804-20260804/fhir/Shandi937_Kub800_fcf7fe0b-8b46-e4c9-c3b9-664fa8dc8572.json	fcf7fe0b-8b46-e4c9-c3b9-664fa8dc8572	Shandi937 Katrina8 Kub800	2006-12-09	female
/home/glilly/work/vista-stack/HL7-FHIR-quality-testing/2026/patients/raw/synthea-1000-20260804-20260804/fhir/Sharice315_Adena533_Johnson679_165070ac-4192-2200-72c7-1f4d2cfce096.json	165070ac-4192-2200-72c7-1f4d2cfce096	Sharice315 Adena533 Johnson679	1934-06-18	female
/home/glilly/work/vista-stack/HL7-FHIR-quality-testing/2026/patients/raw/synthea-1000-20260804-20260804/fhir/Sharlene906_Connelly992_c6ca72dc-20bf-b626-3a30-d99d0baae17a.json	c6ca72dc-20bf-b626-3a30-d99d0baae17a	Sharlene906 Joselyn874 Connelly992	2017-11-28	female
/home/glilly/work/vista-stack/HL7-FHIR-quality-testing/2026/patients/raw/synthea-1000-20260804-20260804/fhir/Sharyl439_Bins636_4263edcc-ff58-a110-ac6c-61f057f072d2.json	4263edcc-ff58-a110-ac6c-61f057f072d2	Sharyl439 Bins636	2016-11-10	female
/home/glilly/work/vista-stack/HL7-FHIR-quality-testing/2026/patients/raw/synthea-1000-20260804-20260804/fhir/Shaunda110_Ivy932_Gleichner915_5e8cc3f9-561c-81bb-9e19-b8e43f1e9b14.json	5e8cc3f9-561c-81bb-9e19-b8e43f1e9b14	Shaunda110 Ivy932 Gleichner915	1990-05-17	female
/home/glilly/work/vista-stack/HL7-FHIR-quality-testing/2026/patients/raw/synthea-1000-20260804-20260804/fhir/Shawn523_Lehner980_859d9ac7-6ae2-38d3-38d0-68b894225f45.json	859d9ac7-6ae2-38d3-38d0-68b894225f45	Shawn523 Lehner980	1976-01-23	male
/home/glilly/work/vista-stack/HL7-FHIR-quality-testing/2026/patients/raw/synthea-1000-20260804-20260804/fhir/Shayne60_Luettgen772_6616b5b7-b4e3-ef4c-c13d-c3b6d8874566.json	6616b5b7-b4e3-ef4c-c13d-c3b6d8874566	Shayne60 Ahmed109 Luettgen772	1952-11-23	male
/home/glilly/work/vista-stack/HL7-FHIR-quality-testing/2026/patients/raw/synthea-1000-20260804-20260804/fhir/Sherie778_Blick895_2165ad25-951e-920b-9c5c-05c8c05ad82d.json	2165ad25-951e-920b-9c5c-05c8c05ad82d	Sherie778 Sally227 Blick895	2015-01-10	female
/home/glilly/work/vista-stack/HL7-FHIR-quality-testing/2026/patients/raw/synthea-1000-20260804-20260804/fhir/Sherie778_O'Kon634_f228cd42-4674-8d40-46cb-c5c9b8b4dffb.json	f228cd42-4674-8d40-46cb-c5c9b8b4dffb	Sherie778 O'Kon634	1974-05-29	female
/home/glilly/work/vista-stack/HL7-FHIR-quality-testing/2026/patients/raw/synthea-1000-20260804-20260804/fhir/Sherika987_Laraine204_Harris789_d7e1f73d-c90b-15c5-96c2-a4299462a000.json	d7e1f73d-c90b-15c5-96c2-a4299462a000	Sherika987 Laraine204 Harris789	1971-10-17	female
/home/glilly/work/vista-stack/HL7-FHIR-quality-testing/2026/patients/raw/synthea-1000-20260804-20260804/fhir/Sherly665_Schoen8_12a3cd5a-3b87-0ea9-5882-60add487eb89.json	12a3cd5a-3b87-0ea9-5882-60add487eb89	Sherly665 Schoen8	1925-09-06	female
/home/glilly/work/vista-stack/HL7-FHIR-quality-testing/2026/patients/raw/synthea-1000-20260804-20260804/fhir/Sherril389_Gislason620_28e9870b-887e-a139-ff99-870defaef036.json	28e9870b-887e-a139-ff99-870defaef036	Sherril389 Shirly501 Gislason620	2013-08-30	female
/home/glilly/work/vista-stack/HL7-FHIR-quality-testing/2026/patients/raw/synthea-1000-20260804-20260804/fhir/Sherryl893_Leffler128_3f07b7b1-8726-93cc-86ea-cedcdc6a2c6e.json	3f07b7b1-8726-93cc-86ea-cedcdc6a2c6e	Sherryl893 Zora492 Leffler128	2009-07-05	female
/home/glilly/work/vista-stack/HL7-FHIR-quality-testing/2026/patients/raw/synthea-1000-20260804-20260804/fhir/Sheryl275_Breitenberg711_45f72ad6-5cd5-6252-1594-349ab000e820.json	45f72ad6-5cd5-6252-1594-349ab000e820	Sheryl275 Breitenberg711	2018-08-11	female
/home/glilly/work/vista-stack/HL7-FHIR-quality-testing/2026/patients/raw/synthea-1000-20260804-20260804/fhir/Sheryl275_Lisbeth69_Walsh511_79c1b5a1-18bf-ff20-0fe6-5e72fa1f6531.json	79c1b5a1-18bf-ff20-0fe6-5e72fa1f6531	Sheryl275 Lisbeth69 Walsh511	1969-07-15	female
/home/glilly/work/vista-stack/HL7-FHIR-quality-testing/2026/patients/raw/synthea-1000-20260804-20260804/fhir/Shirl54_Loraine318_Kerluke267_540df309-2a56-c26c-9449-96512b55b6fc.json	540df309-2a56-c26c-9449-96512b55b6fc	Shirl54 Loraine318 Kerluke267	1973-11-15	female
/home/glilly/work/vista-stack/HL7-FHIR-quality-testing/2026/patients/raw/synthea-1000-20260804-20260804/fhir/Shirlene698_Erdman779_4d5f422d-6288-1be2-d054-865f5f606683.json	4d5f422d-6288-1be2-d054-865f5f606683	Shirlene698 Erdman779	1955-10-19	female
/home/glilly/work/vista-stack/HL7-FHIR-quality-testing/2026/patients/raw/synthea-1000-20260804-20260804/fhir/Shirly501_Wyman904_8e7c58a1-24e1-cbac-0e5c-d66d270e55cd.json	8e7c58a1-24e1-cbac-0e5c-d66d270e55cd	Shirly501 Elena945 Wyman904	2004-12-09	female
/home/glilly/work/vista-stack/HL7-FHIR-quality-testing/2026/patients/raw/synthea-1000-20260804-20260804/fhir/Shon148_Gulgowski816_06ff003d-1a00-28ca-572b-58701d735fa6.json	06ff003d-1a00-28ca-572b-58701d735fa6	Shon148 Tod265 Gulgowski816	2018-10-02	male
/home/glilly/work/vista-stack/HL7-FHIR-quality-testing/2026/patients/raw/synthea-1000-20260804-20260804/fhir/Shyla233_Shonda871_Schoen8_58ed37d9-1087-8759-0fbc-f526e23aeeca.json	58ed37d9-1087-8759-0fbc-f526e23aeeca	Shyla233 Shonda871 Schoen8	1954-10-24	female
/home/glilly/work/vista-stack/HL7-FHIR-quality-testing/2026/patients/raw/synthea-1000-20260804-20260804/fhir/Sid118_Bernhard322_e51cfc88-2f18-6650-5b35-3d280446e738.json	e51cfc88-2f18-6650-5b35-3d280446e738	Sid118 Haywood675 Bernhard322	1975-10-28	male
/home/glilly/work/vista-stack/HL7-FHIR-quality-testing/2026/patients/raw/synthea-1000-20260804-20260804/fhir/Sidney996_Prohaska837_09faecb6-6c4c-0249-9774-cab0f3613beb.json	09faecb6-6c4c-0249-9774-cab0f3613beb	Sidney996 Reyes140 Prohaska837	2004-10-14	male
/home/glilly/work/vista-stack/HL7-FHIR-quality-testing/2026/patients/raw/synthea-1000-20260804-20260804/fhir/Signe792_Bradtke547_cb5ed265-b37f-a1cf-72ec-8ab01ae748b7.json	cb5ed265-b37f-a1cf-72ec-8ab01ae748b7	Signe792 Katlyn29 Bradtke547	1918-12-14	female
/home/glilly/work/vista-stack/HL7-FHIR-quality-testing/2026/patients/raw/synthea-1000-20260804-20260804/fhir/Silvia880_Jana258_Monahan736_eafab467-3dbc-a9c3-63be-734c8b75cb0f.json	eafab467-3dbc-a9c3-63be-734c8b75cb0f	Silvia880 Jana258 Monahan736	1991-11-21	female
/home/glilly/work/vista-stack/HL7-FHIR-quality-testing/2026/patients/raw/synthea-1000-20260804-20260804/fhir/Silvia880_Puente961_167d06b4-f7d8-374c-084a-33f3489c4e21.json	167d06b4-f7d8-374c-084a-33f3489c4e21	Silvia880 Elsa29 Puente961	1972-07-05	female
/home/glilly/work/vista-stack/HL7-FHIR-quality-testing/2026/patients/raw/synthea-1000-20260804-20260804/fhir/Sol312_Hirthe744_9d047e93-b21b-dc88-82ed-f22d73a63f27.json	9d047e93-b21b-dc88-82ed-f22d73a63f27	Sol312 Isa815 Hirthe744	1990-05-17	female
/home/glilly/work/vista-stack/HL7-FHIR-quality-testing/2026/patients/raw/synthea-1000-20260804-20260804/fhir/Solomon675_Pollich983_3dff07ec-9f2f-881d-4c60-02c03d0c9285.json	3dff07ec-9f2f-881d-4c60-02c03d0c9285	Solomon675 Lou594 Pollich983	1976-02-10	male
/home/glilly/work/vista-stack/HL7-FHIR-quality-testing/2026/patients/raw/synthea-1000-20260804-20260804/fhir/Sommer719_Calandra120_O'Connell601_290e15a6-2f51-b87c-6f92-42cb76f6f747.json	290e15a6-2f51-b87c-6f92-42cb76f6f747	Sommer719 Calandra120 O'Connell601	1997-03-17	female
/home/glilly/work/vista-stack/HL7-FHIR-quality-testing/2026/patients/raw/synthea-1000-20260804-20260804/fhir/Song837_Nikole56_Dickinson688_f740c6e5-8e73-901f-8abd-af6ffb836195.json	f740c6e5-8e73-901f-8abd-af6ffb836195	Song837 Nikole56 Dickinson688	1982-03-03	female
/home/glilly/work/vista-stack/HL7-FHIR-quality-testing/2026/patients/raw/synthea-1000-20260804-20260804/fhir/Sonia106_Esperanza675_Granados71_c865f2c5-b548-0921-3b20-766981d71f82.json	c865f2c5-b548-0921-3b20-766981d71f82	Sonia106 Esperanza675 Granados71	1978-09-16	female
/home/glilly/work/vista-stack/HL7-FHIR-quality-testing/2026/patients/raw/synthea-1000-20260804-20260804/fhir/Sonia106_Huerta329_d9d95f45-aed6-7e19-cdc2-69b0042f5a58.json	d9d95f45-aed6-7e19-cdc2-69b0042f5a58	Sonia106 Irene779 Huerta329	1999-12-11	female
/home/glilly/work/vista-stack/HL7-FHIR-quality-testing/2026/patients/raw/synthea-1000-20260804-20260804/fhir/Sonia106_Micaela928_Morales679_6b813d8d-de22-29b7-5ec4-e90f7a0ce209.json	6b813d8d-de22-29b7-5ec4-e90f7a0ce209	Sonia106 Micaela928 Morales679	1957-07-20	female
/home/glilly/work/vista-stack/HL7-FHIR-quality-testing/2026/patients/raw/synthea-1000-20260804-20260804/fhir/Stanton715_Rice937_0938c932-3781-db08-77e2-d74b020b7fc5.json	0938c932-3781-db08-77e2-d74b020b7fc5	Stanton715 Odell776 Rice937	2001-11-12	male
/home/glilly/work/vista-stack/HL7-FHIR-quality-testing/2026/patients/raw/synthea-1000-20260804-20260804/fhir/Stefan297_Roberts511_c7232ea2-7311-3b1c-cd34-d3b9921b441e.json	c7232ea2-7311-3b1c-cd34-d3b9921b441e	Stefan297 Buck819 Roberts511	1982-07-26	male
/home/glilly/work/vista-stack/HL7-FHIR-quality-testing/2026/patients/raw/synthea-1000-20260804-20260804/fhir/Stepanie29_Dibbert990_0b1b2a5c-97a2-c75a-c38d-da1b385558db.json	0b1b2a5c-97a2-c75a-c38d-da1b385558db	Stepanie29 Dibbert990	1948-05-03	female
