bundle_path	http_code	ien	dfn	response_file
/home/glilly/work/vista-stack/HL7-FHIR-quality-testing/2026/patients/raw/synthea-1000-20260804-20260804/fhir/Abe604_Altenwerth646_99639777-7031-6c54-cbd5-c5608245b710.json	201	20	23	2026/patients/ingest-responses-rpmsfhir-1000-20260804/ingest-response-2.json
/home/glilly/work/vista-stack/HL7-FHIR-quality-testing/2026/patients/raw/synthea-1000-20260804-20260804/fhir/Abdul218_Schaefer657_4720e71f-6f56-c8db-aaa4-64b3992cdc49.json	201	20	24	2026/patients/ingest-responses-rpmsfhir-1000-20260804/ingest-response-1.json
/home/glilly/work/vista-stack/HL7-FHIR-quality-testing/2026/patients/raw/synthea-1000-20260804-20260804/fhir/Abe604_Kozey370_554c27b5-6d9a-c362-c089-b79e258944e4.json	201	21	25	2026/patients/ingest-responses-rpmsfhir-1000-20260804/ingest-response-3.json
/home/glilly/work/vista-stack/HL7-FHIR-quality-testing/2026/patients/raw/synthea-1000-20260804-20260804/fhir/Abe604_Price929_9abb8ebc-cb99-e832-2c9c-4b34dd4fadbf.json	201	22	26	2026/patients/ingest-responses-rpmsfhir-1000-20260804/ingest-response-4.json
/home/glilly/work/vista-stack/HL7-FHIR-quality-testing/2026/patients/raw/synthea-1000-20260804-20260804/fhir/Abel832_Barton704_f1704319-b02f-317f-9cd9-a73faa1ad80d.json	201	23	27	2026/patients/ingest-responses-rpmsfhir-1000-20260804/ingest-response-5.json
/home/glilly/work/vista-stack/HL7-FHIR-quality-testing/2026/patients/raw/synthea-1000-20260804-20260804/fhir/Ada662_Lynch190_8f90ce44-b087-7e73-3672-dde2ca24eea3.json	201	24	28	2026/patients/ingest-responses-rpmsfhir-1000-20260804/ingest-response-6.json
/home/glilly/work/vista-stack/HL7-FHIR-quality-testing/2026/patients/raw/synthea-1000-20260804-20260804/fhir/Adalberto916_Deckow585_bc4e33be-6ff6-8b3f-95d9-6436614bc2b4.json	201	25	29	2026/patients/ingest-responses-rpmsfhir-1000-20260804/ingest-response-7.json
/home/glilly/work/vista-stack/HL7-FHIR-quality-testing/2026/patients/raw/synthea-1000-20260804-20260804/fhir/Adam631_Pfannerstill264_639455c5-ebba-81e1-1a1d-df57c0cd3a2e.json	201	26	30	2026/patients/ingest-responses-rpmsfhir-1000-20260804/ingest-response-8.json
/home/glilly/work/vista-stack/HL7-FHIR-quality-testing/2026/patients/raw/synthea-1000-20260804-20260804/fhir/Adela471_Medina536_6f7430a6-1fa5-5dc3-bcb0-b0a5f66a8f8d.json	201	27	31	2026/patients/ingest-responses-rpmsfhir-1000-20260804/ingest-response-9.json
/home/glilly/work/vista-stack/HL7-FHIR-quality-testing/2026/patients/raw/synthea-1000-20260804-20260804/fhir/Adelaida985_Chan58_Franecki195_fbf9451d-2590-2c27-6811-c50629918151.json	201	28	32	2026/patients/ingest-responses-rpmsfhir-1000-20260804/ingest-response-10.json
/home/glilly/work/vista-stack/HL7-FHIR-quality-testing/2026/patients/raw/synthea-1000-20260804-20260804/fhir/Adelaide981_McLaughlin530_59a5b241-2080-b89c-4ced-9493c311c67c.json	201	29	33	2026/patients/ingest-responses-rpmsfhir-1000-20260804/ingest-response-11.json
/home/glilly/work/vista-stack/HL7-FHIR-quality-testing/2026/patients/raw/synthea-1000-20260804-20260804/fhir/Adena533_Hildegard72_Schaefer657_658aed88-eeab-7f2a-32d3-394c938503a8.json	201	30	34	2026/patients/ingest-responses-rpmsfhir-1000-20260804/ingest-response-13.json
/home/glilly/work/vista-stack/HL7-FHIR-quality-testing/2026/patients/raw/synthea-1000-20260804-20260804/fhir/Adriane398_Gaylord332_63ebece3-f9b1-48ee-5b90-bf2e6a580543.json	201	32	36	2026/patients/ingest-responses-rpmsfhir-1000-20260804/ingest-response-14.json
/home/glilly/work/vista-stack/HL7-FHIR-quality-testing/2026/patients/raw/synthea-1000-20260804-20260804/fhir/Agueda283_Moen819_e78cce68-6772-5ba5-81e8-dd2f00be4f37.json	201	33	37	2026/patients/ingest-responses-rpmsfhir-1000-20260804/ingest-response-15.json
/home/glilly/work/vista-stack/HL7-FHIR-quality-testing/2026/patients/raw/synthea-1000-20260804-20260804/fhir/Agustin437_Emmerich580_04cca7c0-a861-4f38-9cfc-eb0acac1f72d.json	201	34	38	2026/patients/ingest-responses-rpmsfhir-1000-20260804/ingest-response-16.json
/home/glilly/work/vista-stack/HL7-FHIR-quality-testing/2026/patients/raw/synthea-1000-20260804-20260804/fhir/Adeline686_Renner328_5235064f-4221-9094-3ba2-c126b832fc58.json	201	31	35	2026/patients/ingest-responses-rpmsfhir-1000-20260804/ingest-response-12.json
/home/glilly/work/vista-stack/HL7-FHIR-quality-testing/2026/patients/raw/synthea-1000-20260804-20260804/fhir/Alberto639_Mertz280_4123c3a8-dd3c-c8f4-7020-6a1391fe1410.json	201	36	40	2026/patients/ingest-responses-rpmsfhir-1000-20260804/ingest-response-18.json
/home/glilly/work/vista-stack/HL7-FHIR-quality-testing/2026/patients/raw/synthea-1000-20260804-20260804/fhir/Albertha209_Shawnda528_Smitham825_5832b4d8-b9aa-b1ec-5055-92b33d3cd1aa.json	201	35	39	2026/patients/ingest-responses-rpmsfhir-1000-20260804/ingest-response-17.json
/home/glilly/work/vista-stack/HL7-FHIR-quality-testing/2026/patients/raw/synthea-1000-20260804-20260804/fhir/Alec433_Dickinson688_810bde10-5b2d-3a23-c2b3-a8c45bbce80d.json	201	37	41	2026/patients/ingest-responses-rpmsfhir-1000-20260804/ingest-response-19.json
/home/glilly/work/vista-stack/HL7-FHIR-quality-testing/2026/patients/raw/synthea-1000-20260804-20260804/fhir/Alejandro916_Carrera906_92ecbf0b-37cb-83e5-fcc8-294e49ce22ab.json	201	38	42	2026/patients/ingest-responses-rpmsfhir-1000-20260804/ingest-response-20.json
/home/glilly/work/vista-stack/HL7-FHIR-quality-testing/2026/patients/raw/synthea-1000-20260804-20260804/fhir/Alejandro916_Hilpert278_79118bc4-5fa1-faf0-bb7d-6385b9b48b3c.json	201	39	43	2026/patients/ingest-responses-rpmsfhir-1000-20260804/ingest-response-21.json
/home/glilly/work/vista-stack/HL7-FHIR-quality-testing/2026/patients/raw/synthea-1000-20260804-20260804/fhir/Aleshia311_Hortensia953_Metz686_38c50ff2-b38c-b578-4211-10479914816b.json	201	40	44	2026/patients/ingest-responses-rpmsfhir-1000-20260804/ingest-response-22.json
/home/glilly/work/vista-stack/HL7-FHIR-quality-testing/2026/patients/raw/synthea-1000-20260804-20260804/fhir/Aleta47_Sporer811_0f665835-930f-5e1f-c0cd-022656f8c145.json	201	41	45	2026/patients/ingest-responses-rpmsfhir-1000-20260804/ingest-response-23.json
/home/glilly/work/vista-stack/HL7-FHIR-quality-testing/2026/patients/raw/synthea-1000-20260804-20260804/fhir/Alexis664_Pouros728_177a6086-7844-e4d8-296d-21eace0f21d6.json	201	43	47	2026/patients/ingest-responses-rpmsfhir-1000-20260804/ingest-response-25.json
/home/glilly/work/vista-stack/HL7-FHIR-quality-testing/2026/patients/raw/synthea-1000-20260804-20260804/fhir/Alfonso758_Bravo546_d7c1e327-6f7e-f56a-29da-8331921be7d6.json	201	44	48	2026/patients/ingest-responses-rpmsfhir-1000-20260804/ingest-response-26.json
/home/glilly/work/vista-stack/HL7-FHIR-quality-testing/2026/patients/raw/synthea-1000-20260804-20260804/fhir/Alex454_Hammes673_f0c3e753-6423-81d2-a8ed-f054afa649a8.json	201	42	46	2026/patients/ingest-responses-rpmsfhir-1000-20260804/ingest-response-24.json
/home/glilly/work/vista-stack/HL7-FHIR-quality-testing/2026/patients/raw/synthea-1000-20260804-20260804/fhir/Alfred550_Koelpin146_e7fe021e-ae86-dc79-f131-db82b38771c8.json	201	46	50	2026/patients/ingest-responses-rpmsfhir-1000-20260804/ingest-response-28.json
/home/glilly/work/vista-stack/HL7-FHIR-quality-testing/2026/patients/raw/synthea-1000-20260804-20260804/fhir/Alfonso758_Schultz619_29b7bcb8-39a0-6fed-90b9-e7b3e1e91341.json	201	45	49	2026/patients/ingest-responses-rpmsfhir-1000-20260804/ingest-response-27.json
/home/glilly/work/vista-stack/HL7-FHIR-quality-testing/2026/patients/raw/synthea-1000-20260804-20260804/fhir/Alfred550_Schmidt332_ce6c7f8b-c573-f6bc-fe3a-74fc344976b6.json	201	47	51	2026/patients/ingest-responses-rpmsfhir-1000-20260804/ingest-response-29.json
/home/glilly/work/vista-stack/HL7-FHIR-quality-testing/2026/patients/raw/synthea-1000-20260804-20260804/fhir/Alfredo17_Bashirian201_3e916798-c57e-aac3-b44f-02e411178540.json	201	48	52	2026/patients/ingest-responses-rpmsfhir-1000-20260804/ingest-response-30.json
/home/glilly/work/vista-stack/HL7-FHIR-quality-testing/2026/patients/raw/synthea-1000-20260804-20260804/fhir/Alishia395_Homenick806_4053e894-29a4-33f6-ed57-69bf45c7ae49.json	201	50	54	2026/patients/ingest-responses-rpmsfhir-1000-20260804/ingest-response-32.json
/home/glilly/work/vista-stack/HL7-FHIR-quality-testing/2026/patients/raw/synthea-1000-20260804-20260804/fhir/Ali918_Miller503_4e20a6f2-3dfa-b630-eb7c-eb59cee60ecb.json	201	49	53	2026/patients/ingest-responses-rpmsfhir-1000-20260804/ingest-response-31.json
/home/glilly/work/vista-stack/HL7-FHIR-quality-testing/2026/patients/raw/synthea-1000-20260804-20260804/fhir/Alla648_Abbott774_c78d9ca1-8bc8-9658-0178-81ec7b41949f.json	201	51	55	2026/patients/ingest-responses-rpmsfhir-1000-20260804/ingest-response-33.json
/home/glilly/work/vista-stack/HL7-FHIR-quality-testing/2026/patients/raw/synthea-1000-20260804-20260804/fhir/Allen322_Wyman904_ce8db9f4-dc79-483b-35c4-1d4b2f5398ff.json	201	52	56	2026/patients/ingest-responses-rpmsfhir-1000-20260804/ingest-response-35.json
/home/glilly/work/vista-stack/HL7-FHIR-quality-testing/2026/patients/raw/synthea-1000-20260804-20260804/fhir/Allyson474_Goldie436_Koepp521_e0ab26f2-2f53-0209-ff71-a82d8b908f0e.json	201	53	57	2026/patients/ingest-responses-rpmsfhir-1000-20260804/ingest-response-36.json
/home/glilly/work/vista-stack/HL7-FHIR-quality-testing/2026/patients/raw/synthea-1000-20260804-20260804/fhir/Allegra202_Cathryn51_Marquardt819_0d88591f-6485-031a-204e-b01cff437ca0.json	000			2026/patients/ingest-responses-rpmsfhir-1000-20260804/ingest-response-34.json
/home/glilly/work/vista-stack/HL7-FHIR-quality-testing/2026/patients/raw/synthea-1000-20260804-20260804/fhir/Almeda560_Rau926_4ed2c308-c0b3-c7b9-6420-db1198656bf4.json	000			2026/patients/ingest-responses-rpmsfhir-1000-20260804/ingest-response-37.json
/home/glilly/work/vista-stack/HL7-FHIR-quality-testing/2026/patients/raw/synthea-1000-20260804-20260804/fhir/Alonso270_Willms744_a7a6fd6b-f3b0-ee47-dab7-9700fd43f852.json	201	56	60	2026/patients/ingest-responses-rpmsfhir-1000-20260804/ingest-response-38.json
/home/glilly/work/vista-stack/HL7-FHIR-quality-testing/2026/patients/raw/synthea-1000-20260804-20260804/fhir/Alva958_Gema698_Walter473_02aa5ce4-847d-1a9c-16b8-d54520a88a10.json	201	57	61	2026/patients/ingest-responses-rpmsfhir-1000-20260804/ingest-response-39.json
/home/glilly/work/vista-stack/HL7-FHIR-quality-testing/2026/patients/raw/synthea-1000-20260804-20260804/fhir/Alva958_Wilkinson796_bdd476b4-f243-c8ea-ce1e-2b2122cb22c0.json	000			2026/patients/ingest-responses-rpmsfhir-1000-20260804/ingest-response-40.json
/home/glilly/work/vista-stack/HL7-FHIR-quality-testing/2026/patients/raw/synthea-1000-20260804-20260804/fhir/Alysa236_Koelpin146_be162e42-136d-e438-85ba-f8aced0dcc11.json	201	62	67	2026/patients/ingest-responses-rpmsfhir-1000-20260804/ingest-response-42.json
/home/glilly/work/vista-stack/HL7-FHIR-quality-testing/2026/patients/raw/synthea-1000-20260804-20260804/fhir/Alva958_Williamson769_11d7079b-6a1a-5714-beaa-3615c0bde7c5.json	000			2026/patients/ingest-responses-rpmsfhir-1000-20260804/ingest-response-41.json
/home/glilly/work/vista-stack/HL7-FHIR-quality-testing/2026/patients/raw/synthea-1000-20260804-20260804/fhir/Alyse240_Stanton715_40d3a740-3e66-3786-d256-6f4cfa1da26b.json	201	63	69	2026/patients/ingest-responses-rpmsfhir-1000-20260804/ingest-response-43.json
/home/glilly/work/vista-stack/HL7-FHIR-quality-testing/2026/patients/raw/synthea-1000-20260804-20260804/fhir/Amado512_Nader710_e75ffa48-46aa-30cf-deca-60e8348da145.json	201	64	70	2026/patients/ingest-responses-rpmsfhir-1000-20260804/ingest-response-45.json
/home/glilly/work/vista-stack/HL7-FHIR-quality-testing/2026/patients/raw/synthea-1000-20260804-20260804/fhir/Ambrose149_Ruecker817_f8bb8a59-5a0b-b9b9-24a9-d64345444e68.json	201	65	73	2026/patients/ingest-responses-rpmsfhir-1000-20260804/ingest-response-46.json
/home/glilly/work/vista-stack/HL7-FHIR-quality-testing/2026/patients/raw/synthea-1000-20260804-20260804/fhir/Ambrose149_Senger904_dbae3d79-5cfb-e9a9-6263-cdac03457ffc.json	201	67	75	2026/patients/ingest-responses-rpmsfhir-1000-20260804/ingest-response-47.json
/home/glilly/work/vista-stack/HL7-FHIR-quality-testing/2026/patients/raw/synthea-1000-20260804-20260804/fhir/Amparo58_Hintz995_f41ab85e-ca14-7965-b03a-5c3ec955186f.json	201	69	77	2026/patients/ingest-responses-rpmsfhir-1000-20260804/ingest-response-48.json
/home/glilly/work/vista-stack/HL7-FHIR-quality-testing/2026/patients/raw/synthea-1000-20260804-20260804/fhir/Amado512_Haley279_5698c453-d3e3-e99c-cc8f-7d7dba887b70.json	000			2026/patients/ingest-responses-rpmsfhir-1000-20260804/ingest-response-44.json
/home/glilly/work/vista-stack/HL7-FHIR-quality-testing/2026/patients/raw/synthea-1000-20260804-20260804/fhir/Anabel269_Vashti163_Welch179_50a4b8b6-b672-273e-a6ae-f3d67abfff81.json	201	71	79	2026/patients/ingest-responses-rpmsfhir-1000-20260804/ingest-response-50.json
/home/glilly/work/vista-stack/HL7-FHIR-quality-testing/2026/patients/raw/synthea-1000-20260804-20260804/fhir/Anderson154_Ortiz186_0b4966da-2b7c-7fd9-d2cb-da36142406d2.json	201	72	81	2026/patients/ingest-responses-rpmsfhir-1000-20260804/ingest-response-51.json
/home/glilly/work/vista-stack/HL7-FHIR-quality-testing/2026/patients/raw/synthea-1000-20260804-20260804/fhir/Andra606_Blick895_a470757c-c992-4577-425c-04d4794d4b55.json	201	73	82	2026/patients/ingest-responses-rpmsfhir-1000-20260804/ingest-response-52.json
/home/glilly/work/vista-stack/HL7-FHIR-quality-testing/2026/patients/raw/synthea-1000-20260804-20260804/fhir/Andre610_Haley279_f88b1522-2c4a-f43d-cc44-f1bfb7b16c0d.json	201	74	83	2026/patients/ingest-responses-rpmsfhir-1000-20260804/ingest-response-53.json
/home/glilly/work/vista-stack/HL7-FHIR-quality-testing/2026/patients/raw/synthea-1000-20260804-20260804/fhir/Andrew29_Hilll811_6f41d608-7ed1-d070-6446-30f71f831fe9.json	201	75	85	2026/patients/ingest-responses-rpmsfhir-1000-20260804/ingest-response-54.json
/home/glilly/work/vista-stack/HL7-FHIR-quality-testing/2026/patients/raw/synthea-1000-20260804-20260804/fhir/Andria131_Kozey370_cbca5d6a-cfe6-c25f-596b-373dd784e52c.json	201	76	86	2026/patients/ingest-responses-rpmsfhir-1000-20260804/ingest-response-55.json
/home/glilly/work/vista-stack/HL7-FHIR-quality-testing/2026/patients/raw/synthea-1000-20260804-20260804/fhir/Andy346_Upton904_bfec881c-4685-3f67-e857-1325684560ad.json	201	77	87	2026/patients/ingest-responses-rpmsfhir-1000-20260804/ingest-response-56.json
/home/glilly/work/vista-stack/HL7-FHIR-quality-testing/2026/patients/raw/synthea-1000-20260804-20260804/fhir/Angel97_Hills818_4eb0c717-bbcb-a37a-e47e-f3f3f23cf391.json	201	78	89	2026/patients/ingest-responses-rpmsfhir-1000-20260804/ingest-response-57.json
/home/glilly/work/vista-stack/HL7-FHIR-quality-testing/2026/patients/raw/synthea-1000-20260804-20260804/fhir/Amy965_Aracelis412_Beier427_71d906e9-aae1-ba3c-f059-e3ffbfd6852b.json	000			2026/patients/ingest-responses-rpmsfhir-1000-20260804/ingest-response-49.json
/home/glilly/work/vista-stack/HL7-FHIR-quality-testing/2026/patients/raw/synthea-1000-20260804-20260804/fhir/Angelia425_Patrice780_Koss676_ce43bf55-63f7-310e-84d5-0bef6d7320df.json	201	79	90	2026/patients/ingest-responses-rpmsfhir-1000-20260804/ingest-response-58.json
/home/glilly/work/vista-stack/HL7-FHIR-quality-testing/2026/patients/raw/synthea-1000-20260804-20260804/fhir/Angelo118_O'Keefe54_9bdcf727-9b69-6b3b-f386-2569ed651618.json	201	80	91	2026/patients/ingest-responses-rpmsfhir-1000-20260804/ingest-response-59.json
/home/glilly/work/vista-stack/HL7-FHIR-quality-testing/2026/patients/raw/synthea-1000-20260804-20260804/fhir/Anh979_Kozey370_a88d0eb5-eac9-017d-f305-b9bddf7e5c61.json	201	81	92	2026/patients/ingest-responses-rpmsfhir-1000-20260804/ingest-response-60.json
/home/glilly/work/vista-stack/HL7-FHIR-quality-testing/2026/patients/raw/synthea-1000-20260804-20260804/fhir/Ann985_Jeannine438_Grimes165_18ffd58f-0f70-5cd7-04a4-7217952a8949.json	201	82	93	2026/patients/ingest-responses-rpmsfhir-1000-20260804/ingest-response-61.json
/home/glilly/work/vista-stack/HL7-FHIR-quality-testing/2026/patients/raw/synthea-1000-20260804-20260804/fhir/Annabelle638_Reita211_Bayer639_6efda8b0-a115-95f4-32e6-2725899e7806.json	201	83	94	2026/patients/ingest-responses-rpmsfhir-1000-20260804/ingest-response-62.json
/home/glilly/work/vista-stack/HL7-FHIR-quality-testing/2026/patients/raw/synthea-1000-20260804-20260804/fhir/Anneliese170_Sheron583_Marks830_83eff7af-372d-935d-db47-5d50a7a799a1.json	201	84	95	2026/patients/ingest-responses-rpmsfhir-1000-20260804/ingest-response-63.json
/home/glilly/work/vista-stack/HL7-FHIR-quality-testing/2026/patients/raw/synthea-1000-20260804-20260804/fhir/Annie941_Jacobi462_7a7c228a-d279-e3b6-2a24-d75bfabf3712.json	201	86	97	2026/patients/ingest-responses-rpmsfhir-1000-20260804/ingest-response-65.json
/home/glilly/work/vista-stack/HL7-FHIR-quality-testing/2026/patients/raw/synthea-1000-20260804-20260804/fhir/Annemarie794_Littel644_b5c4de9b-827e-246f-b7e3-1329e219600b.json	201	85	96	2026/patients/ingest-responses-rpmsfhir-1000-20260804/ingest-response-64.json
/home/glilly/work/vista-stack/HL7-FHIR-quality-testing/2026/patients/raw/synthea-1000-20260804-20260804/fhir/Annmarie79_Turner526_a7d54f09-7182-db6a-f108-45c6a181911a.json	201	87	98	2026/patients/ingest-responses-rpmsfhir-1000-20260804/ingest-response-66.json
/home/glilly/work/vista-stack/HL7-FHIR-quality-testing/2026/patients/raw/synthea-1000-20260804-20260804/fhir/Anton902_West559_310ae2cc-5054-06a5-bf96-fdef2cd6fda8.json	201	88	99	2026/patients/ingest-responses-rpmsfhir-1000-20260804/ingest-response-67.json
/home/glilly/work/vista-stack/HL7-FHIR-quality-testing/2026/patients/raw/synthea-1000-20260804-20260804/fhir/Antonia30_Hickle134_371c045b-6c91-1f8b-fb22-6f5df457095a.json	201	89	100	2026/patients/ingest-responses-rpmsfhir-1000-20260804/ingest-response-68.json
/home/glilly/work/vista-stack/HL7-FHIR-quality-testing/2026/patients/raw/synthea-1000-20260804-20260804/fhir/Antonia30_Marisol435_Espinal146_9ac54ade-ba1e-bb94-c578-c8121921cf19.json	201	90	102	2026/patients/ingest-responses-rpmsfhir-1000-20260804/ingest-response-69.json
/home/glilly/work/vista-stack/HL7-FHIR-quality-testing/2026/patients/raw/synthea-1000-20260804-20260804/fhir/Antonio44_Kautzer186_a765974b-1bc6-698f-73bc-4fcbfb96c55f.json	201	91	103	2026/patients/ingest-responses-rpmsfhir-1000-20260804/ingest-response-70.json
/home/glilly/work/vista-stack/HL7-FHIR-quality-testing/2026/patients/raw/synthea-1000-20260804-20260804/fhir/Antonio44_Prosacco716_b95ef530-284e-954b-1ff0-2b40fa693cd9.json	201	92	104	2026/patients/ingest-responses-rpmsfhir-1000-20260804/ingest-response-71.json
/home/glilly/work/vista-stack/HL7-FHIR-quality-testing/2026/patients/raw/synthea-1000-20260804-20260804/fhir/Ardelle563_Baumbach677_013dcf1e-a53a-9542-992f-c303956ff5cd.json	201	93	105	2026/patients/ingest-responses-rpmsfhir-1000-20260804/ingest-response-73.json
/home/glilly/work/vista-stack/HL7-FHIR-quality-testing/2026/patients/raw/synthea-1000-20260804-20260804/fhir/Ardelle563_Gottlieb798_c8886eac-b4a5-5204-7107-4b6c3a2b338b.json	201	94	106	2026/patients/ingest-responses-rpmsfhir-1000-20260804/ingest-response-74.json
/home/glilly/work/vista-stack/HL7-FHIR-quality-testing/2026/patients/raw/synthea-1000-20260804-20260804/fhir/Argentina169_McClure239_84b57223-cf44-c71c-2cfe-7bd9aa658ef5.json	201	95	107	2026/patients/ingest-responses-rpmsfhir-1000-20260804/ingest-response-75.json
/home/glilly/work/vista-stack/HL7-FHIR-quality-testing/2026/patients/raw/synthea-1000-20260804-20260804/fhir/Apryl870_Kuphal363_620fcf13-6729-351b-2693-bbfe3a89e660.json	000			2026/patients/ingest-responses-rpmsfhir-1000-20260804/ingest-response-72.json
/home/glilly/work/vista-stack/HL7-FHIR-quality-testing/2026/patients/raw/synthea-1000-20260804-20260804/fhir/Ariel183_Gorczany269_8de8cbaa-4326-d584-3953-ebb2a4335abc.json	201	96	109	2026/patients/ingest-responses-rpmsfhir-1000-20260804/ingest-response-77.json
/home/glilly/work/vista-stack/HL7-FHIR-quality-testing/2026/patients/raw/synthea-1000-20260804-20260804/fhir/Ariane992_Kshlerin58_2aed6d3c-67b5-3b3e-e678-999dd11b9a11.json	000			2026/patients/ingest-responses-rpmsfhir-1000-20260804/ingest-response-76.json
/home/glilly/work/vista-stack/HL7-FHIR-quality-testing/2026/patients/raw/synthea-1000-20260804-20260804/fhir/Arielle168_Hahn503_7cf9e150-407f-7b0d-2560-24acc8424101.json	201	97	111	2026/patients/ingest-responses-rpmsfhir-1000-20260804/ingest-response-78.json
/home/glilly/work/vista-stack/HL7-FHIR-quality-testing/2026/patients/raw/synthea-1000-20260804-20260804/fhir/Armand155_Farrell962_6bc77f37-699e-0ff1-5f5f-0ae83ddf3ed0.json	201	98	113	2026/patients/ingest-responses-rpmsfhir-1000-20260804/ingest-response-80.json
/home/glilly/work/vista-stack/HL7-FHIR-quality-testing/2026/patients/raw/synthea-1000-20260804-20260804/fhir/Arnulfo253_Windler79_c4da419e-e4c5-3eb9-9ba3-66eb388d7a71.json	201	99	115	2026/patients/ingest-responses-rpmsfhir-1000-20260804/ingest-response-81.json
/home/glilly/work/vista-stack/HL7-FHIR-quality-testing/2026/patients/raw/synthea-1000-20260804-20260804/fhir/Arlen68_Rodriguez71_e2e6a4aa-cc34-7b3e-c601-59341502b754.json	000			2026/patients/ingest-responses-rpmsfhir-1000-20260804/ingest-response-79.json
/home/glilly/work/vista-stack/HL7-FHIR-quality-testing/2026/patients/raw/synthea-1000-20260804-20260804/fhir/Arron144_Stracke611_5573f290-6ad0-1fbe-0202-8b11817962b2.json	000			2026/patients/ingest-responses-rpmsfhir-1000-20260804/ingest-response-82.json
/home/glilly/work/vista-stack/HL7-FHIR-quality-testing/2026/patients/raw/synthea-1000-20260804-20260804/fhir/Art115_Gerlach374_f6250ed6-01c5-663e-0537-e7a20369333f.json	000			2026/patients/ingest-responses-rpmsfhir-1000-20260804/ingest-response-83.json
/home/glilly/work/vista-stack/HL7-FHIR-quality-testing/2026/patients/raw/synthea-1000-20260804-20260804/fhir/Arturo47_Hartmann983_edf02259-1edb-e916-7707-1a9b4e1f5be8.json	201	106	125	2026/patients/ingest-responses-rpmsfhir-1000-20260804/ingest-response-85.json
/home/glilly/work/vista-stack/HL7-FHIR-quality-testing/2026/patients/raw/synthea-1000-20260804-20260804/fhir/Art115_O'Reilly797_789da6f1-a220-048e-8f17-649cfac92f1a.json	000			2026/patients/ingest-responses-rpmsfhir-1000-20260804/ingest-response-84.json
/home/glilly/work/vista-stack/HL7-FHIR-quality-testing/2026/patients/raw/synthea-1000-20260804-20260804/fhir/Ashly243_Klocko335_dc461bca-b843-afe4-45ed-b97ca9daab27.json	201	109	130	2026/patients/ingest-responses-rpmsfhir-1000-20260804/ingest-response-87.json
/home/glilly/work/vista-stack/HL7-FHIR-quality-testing/2026/patients/raw/synthea-1000-20260804-20260804/fhir/Ashton21_Bashirian201_5e12cbc0-8353-b2cb-8d8a-52415948c498.json	201	111	132	2026/patients/ingest-responses-rpmsfhir-1000-20260804/ingest-response-88.json
/home/glilly/work/vista-stack/HL7-FHIR-quality-testing/2026/patients/raw/synthea-1000-20260804-20260804/fhir/Ashely524_Cleta89_Hayes766_8693680b-ba2c-ba9e-f3fb-e45ceeea9b62.json	201	112	133	2026/patients/ingest-responses-rpmsfhir-1000-20260804/ingest-response-86.json
/home/glilly/work/vista-stack/HL7-FHIR-quality-testing/2026/patients/raw/synthea-1000-20260804-20260804/fhir/Augustine565_Goodwin327_307eb09e-7f88-b392-9c2c-ae0da4e18bbe.json	201	114	135	2026/patients/ingest-responses-rpmsfhir-1000-20260804/ingest-response-90.json
/home/glilly/work/vista-stack/HL7-FHIR-quality-testing/2026/patients/raw/synthea-1000-20260804-20260804/fhir/Augustus49_Sporer811_b7ff1102-ad01-9ae2-1aef-50eb52c436d3.json	201	116	137	2026/patients/ingest-responses-rpmsfhir-1000-20260804/ingest-response-91.json
/home/glilly/work/vista-stack/HL7-FHIR-quality-testing/2026/patients/raw/synthea-1000-20260804-20260804/fhir/Audie868_Grant908_e3b2be4f-59b5-27dc-f665-dfc65de97628.json	000			2026/patients/ingest-responses-rpmsfhir-1000-20260804/ingest-response-89.json
/home/glilly/work/vista-stack/HL7-FHIR-quality-testing/2026/patients/raw/synthea-1000-20260804-20260804/fhir/Aurelio227_Schoen8_4915a5d8-d956-fe06-5b6d-2e86e4a5f7c0.json	201	119	140	2026/patients/ingest-responses-rpmsfhir-1000-20260804/ingest-response-92.json
/home/glilly/work/vista-stack/HL7-FHIR-quality-testing/2026/patients/raw/synthea-1000-20260804-20260804/fhir/Austin578_Heathcote539_019e0508-9464-33a5-12e2-4978a37c7f86.json	201	120	141	2026/patients/ingest-responses-rpmsfhir-1000-20260804/ingest-response-93.json
/home/glilly/work/vista-stack/HL7-FHIR-quality-testing/2026/patients/raw/synthea-1000-20260804-20260804/fhir/Austin578_Williamson769_47802248-7d2b-1e3f-c72a-195760c69edb.json	201	121	142	2026/patients/ingest-responses-rpmsfhir-1000-20260804/ingest-response-94.json
/home/glilly/work/vista-stack/HL7-FHIR-quality-testing/2026/patients/raw/synthea-1000-20260804-20260804/fhir/Avis183_Nikole56_Zieme486_a368dd9f-0e41-ec91-73d7-fe04d6cf9b0e.json	201	122	143	2026/patients/ingest-responses-rpmsfhir-1000-20260804/ingest-response-95.json
/home/glilly/work/vista-stack/HL7-FHIR-quality-testing/2026/patients/raw/synthea-1000-20260804-20260804/fhir/Azalee124_Graham902_a3b46f9c-4d17-d996-82c9-8441ce59e7dd.json	201	123	144	2026/patients/ingest-responses-rpmsfhir-1000-20260804/ingest-response-96.json
/home/glilly/work/vista-stack/HL7-FHIR-quality-testing/2026/patients/raw/synthea-1000-20260804-20260804/fhir/Babara869_Elfriede680_Rosenbaum794_55a01e26-a31c-4c5e-e5e4-e32653e29264.json	201	124	145	2026/patients/ingest-responses-rpmsfhir-1000-20260804/ingest-response-97.json
/home/glilly/work/vista-stack/HL7-FHIR-quality-testing/2026/patients/raw/synthea-1000-20260804-20260804/fhir/Barbara209_Sherie778_Wehner319_02bdc9f2-cfb3-7da3-59c1-2a4201beb0d7.json	201	126	147	2026/patients/ingest-responses-rpmsfhir-1000-20260804/ingest-response-99.json
/home/glilly/work/vista-stack/HL7-FHIR-quality-testing/2026/patients/raw/synthea-1000-20260804-20260804/fhir/Bailey598_Jacobi462_dd89a816-2732-f63a-aad3-8bd8ebd165b2.json	201	125	146	2026/patients/ingest-responses-rpmsfhir-1000-20260804/ingest-response-98.json
/home/glilly/work/vista-stack/HL7-FHIR-quality-testing/2026/patients/raw/synthea-1000-20260804-20260804/fhir/Barbie211_Fay398_35d7df39-37b3-3acf-415f-f8db5709cbef.json	201	127	148	2026/patients/ingest-responses-rpmsfhir-1000-20260804/ingest-response-100.json
/home/glilly/work/vista-stack/HL7-FHIR-quality-testing/2026/patients/raw/synthea-1000-20260804-20260804/fhir/Barrett790_Bosco882_5f5c1360-9feb-7c4b-1c13-2301589131e6.json	000			2026/patients/ingest-responses-rpmsfhir-1000-20260804/ingest-response-101.json
/home/glilly/work/vista-stack/HL7-FHIR-quality-testing/2026/patients/raw/synthea-1000-20260804-20260804/fhir/Bart73_White193_00765e55-45d6-9d42-ef38-4d6ac7bdfe72.json	201	133	154	2026/patients/ingest-responses-rpmsfhir-1000-20260804/ingest-response-103.json
/home/glilly/work/vista-stack/HL7-FHIR-quality-testing/2026/patients/raw/synthea-1000-20260804-20260804/fhir/Barry322_Thompson596_c01e80e0-74d9-dca1-59b8-9ab7bbe1da78.json	000			2026/patients/ingest-responses-rpmsfhir-1000-20260804/ingest-response-102.json
/home/glilly/work/vista-stack/HL7-FHIR-quality-testing/2026/patients/raw/synthea-1000-20260804-20260804/fhir/Basil991_Sporer811_d4b7554d-bdb1-6587-14ab-dd36664e9527.json	201	135	155	2026/patients/ingest-responses-rpmsfhir-1000-20260804/ingest-response-104.json
/home/glilly/work/vista-stack/HL7-FHIR-quality-testing/2026/patients/raw/synthea-1000-20260804-20260804/fhir/Beatriz277_Cristina921_Matías497_93113fee-1a45-3d62-29d9-3c8cc1f163a9.json	201	136	157	2026/patients/ingest-responses-rpmsfhir-1000-20260804/ingest-response-105.json
/home/glilly/work/vista-stack/HL7-FHIR-quality-testing/2026/patients/raw/synthea-1000-20260804-20260804/fhir/Belva820_Frank378_Rau926_bf40bcf2-4106-b9f3-5e5d-3f48249b0dff.json	201	137	158	2026/patients/ingest-responses-rpmsfhir-1000-20260804/ingest-response-106.json
/home/glilly/work/vista-stack/HL7-FHIR-quality-testing/2026/patients/raw/synthea-1000-20260804-20260804/fhir/Benedict104_Wyman904_c275afda-be91-ffda-d8ff-fce700784ec1.json	201	138	159	2026/patients/ingest-responses-rpmsfhir-1000-20260804/ingest-response-107.json
/home/glilly/work/vista-stack/HL7-FHIR-quality-testing/2026/patients/raw/synthea-1000-20260804-20260804/fhir/Benjamín452_de_Anda129_943fd5b2-b3e3-c99a-7588-e49e4cdc46cb.json	201	140	161	2026/patients/ingest-responses-rpmsfhir-1000-20260804/ingest-response-109.json
/home/glilly/work/vista-stack/HL7-FHIR-quality-testing/2026/patients/raw/synthea-1000-20260804-20260804/fhir/Benito209_Lubowitz58_788d1b44-c034-526f-33d3-9d8eff56540e.json	201	139	160	2026/patients/ingest-responses-rpmsfhir-1000-20260804/ingest-response-108.json
/home/glilly/work/vista-stack/HL7-FHIR-quality-testing/2026/patients/raw/synthea-1000-20260804-20260804/fhir/Benny518_Lueilwitz711_6ef7e53c-3165-94f3-be71-5fca84f1b2e2.json	201	141	162	2026/patients/ingest-responses-rpmsfhir-1000-20260804/ingest-response-110.json
/home/glilly/work/vista-stack/HL7-FHIR-quality-testing/2026/patients/raw/synthea-1000-20260804-20260804/fhir/Benton624_Ziemann98_b8eb1635-bb98-8606-7675-2111414202e8.json	201	143	164	2026/patients/ingest-responses-rpmsfhir-1000-20260804/ingest-response-112.json
/home/glilly/work/vista-stack/HL7-FHIR-quality-testing/2026/patients/raw/synthea-1000-20260804-20260804/fhir/Benny518_O'Connell601_bb962c7b-0962-4e1b-bdbb-0c6af2315ee0.json	201	142	163	2026/patients/ingest-responses-rpmsfhir-1000-20260804/ingest-response-111.json
/home/glilly/work/vista-stack/HL7-FHIR-quality-testing/2026/patients/raw/synthea-1000-20260804-20260804/fhir/Bernardo699_Ankunding277_691616af-2764-3b21-0154-ed2be2f18982.json	201	144	165	2026/patients/ingest-responses-rpmsfhir-1000-20260804/ingest-response-113.json
/home/glilly/work/vista-stack/HL7-FHIR-quality-testing/2026/patients/raw/synthea-1000-20260804-20260804/fhir/Bernardo699_Delgadillo349_1fc67e8b-7ec0-2f4a-7846-2c6d28d11e6d.json	201	145	166	2026/patients/ingest-responses-rpmsfhir-1000-20260804/ingest-response-114.json
/home/glilly/work/vista-stack/HL7-FHIR-quality-testing/2026/patients/raw/synthea-1000-20260804-20260804/fhir/Bernie827_Ruecker817_5143549a-1b30-2a6c-7e4a-94c1d6b0a71e.json	201	146	167	2026/patients/ingest-responses-rpmsfhir-1000-20260804/ingest-response-115.json
/home/glilly/work/vista-stack/HL7-FHIR-quality-testing/2026/patients/raw/synthea-1000-20260804-20260804/fhir/Bert917_Von197_92182c2d-c196-ed24-a1df-68aa78b72962.json	201	147	168	2026/patients/ingest-responses-rpmsfhir-1000-20260804/ingest-response-116.json
/home/glilly/work/vista-stack/HL7-FHIR-quality-testing/2026/patients/raw/synthea-1000-20260804-20260804/fhir/Bertie593_Mohr916_c5c2d2c2-fb4b-ad25-e4fc-8d76b875e3d2.json	201	148	169	2026/patients/ingest-responses-rpmsfhir-1000-20260804/ingest-response-118.json
/home/glilly/work/vista-stack/HL7-FHIR-quality-testing/2026/patients/raw/synthea-1000-20260804-20260804/fhir/Bertie593_Lehner980_d65ff922-3871-5d15-7bf7-2c8fd97618a5.json	201	149	170	2026/patients/ingest-responses-rpmsfhir-1000-20260804/ingest-response-117.json
/home/glilly/work/vista-stack/HL7-FHIR-quality-testing/2026/patients/raw/synthea-1000-20260804-20260804/fhir/Bertram873_Borer986_520486ad-47d9-f26c-5f1a-c8c201289584.json	201	150	171	2026/patients/ingest-responses-rpmsfhir-1000-20260804/ingest-response-119.json
/home/glilly/work/vista-stack/HL7-FHIR-quality-testing/2026/patients/raw/synthea-1000-20260804-20260804/fhir/Beryl690_Ankunding277_eab6058e-986a-dd7f-d27b-84229905f582.json	201	152	173	2026/patients/ingest-responses-rpmsfhir-1000-20260804/ingest-response-121.json
/home/glilly/work/vista-stack/HL7-FHIR-quality-testing/2026/patients/raw/synthea-1000-20260804-20260804/fhir/Bethel526_Bernhard322_9e36a415-3d68-e023-5922-26b810b0cc57.json	201	153	174	2026/patients/ingest-responses-rpmsfhir-1000-20260804/ingest-response-122.json
/home/glilly/work/vista-stack/HL7-FHIR-quality-testing/2026/patients/raw/synthea-1000-20260804-20260804/fhir/Bertram873_Kertzmann286_d21e342c-a856-cca1-8386-d47c339c82ea.json	201	151	172	2026/patients/ingest-responses-rpmsfhir-1000-20260804/ingest-response-120.json
/home/glilly/work/vista-stack/HL7-FHIR-quality-testing/2026/patients/raw/synthea-1000-20260804-20260804/fhir/Beverley336_Cruickshank494_d5b12da3-199d-cd71-9620-94fd770737b2.json	201	154	175	2026/patients/ingest-responses-rpmsfhir-1000-20260804/ingest-response-123.json
/home/glilly/work/vista-stack/HL7-FHIR-quality-testing/2026/patients/raw/synthea-1000-20260804-20260804/fhir/Billie243_Eulah395_VonRueden376_d7faef98-aa33-eb29-a297-cc23b609ea3b.json	201	155	176	2026/patients/ingest-responses-rpmsfhir-1000-20260804/ingest-response-124.json
/home/glilly/work/vista-stack/HL7-FHIR-quality-testing/2026/patients/raw/synthea-1000-20260804-20260804/fhir/Blair400_Crist667_a6aa6a3b-141e-fcfc-ecfa-2718e3da9f87.json	201	156	177	2026/patients/ingest-responses-rpmsfhir-1000-20260804/ingest-response-125.json
/home/glilly/work/vista-stack/HL7-FHIR-quality-testing/2026/patients/raw/synthea-1000-20260804-20260804/fhir/Blair400_McCullough561_1e09e9ff-2947-d009-e627-90bc115dd3b9.json	201	157	178	2026/patients/ingest-responses-rpmsfhir-1000-20260804/ingest-response-127.json
/home/glilly/work/vista-stack/HL7-FHIR-quality-testing/2026/patients/raw/synthea-1000-20260804-20260804/fhir/Blanca837_Montaño969_e73fc1e0-f791-715d-97d0-7913812e1843.json	201	158	179	2026/patients/ingest-responses-rpmsfhir-1000-20260804/ingest-response-128.json
/home/glilly/work/vista-stack/HL7-FHIR-quality-testing/2026/patients/raw/synthea-1000-20260804-20260804/fhir/Blanche121_Melba931_O'Conner199_8c3a4d83-d87c-a7d1-bf55-38cef94b8208.json	201	159	180	2026/patients/ingest-responses-rpmsfhir-1000-20260804/ingest-response-129.json
/home/glilly/work/vista-stack/HL7-FHIR-quality-testing/2026/patients/raw/synthea-1000-20260804-20260804/fhir/Blair400_Jerde200_e3a7bf8f-811a-d6f5-f147-f085395fd0bd.json	000			2026/patients/ingest-responses-rpmsfhir-1000-20260804/ingest-response-126.json
/home/glilly/work/vista-stack/HL7-FHIR-quality-testing/2026/patients/raw/synthea-1000-20260804-20260804/fhir/Bob965_Murazik203_2d16a54f-3344-041c-3515-d5604d967fe9.json	201	163	188	2026/patients/ingest-responses-rpmsfhir-1000-20260804/ingest-response-131.json
/home/glilly/work/vista-stack/HL7-FHIR-quality-testing/2026/patients/raw/synthea-1000-20260804-20260804/fhir/Bob965_Leffler128_c48bdbaa-169a-2d42-dc58-7851f26827fd.json	000			2026/patients/ingest-responses-rpmsfhir-1000-20260804/ingest-response-130.json
/home/glilly/work/vista-stack/HL7-FHIR-quality-testing/2026/patients/raw/synthea-1000-20260804-20260804/fhir/Bonny428_Herman763_7e753ea1-74f3-de30-618a-a4bf15622400.json	201	165	191	2026/patients/ingest-responses-rpmsfhir-1000-20260804/ingest-response-133.json
/home/glilly/work/vista-stack/HL7-FHIR-quality-testing/2026/patients/raw/synthea-1000-20260804-20260804/fhir/Boyce638_Bayer639_b871fe63-575e-419a-9e9a-15b483a7d395.json	201	166	192	2026/patients/ingest-responses-rpmsfhir-1000-20260804/ingest-response-134.json
/home/glilly/work/vista-stack/HL7-FHIR-quality-testing/2026/patients/raw/synthea-1000-20260804-20260804/fhir/Boyd728_Schmeler639_768cdce8-682b-2fb9-0c65-27c1a3dc607c.json	201	167	193	2026/patients/ingest-responses-rpmsfhir-1000-20260804/ingest-response-135.json
/home/glilly/work/vista-stack/HL7-FHIR-quality-testing/2026/patients/raw/synthea-1000-20260804-20260804/fhir/Bobby524_Krajcik437_9ef38fdb-365b-61d8-9ffc-a9efe8b07ade.json	000			2026/patients/ingest-responses-rpmsfhir-1000-20260804/ingest-response-132.json
/home/glilly/work/vista-stack/HL7-FHIR-quality-testing/2026/patients/raw/synthea-1000-20260804-20260804/fhir/Brad867_O'Hara248_33eab639-3970-d6e7-a474-b28915879468.json	201	168	194	2026/patients/ingest-responses-rpmsfhir-1000-20260804/ingest-response-136.json
/home/glilly/work/vista-stack/HL7-FHIR-quality-testing/2026/patients/raw/synthea-1000-20260804-20260804/fhir/Brain142_Monahan736_801d2948-5ecf-44cc-c620-db475b3cd00f.json	201	169	195	2026/patients/ingest-responses-rpmsfhir-1000-20260804/ingest-response-137.json
/home/glilly/work/vista-stack/HL7-FHIR-quality-testing/2026/patients/raw/synthea-1000-20260804-20260804/fhir/Brant303_Yost751_d9cd5a0a-040b-2df1-0028-a782da036fcf.json	201	171	197	2026/patients/ingest-responses-rpmsfhir-1000-20260804/ingest-response-139.json
/home/glilly/work/vista-stack/HL7-FHIR-quality-testing/2026/patients/raw/synthea-1000-20260804-20260804/fhir/Bree992_Murray856_e6054988-c0b6-8dbe-cd43-7d054c6d8ef4.json	201	172	198	2026/patients/ingest-responses-rpmsfhir-1000-20260804/ingest-response-140.json
/home/glilly/work/vista-stack/HL7-FHIR-quality-testing/2026/patients/raw/synthea-1000-20260804-20260804/fhir/Brendan864_Dicki44_7948da18-ac30-d3ba-f00e-bd3b9bbc40cf.json	201	173	199	2026/patients/ingest-responses-rpmsfhir-1000-20260804/ingest-response-141.json
/home/glilly/work/vista-stack/HL7-FHIR-quality-testing/2026/patients/raw/synthea-1000-20260804-20260804/fhir/Brenton674_Boehm581_9162dab1-abdb-8cbb-84a9-40ca147d2f1c.json	201	175	201	2026/patients/ingest-responses-rpmsfhir-1000-20260804/ingest-response-142.json
/home/glilly/work/vista-stack/HL7-FHIR-quality-testing/2026/patients/raw/synthea-1000-20260804-20260804/fhir/Brice635_Hand679_32777ea7-6a18-b597-60a7-94b4e323bf92.json	201	176	202	2026/patients/ingest-responses-rpmsfhir-1000-20260804/ingest-response-143.json
/home/glilly/work/vista-stack/HL7-FHIR-quality-testing/2026/patients/raw/synthea-1000-20260804-20260804/fhir/Brande998_Marita360_Hills818_689cf11b-d0d5-5ad1-6a8a-413683999568.json	000			2026/patients/ingest-responses-rpmsfhir-1000-20260804/ingest-response-138.json
/home/glilly/work/vista-stack/HL7-FHIR-quality-testing/2026/patients/raw/synthea-1000-20260804-20260804/fhir/Britt177_Mayert710_19847136-df37-d8cc-a165-0fe631d9f2f4.json	201	179	205	2026/patients/ingest-responses-rpmsfhir-1000-20260804/ingest-response-145.json
/home/glilly/work/vista-stack/HL7-FHIR-quality-testing/2026/patients/raw/synthea-1000-20260804-20260804/fhir/Allegra202_Cathryn51_Marquardt819_0d88591f-6485-031a-204e-b01cff437ca0.json	000			2026/patients/ingest-responses-rpmsfhir-1000-20260804/ingest-response-1.json
/home/glilly/work/vista-stack/HL7-FHIR-quality-testing/2026/patients/raw/synthea-1000-20260804-20260804/fhir/Almeda560_Rau926_4ed2c308-c0b3-c7b9-6420-db1198656bf4.json	000			2026/patients/ingest-responses-rpmsfhir-1000-20260804/ingest-response-2.json
/home/glilly/work/vista-stack/HL7-FHIR-quality-testing/2026/patients/raw/synthea-1000-20260804-20260804/fhir/Alva958_Wilkinson796_bdd476b4-f243-c8ea-ce1e-2b2122cb22c0.json	201	190	219	2026/patients/ingest-responses-rpmsfhir-1000-20260804/ingest-response-3.json
/home/glilly/work/vista-stack/HL7-FHIR-quality-testing/2026/patients/raw/synthea-1000-20260804-20260804/fhir/Alva958_Williamson769_11d7079b-6a1a-5714-beaa-3615c0bde7c5.json	000			2026/patients/ingest-responses-rpmsfhir-1000-20260804/ingest-response-4.json
/home/glilly/work/vista-stack/HL7-FHIR-quality-testing/2026/patients/raw/synthea-1000-20260804-20260804/fhir/Amado512_Haley279_5698c453-d3e3-e99c-cc8f-7d7dba887b70.json	000			2026/patients/ingest-responses-rpmsfhir-1000-20260804/ingest-response-5.json
/home/glilly/work/vista-stack/HL7-FHIR-quality-testing/2026/patients/raw/synthea-1000-20260804-20260804/fhir/Amy965_Aracelis412_Beier427_71d906e9-aae1-ba3c-f059-e3ffbfd6852b.json	000			2026/patients/ingest-responses-rpmsfhir-1000-20260804/ingest-response-6.json
/home/glilly/work/vista-stack/HL7-FHIR-quality-testing/2026/patients/raw/synthea-1000-20260804-20260804/fhir/Apryl870_Kuphal363_620fcf13-6729-351b-2693-bbfe3a89e660.json	000			2026/patients/ingest-responses-rpmsfhir-1000-20260804/ingest-response-7.json
/home/glilly/work/vista-stack/HL7-FHIR-quality-testing/2026/patients/raw/synthea-1000-20260804-20260804/fhir/Ariane992_Kshlerin58_2aed6d3c-67b5-3b3e-e678-999dd11b9a11.json	000			2026/patients/ingest-responses-rpmsfhir-1000-20260804/ingest-response-8.json
/home/glilly/work/vista-stack/HL7-FHIR-quality-testing/2026/patients/raw/synthea-1000-20260804-20260804/fhir/Arlen68_Rodriguez71_e2e6a4aa-cc34-7b3e-c601-59341502b754.json	201	209	243	2026/patients/ingest-responses-rpmsfhir-1000-20260804/ingest-response-9.json
/home/glilly/work/vista-stack/HL7-FHIR-quality-testing/2026/patients/raw/synthea-1000-20260804-20260804/fhir/Allegra202_Cathryn51_Marquardt819_0d88591f-6485-031a-204e-b01cff437ca0.json	201	212	249	2026/patients/ingest-responses-rpmsfhir-1000-20260804/ingest-response-allegra-direct.json
/home/glilly/work/vista-stack/HL7-FHIR-quality-testing/2026/patients/raw/synthea-1000-20260804-20260804/fhir/Latoyia537_Kautzer186_f0b83b8d-8649-9b2d-3a7d-c8c42c885d53.json	201	213	251	2026/patients/ingest-responses-rpmsfhir-1000-20260804/ssh-ingest-1.json
/home/glilly/work/vista-stack/HL7-FHIR-quality-testing/2026/patients/raw/synthea-1000-20260804-20260804/fhir/Karol905_Fahey393_0ae20566-c633-bd94-5d39-62360ab35dd5.json	201	214	252	2026/patients/ingest-responses-rpmsfhir-1000-20260804/ssh-ingest-2.json
/home/glilly/work/vista-stack/HL7-FHIR-quality-testing/2026/patients/raw/synthea-1000-20260804-20260804/fhir/Rodrick370_Schimmel440_0ecd83ba-2012-c169-087a-7861964f411b.json	201	215	253	2026/patients/ingest-responses-rpmsfhir-1000-20260804/ssh-ingest-3.json
/home/glilly/work/vista-stack/HL7-FHIR-quality-testing/2026/patients/raw/synthea-1000-20260804-20260804/fhir/Selma398_Kuhlman484_a69b96d5-4fd5-d5e6-88f7-83b56c377e1e.json	201	216	254	2026/patients/ingest-responses-rpmsfhir-1000-20260804/ssh-ingest-4.json
/home/glilly/work/vista-stack/HL7-FHIR-quality-testing/2026/patients/raw/synthea-1000-20260804-20260804/fhir/Leonila462_Greenholt190_797476f2-3b59-7ee2-d4dd-fe03ec22b4e1.json	000			2026/patients/ingest-responses-rpmsfhir-1000-20260804/ssh-ingest-5.json
/home/glilly/work/vista-stack/HL7-FHIR-quality-testing/2026/patients/raw/synthea-1000-20260804-20260804/fhir/Horace32_Emmerich580_40bd84e6-f560-b399-386a-886545dd12f5.json	000			2026/patients/ingest-responses-rpmsfhir-1000-20260804/ssh-ingest-6.json
/home/glilly/work/vista-stack/HL7-FHIR-quality-testing/2026/patients/raw/synthea-1000-20260804-20260804/fhir/Claretha922_Jacobs452_701af47e-ddc5-1f56-db5f-780d1594ac53.json	000			2026/patients/ingest-responses-rpmsfhir-1000-20260804/ssh-ingest-7.json
/home/glilly/work/vista-stack/HL7-FHIR-quality-testing/2026/patients/raw/synthea-1000-20260804-20260804/fhir/Ernest565_Reinger292_33d0c8a2-69ee-cc8b-2419-65279d9f0677.json	000			2026/patients/ingest-responses-rpmsfhir-1000-20260804/ssh-ingest-8.json
/home/glilly/work/vista-stack/HL7-FHIR-quality-testing/2026/patients/raw/synthea-1000-20260804-20260804/fhir/Chad48_Kerluke267_c675df8c-e46e-6378-f5d4-8f4d9d137d97.json	000			2026/patients/ingest-responses-rpmsfhir-1000-20260804/ssh-ingest-9.json
/home/glilly/work/vista-stack/HL7-FHIR-quality-testing/2026/patients/raw/synthea-1000-20260804-20260804/fhir/Krystle484_Mertz280_5856885d-3fd6-0a67-e216-9d421d705822.json	000			2026/patients/ingest-responses-rpmsfhir-1000-20260804/ssh-ingest-10.json
/home/glilly/work/vista-stack/HL7-FHIR-quality-testing/2026/patients/raw/synthea-1000-20260804-20260804/fhir/Bryon392_Koch169_4137f428-6038-9b09-17c9-a65b23770450.json	000			2026/patients/ingest-responses-rpmsfhir-1000-20260804/ssh-ingest-11.json
/home/glilly/work/vista-stack/HL7-FHIR-quality-testing/2026/patients/raw/synthea-1000-20260804-20260804/fhir/Kevin729_Koepp521_4b67f97b-5e55-bac6-30ae-98123ea27610.json	000			2026/patients/ingest-responses-rpmsfhir-1000-20260804/ssh-ingest-12.json
/home/glilly/work/vista-stack/HL7-FHIR-quality-testing/2026/patients/raw/synthea-1000-20260804-20260804/fhir/Nelson403_Turcotte120_f40f5a21-fe0b-f6b0-4aba-c28d0a5d9c28.json	000			2026/patients/ingest-responses-rpmsfhir-1000-20260804/ssh-ingest-13.json
/home/glilly/work/vista-stack/HL7-FHIR-quality-testing/2026/patients/raw/synthea-1000-20260804-20260804/fhir/Reinaldo138_Powlowski563_fc8f82cf-9302-7be7-e424-c434f59afabf.json	000			2026/patients/ingest-responses-rpmsfhir-1000-20260804/ssh-ingest-14.json
/home/glilly/work/vista-stack/HL7-FHIR-quality-testing/2026/patients/raw/synthea-1000-20260804-20260804/fhir/Phillip440_Rempel203_28a387d6-1667-1663-6098-932308f232c7.json	000			2026/patients/ingest-responses-rpmsfhir-1000-20260804/ssh-ingest-15.json
/home/glilly/work/vista-stack/HL7-FHIR-quality-testing/2026/patients/raw/synthea-1000-20260804-20260804/fhir/Lauri399_Stracke611_d9f79b29-9963-270c-9dcc-0bf5ec498ebd.json	000			2026/patients/ingest-responses-rpmsfhir-1000-20260804/ssh-ingest-16.json
/home/glilly/work/vista-stack/HL7-FHIR-quality-testing/2026/patients/raw/synthea-1000-20260804-20260804/fhir/Sabra779_Jerde200_249ba471-fe4c-bcb3-81c4-1207edc882f8.json	000			2026/patients/ingest-responses-rpmsfhir-1000-20260804/ssh-ingest-17.json
/home/glilly/work/vista-stack/HL7-FHIR-quality-testing/2026/patients/raw/synthea-1000-20260804-20260804/fhir/Dominga527_Hirthe744_953268d9-1dee-bc33-ec15-ec2db1131b52.json	000			2026/patients/ingest-responses-rpmsfhir-1000-20260804/ssh-ingest-18.json
/home/glilly/work/vista-stack/HL7-FHIR-quality-testing/2026/patients/raw/synthea-1000-20260804-20260804/fhir/Samuel331_Stanton715_cf1515cc-c1a6-d6b8-607b-a6710b70155b.json	000			2026/patients/ingest-responses-rpmsfhir-1000-20260804/ssh-ingest-19.json
/home/glilly/work/vista-stack/HL7-FHIR-quality-testing/2026/patients/raw/synthea-1000-20260804-20260804/fhir/Lonny638_Miller503_956550e8-fc61-fb6b-f02c-788eb12577ca.json	000			2026/patients/ingest-responses-rpmsfhir-1000-20260804/ssh-ingest-20.json
/home/glilly/work/vista-stack/HL7-FHIR-quality-testing/2026/patients/raw/synthea-1000-20260804-20260804/fhir/Criselda629_Muller251_5a486919-abf0-b540-8c2d-c305f73901bb.json	000			2026/patients/ingest-responses-rpmsfhir-1000-20260804/ssh-ingest-21.json
/home/glilly/work/vista-stack/HL7-FHIR-quality-testing/2026/patients/raw/synthea-1000-20260804-20260804/fhir/Richie600_Hoppe518_d14c5aac-702a-6f40-abbc-5e4db327272f.json	000			2026/patients/ingest-responses-rpmsfhir-1000-20260804/ssh-ingest-22.json
/home/glilly/work/vista-stack/HL7-FHIR-quality-testing/2026/patients/raw/synthea-1000-20260804-20260804/fhir/Janay119_Kuvalis369_92f7524c-e89d-fc62-5dee-666f0fa3d5fc.json	000			2026/patients/ingest-responses-rpmsfhir-1000-20260804/ssh-ingest-23.json
/home/glilly/work/vista-stack/HL7-FHIR-quality-testing/2026/patients/raw/synthea-1000-20260804-20260804/fhir/Juan88_Kilback373_ae5a973d-a217-5444-35e4-ccc7a42fe7c9.json	000			2026/patients/ingest-responses-rpmsfhir-1000-20260804/ssh-ingest-24.json
/home/glilly/work/vista-stack/HL7-FHIR-quality-testing/2026/patients/raw/synthea-1000-20260804-20260804/fhir/Lillian593_Prosacco716_76fb3b33-da78-0adf-e183-076640b221a4.json	000			2026/patients/ingest-responses-rpmsfhir-1000-20260804/ssh-ingest-25.json
/home/glilly/work/vista-stack/HL7-FHIR-quality-testing/2026/patients/raw/synthea-1000-20260804-20260804/fhir/Jack927_McClure239_1dea5f59-4adb-0f3c-1645-d32f0b9617e0.json	000			2026/patients/ingest-responses-rpmsfhir-1000-20260804/ssh-ingest-26.json
/home/glilly/work/vista-stack/HL7-FHIR-quality-testing/2026/patients/raw/synthea-1000-20260804-20260804/fhir/Oralia106_Grady603_fcc74992-2d21-b35b-cad7-50d6d3727d3b.json	000			2026/patients/ingest-responses-rpmsfhir-1000-20260804/ssh-ingest-27.json
/home/glilly/work/vista-stack/HL7-FHIR-quality-testing/2026/patients/raw/synthea-1000-20260804-20260804/fhir/Lenny728_Auer97_aa40fba8-7ef3-fdd7-e928-9267f75b370e.json	000			2026/patients/ingest-responses-rpmsfhir-1000-20260804/ssh-ingest-28.json
/home/glilly/work/vista-stack/HL7-FHIR-quality-testing/2026/patients/raw/synthea-1000-20260804-20260804/fhir/Kristopher775_Considine820_18bdea5a-fe9f-f27b-ac5e-a67fa45b750b.json	000			2026/patients/ingest-responses-rpmsfhir-1000-20260804/ssh-ingest-29.json
/home/glilly/work/vista-stack/HL7-FHIR-quality-testing/2026/patients/raw/synthea-1000-20260804-20260804/fhir/Erwin847_Turcotte120_c40896ee-8d36-fab1-f50e-60d00c123e35.json	000			2026/patients/ingest-responses-rpmsfhir-1000-20260804/ssh-ingest-30.json
/home/glilly/work/vista-stack/HL7-FHIR-quality-testing/2026/patients/raw/synthea-1000-20260804-20260804/fhir/Delmar187_Reichert620_5813f825-09d2-b43b-4f52-08224c083286.json	000			2026/patients/ingest-responses-rpmsfhir-1000-20260804/ssh-ingest-31.json
/home/glilly/work/vista-stack/HL7-FHIR-quality-testing/2026/patients/raw/synthea-1000-20260804-20260804/fhir/Sammy219_Bradtke547_0164fc48-c13d-d91d-3ccc-a4fc1d5304fa.json	000			2026/patients/ingest-responses-rpmsfhir-1000-20260804/ssh-ingest-32.json
/home/glilly/work/vista-stack/HL7-FHIR-quality-testing/2026/patients/raw/synthea-1000-20260804-20260804/fhir/Jannet618_Gulgowski816_aa25b24a-07bc-0e39-3fc4-18dfda5f1183.json	000			2026/patients/ingest-responses-rpmsfhir-1000-20260804/ssh-ingest-33.json
/home/glilly/work/vista-stack/HL7-FHIR-quality-testing/2026/patients/raw/synthea-1000-20260804-20260804/fhir/Margarette462_Dibbert990_72f28c5b-88d1-0c1c-76c0-930ba7a05af0.json	000			2026/patients/ingest-responses-rpmsfhir-1000-20260804/ssh-ingest-34.json
/home/glilly/work/vista-stack/HL7-FHIR-quality-testing/2026/patients/raw/synthea-1000-20260804-20260804/fhir/Christen366_Lueilwitz711_aa6731a6-135c-1314-6cb8-5c86876ddaac.json	000			2026/patients/ingest-responses-rpmsfhir-1000-20260804/ssh-ingest-35.json
/home/glilly/work/vista-stack/HL7-FHIR-quality-testing/2026/patients/raw/synthea-1000-20260804-20260804/fhir/Jesusa437_Block661_259b7b2b-1636-d9c9-864d-cc81e58f1b3e.json	000			2026/patients/ingest-responses-rpmsfhir-1000-20260804/ssh-ingest-36.json
/home/glilly/work/vista-stack/HL7-FHIR-quality-testing/2026/patients/raw/synthea-1000-20260804-20260804/fhir/Jan231_Crist667_996e2a50-e92d-fe10-05ca-d5d7bd30cd16.json	000			2026/patients/ingest-responses-rpmsfhir-1000-20260804/ssh-ingest-37.json
/home/glilly/work/vista-stack/HL7-FHIR-quality-testing/2026/patients/raw/synthea-1000-20260804-20260804/fhir/Harlan808_Brown30_519e049e-6df3-b154-bf05-6bc7f9d1d638.json	000			2026/patients/ingest-responses-rpmsfhir-1000-20260804/ssh-ingest-38.json
/home/glilly/work/vista-stack/HL7-FHIR-quality-testing/2026/patients/raw/synthea-1000-20260804-20260804/fhir/Derek111_Glover433_041775e8-fef5-ca9c-b7e2-7a478479aff0.json	000			2026/patients/ingest-responses-rpmsfhir-1000-20260804/ssh-ingest-39.json
/home/glilly/work/vista-stack/HL7-FHIR-quality-testing/2026/patients/raw/synthea-1000-20260804-20260804/fhir/Scot349_Feil794_35a5e4cf-c4a5-5645-3b6c-0267f3e1b9de.json	000			2026/patients/ingest-responses-rpmsfhir-1000-20260804/ssh-ingest-40.json
/home/glilly/work/vista-stack/HL7-FHIR-quality-testing/2026/patients/raw/synthea-1000-20260804-20260804/fhir/Carrol931_McKenzie376_77926cd0-7d0e-61ce-434b-c63938694a1b.json	000			2026/patients/ingest-responses-rpmsfhir-1000-20260804/ssh-ingest-41.json
/home/glilly/work/vista-stack/HL7-FHIR-quality-testing/2026/patients/raw/synthea-1000-20260804-20260804/fhir/Noble66_Langworth352_42158327-640f-32b8-e6ff-054c5d7f9303.json	000			2026/patients/ingest-responses-rpmsfhir-1000-20260804/ssh-ingest-42.json
/home/glilly/work/vista-stack/HL7-FHIR-quality-testing/2026/patients/raw/synthea-1000-20260804-20260804/fhir/Malik994_Altenwerth646_307689dc-b346-6882-59c9-4de79dbfa7f2.json	000			2026/patients/ingest-responses-rpmsfhir-1000-20260804/ssh-ingest-43.json
/home/glilly/work/vista-stack/HL7-FHIR-quality-testing/2026/patients/raw/synthea-1000-20260804-20260804/fhir/Gino587_Hoppe518_7d5d774c-0063-e28e-2d43-705dcc7610e3.json	000			2026/patients/ingest-responses-rpmsfhir-1000-20260804/ssh-ingest-44.json
/home/glilly/work/vista-stack/HL7-FHIR-quality-testing/2026/patients/raw/synthea-1000-20260804-20260804/fhir/Merrill415_Moen819_5864e2bc-967e-89dd-32a0-0672ecf45729.json	000			2026/patients/ingest-responses-rpmsfhir-1000-20260804/ssh-ingest-45.json
/home/glilly/work/vista-stack/HL7-FHIR-quality-testing/2026/patients/raw/synthea-1000-20260804-20260804/fhir/Gary33_Kuhic920_26d9d874-dcfd-8a2a-3f2e-a28241e24eba.json	000			2026/patients/ingest-responses-rpmsfhir-1000-20260804/ssh-ingest-46.json
/home/glilly/work/vista-stack/HL7-FHIR-quality-testing/2026/patients/raw/synthea-1000-20260804-20260804/fhir/Earnest658_Kihn564_52dd2a4b-9b2f-13c7-5001-4733f4ad092e.json	000			2026/patients/ingest-responses-rpmsfhir-1000-20260804/ssh-ingest-47.json
/home/glilly/work/vista-stack/HL7-FHIR-quality-testing/2026/patients/raw/synthea-1000-20260804-20260804/fhir/Raleigh478_Kunze215_f9c543d2-dcf1-a3ac-c96f-3654baf43461.json	000			2026/patients/ingest-responses-rpmsfhir-1000-20260804/ssh-ingest-48.json
/home/glilly/work/vista-stack/HL7-FHIR-quality-testing/2026/patients/raw/synthea-1000-20260804-20260804/fhir/Felipe97_Centeno914_035e6cf6-74d2-3354-feb1-64b125e5499f.json	000			2026/patients/ingest-responses-rpmsfhir-1000-20260804/ssh-ingest-49.json
/home/glilly/work/vista-stack/HL7-FHIR-quality-testing/2026/patients/raw/synthea-1000-20260804-20260804/fhir/Jaime666_Weimann465_d680000b-b2a9-96ed-00a5-99037d574a95.json	000			2026/patients/ingest-responses-rpmsfhir-1000-20260804/ssh-ingest-50.json
/home/glilly/work/vista-stack/HL7-FHIR-quality-testing/2026/patients/raw/synthea-1000-20260804-20260804/fhir/Chastity705_Stehr398_d25fae3a-952d-d578-25ad-d3b19fb5c7f6.json	000			2026/patients/ingest-responses-rpmsfhir-1000-20260804/ssh-ingest-51.json
/home/glilly/work/vista-stack/HL7-FHIR-quality-testing/2026/patients/raw/synthea-1000-20260804-20260804/fhir/Everette494_Macejkovic424_3022d481-efe7-2d6c-55e8-cc97068f224d.json	000			2026/patients/ingest-responses-rpmsfhir-1000-20260804/ssh-ingest-52.json
/home/glilly/work/vista-stack/HL7-FHIR-quality-testing/2026/patients/raw/synthea-1000-20260804-20260804/fhir/Marion502_Crona259_64c0d5ff-a7e3-16e1-71d1-53e88588e801.json	000			2026/patients/ingest-responses-rpmsfhir-1000-20260804/ssh-ingest-53.json
/home/glilly/work/vista-stack/HL7-FHIR-quality-testing/2026/patients/raw/synthea-1000-20260804-20260804/fhir/Donnie175_Barton704_c6a03dd1-4273-eb26-5fd0-d4f0e42a0f89.json	000			2026/patients/ingest-responses-rpmsfhir-1000-20260804/ssh-ingest-54.json
/home/glilly/work/vista-stack/HL7-FHIR-quality-testing/2026/patients/raw/synthea-1000-20260804-20260804/fhir/Jesse626_Kessler503_4a702b47-aabc-923f-33ba-06900a0c8dbb.json	000			2026/patients/ingest-responses-rpmsfhir-1000-20260804/ssh-ingest-55.json
/home/glilly/work/vista-stack/HL7-FHIR-quality-testing/2026/patients/raw/synthea-1000-20260804-20260804/fhir/Harlan808_Simonis280_1c1d2835-710e-2602-9107-d4da435fd0eb.json	000			2026/patients/ingest-responses-rpmsfhir-1000-20260804/ssh-ingest-56.json
/home/glilly/work/vista-stack/HL7-FHIR-quality-testing/2026/patients/raw/synthea-1000-20260804-20260804/fhir/Joaquín233_Olivas524_eba1d518-8a4c-c7ac-5c2b-f1f06934722e.json	000			2026/patients/ingest-responses-rpmsfhir-1000-20260804/ssh-ingest-57.json
/home/glilly/work/vista-stack/HL7-FHIR-quality-testing/2026/patients/raw/synthea-1000-20260804-20260804/fhir/Gonzalo160_Rivas297_baad19dd-6d55-c5c8-540d-f4947f284160.json	000			2026/patients/ingest-responses-rpmsfhir-1000-20260804/ssh-ingest-58.json
/home/glilly/work/vista-stack/HL7-FHIR-quality-testing/2026/patients/raw/synthea-1000-20260804-20260804/fhir/Dirk334_Ledner144_1e7128f1-cd51-0cbe-075a-33478c0f2630.json	000			2026/patients/ingest-responses-rpmsfhir-1000-20260804/ssh-ingest-59.json
/home/glilly/work/vista-stack/HL7-FHIR-quality-testing/2026/patients/raw/synthea-1000-20260804-20260804/fhir/Porter490_Rempel203_b8896e42-6568-a906-82e1-cf35076ab624.json	000			2026/patients/ingest-responses-rpmsfhir-1000-20260804/ssh-ingest-60.json
/home/glilly/work/vista-stack/HL7-FHIR-quality-testing/2026/patients/raw/synthea-1000-20260804-20260804/fhir/Jerrell6_Sauer652_f465637d-5303-68f6-a930-5a304f427283.json	000			2026/patients/ingest-responses-rpmsfhir-1000-20260804/ssh-ingest-61.json
/home/glilly/work/vista-stack/HL7-FHIR-quality-testing/2026/patients/raw/synthea-1000-20260804-20260804/fhir/Colin861_Wunsch504_41338da7-8906-c482-6cea-a17bebd0865d.json	000			2026/patients/ingest-responses-rpmsfhir-1000-20260804/ssh-ingest-62.json
/home/glilly/work/vista-stack/HL7-FHIR-quality-testing/2026/patients/raw/synthea-1000-20260804-20260804/fhir/Leonila462_Greenholt190_797476f2-3b59-7ee2-d4dd-fe03ec22b4e1.json	201	217	255	2026/patients/ingest-responses-rpmsfhir-1000-20260804/ssh-ingest-1-1785895946.json
/home/glilly/work/vista-stack/HL7-FHIR-quality-testing/2026/patients/raw/synthea-1000-20260804-20260804/fhir/Horace32_Emmerich580_40bd84e6-f560-b399-386a-886545dd12f5.json	000			2026/patients/ingest-responses-rpmsfhir-1000-20260804/ssh-ingest-2-1785895950.json
/home/glilly/work/vista-stack/HL7-FHIR-quality-testing/2026/patients/raw/synthea-1000-20260804-20260804/fhir/Horace32_Emmerich580_40bd84e6-f560-b399-386a-886545dd12f5.json	201	218	256	2026/patients/ingest-responses-rpmsfhir-1000-20260804/horace-manual.json
/home/glilly/work/vista-stack/HL7-FHIR-quality-testing/2026/patients/raw/synthea-1000-20260804-20260804/fhir/Claretha922_Jacobs452_701af47e-ddc5-1f56-db5f-780d1594ac53.json	201			2026/patients/ingest-responses-rpmsfhir-1000-20260804/ssh-ingest-1-1785895997.json
/home/glilly/work/vista-stack/HL7-FHIR-quality-testing/2026/patients/raw/synthea-1000-20260804-20260804/fhir/Ernest565_Reinger292_33d0c8a2-69ee-cc8b-2419-65279d9f0677.json	000			2026/patients/ingest-responses-rpmsfhir-1000-20260804/ssh-ingest-2-1785896000.json
/home/glilly/work/vista-stack/HL7-FHIR-quality-testing/2026/patients/raw/synthea-1000-20260804-20260804/fhir/Chad48_Kerluke267_c675df8c-e46e-6378-f5d4-8f4d9d137d97.json	000			2026/patients/ingest-responses-rpmsfhir-1000-20260804/ssh-ingest-3-1785896001.json
/home/glilly/work/vista-stack/HL7-FHIR-quality-testing/2026/patients/raw/synthea-1000-20260804-20260804/fhir/Claretha922_Jacobs452_701af47e-ddc5-1f56-db5f-780d1594ac53.json	201	220	258	2026/patients/ingest-responses-rpmsfhir-1000-20260804/tunnel-ingest-1-1785896144.json
/home/glilly/work/vista-stack/HL7-FHIR-quality-testing/2026/patients/raw/synthea-1000-20260804-20260804/fhir/Ernest565_Reinger292_33d0c8a2-69ee-cc8b-2419-65279d9f0677.json	201	221	259	2026/patients/ingest-responses-rpmsfhir-1000-20260804/tunnel-ingest-2-1785896146.json
/home/glilly/work/vista-stack/HL7-FHIR-quality-testing/2026/patients/raw/synthea-1000-20260804-20260804/fhir/Chad48_Kerluke267_c675df8c-e46e-6378-f5d4-8f4d9d137d97.json	201	222	260	2026/patients/ingest-responses-rpmsfhir-1000-20260804/tunnel-ingest-3-1785896148.json
/home/glilly/work/vista-stack/HL7-FHIR-quality-testing/2026/patients/raw/synthea-1000-20260804-20260804/fhir/Krystle484_Mertz280_5856885d-3fd6-0a67-e216-9d421d705822.json	201	223	261	2026/patients/ingest-responses-rpmsfhir-1000-20260804/tunnel-ingest-4-1785896150.json
/home/glilly/work/vista-stack/HL7-FHIR-quality-testing/2026/patients/raw/synthea-1000-20260804-20260804/fhir/Bryon392_Koch169_4137f428-6038-9b09-17c9-a65b23770450.json	201	224	262	2026/patients/ingest-responses-rpmsfhir-1000-20260804/tunnel-ingest-5-1785896152.json
/home/glilly/work/vista-stack/HL7-FHIR-quality-testing/2026/patients/raw/synthea-1000-20260804-20260804/fhir/Kevin729_Koepp521_4b67f97b-5e55-bac6-30ae-98123ea27610.json	201	225	263	2026/patients/ingest-responses-rpmsfhir-1000-20260804/tunnel-ingest-1-1785896171.json
/home/glilly/work/vista-stack/HL7-FHIR-quality-testing/2026/patients/raw/synthea-1000-20260804-20260804/fhir/Nelson403_Turcotte120_f40f5a21-fe0b-f6b0-4aba-c28d0a5d9c28.json	201	226	264	2026/patients/ingest-responses-rpmsfhir-1000-20260804/tunnel-ingest-2-1785896174.json
/home/glilly/work/vista-stack/HL7-FHIR-quality-testing/2026/patients/raw/synthea-1000-20260804-20260804/fhir/Reinaldo138_Powlowski563_fc8f82cf-9302-7be7-e424-c434f59afabf.json	201	227	265	2026/patients/ingest-responses-rpmsfhir-1000-20260804/tunnel-ingest-3-1785896176.json
/home/glilly/work/vista-stack/HL7-FHIR-quality-testing/2026/patients/raw/synthea-1000-20260804-20260804/fhir/Phillip440_Rempel203_28a387d6-1667-1663-6098-932308f232c7.json	201	228	266	2026/patients/ingest-responses-rpmsfhir-1000-20260804/tunnel-ingest-4-1785896179.json
/home/glilly/work/vista-stack/HL7-FHIR-quality-testing/2026/patients/raw/synthea-1000-20260804-20260804/fhir/Lauri399_Stracke611_d9f79b29-9963-270c-9dcc-0bf5ec498ebd.json	201	229	267	2026/patients/ingest-responses-rpmsfhir-1000-20260804/tunnel-ingest-5-1785896181.json
/home/glilly/work/vista-stack/HL7-FHIR-quality-testing/2026/patients/raw/synthea-1000-20260804-20260804/fhir/Sabra779_Jerde200_249ba471-fe4c-bcb3-81c4-1207edc882f8.json	201	230	268	2026/patients/ingest-responses-rpmsfhir-1000-20260804/tunnel-ingest-6-1785896184.json
/home/glilly/work/vista-stack/HL7-FHIR-quality-testing/2026/patients/raw/synthea-1000-20260804-20260804/fhir/Dominga527_Hirthe744_953268d9-1dee-bc33-ec15-ec2db1131b52.json	201	231	269	2026/patients/ingest-responses-rpmsfhir-1000-20260804/tunnel-ingest-7-1785896187.json
/home/glilly/work/vista-stack/HL7-FHIR-quality-testing/2026/patients/raw/synthea-1000-20260804-20260804/fhir/Samuel331_Stanton715_cf1515cc-c1a6-d6b8-607b-a6710b70155b.json	201	232	270	2026/patients/ingest-responses-rpmsfhir-1000-20260804/tunnel-ingest-8-1785896190.json
/home/glilly/work/vista-stack/HL7-FHIR-quality-testing/2026/patients/raw/synthea-1000-20260804-20260804/fhir/Lonny638_Miller503_956550e8-fc61-fb6b-f02c-788eb12577ca.json	201	233	271	2026/patients/ingest-responses-rpmsfhir-1000-20260804/tunnel-ingest-9-1785896192.json
/home/glilly/work/vista-stack/HL7-FHIR-quality-testing/2026/patients/raw/synthea-1000-20260804-20260804/fhir/Criselda629_Muller251_5a486919-abf0-b540-8c2d-c305f73901bb.json	201	234	272	2026/patients/ingest-responses-rpmsfhir-1000-20260804/tunnel-ingest-10-1785896196.json
/home/glilly/work/vista-stack/HL7-FHIR-quality-testing/2026/patients/raw/synthea-1000-20260804-20260804/fhir/Richie600_Hoppe518_d14c5aac-702a-6f40-abbc-5e4db327272f.json	201	235	273	2026/patients/ingest-responses-rpmsfhir-1000-20260804/tunnel-ingest-11-1785896199.json
/home/glilly/work/vista-stack/HL7-FHIR-quality-testing/2026/patients/raw/synthea-1000-20260804-20260804/fhir/Janay119_Kuvalis369_92f7524c-e89d-fc62-5dee-666f0fa3d5fc.json	201	236	274	2026/patients/ingest-responses-rpmsfhir-1000-20260804/tunnel-ingest-12-1785896201.json
/home/glilly/work/vista-stack/HL7-FHIR-quality-testing/2026/patients/raw/synthea-1000-20260804-20260804/fhir/Juan88_Kilback373_ae5a973d-a217-5444-35e4-ccc7a42fe7c9.json	201	237	275	2026/patients/ingest-responses-rpmsfhir-1000-20260804/tunnel-ingest-13-1785896205.json
/home/glilly/work/vista-stack/HL7-FHIR-quality-testing/2026/patients/raw/synthea-1000-20260804-20260804/fhir/Lillian593_Prosacco716_76fb3b33-da78-0adf-e183-076640b221a4.json	201	238	276	2026/patients/ingest-responses-rpmsfhir-1000-20260804/tunnel-ingest-14-1785896208.json
/home/glilly/work/vista-stack/HL7-FHIR-quality-testing/2026/patients/raw/synthea-1000-20260804-20260804/fhir/Jack927_McClure239_1dea5f59-4adb-0f3c-1645-d32f0b9617e0.json	201	239	277	2026/patients/ingest-responses-rpmsfhir-1000-20260804/tunnel-ingest-15-1785896211.json
/home/glilly/work/vista-stack/HL7-FHIR-quality-testing/2026/patients/raw/synthea-1000-20260804-20260804/fhir/Oralia106_Grady603_fcc74992-2d21-b35b-cad7-50d6d3727d3b.json	201	240	278	2026/patients/ingest-responses-rpmsfhir-1000-20260804/tunnel-ingest-16-1785896214.json
/home/glilly/work/vista-stack/HL7-FHIR-quality-testing/2026/patients/raw/synthea-1000-20260804-20260804/fhir/Lenny728_Auer97_aa40fba8-7ef3-fdd7-e928-9267f75b370e.json	201	241	279	2026/patients/ingest-responses-rpmsfhir-1000-20260804/tunnel-ingest-17-1785896217.json
/home/glilly/work/vista-stack/HL7-FHIR-quality-testing/2026/patients/raw/synthea-1000-20260804-20260804/fhir/Kristopher775_Considine820_18bdea5a-fe9f-f27b-ac5e-a67fa45b750b.json	201	242	280	2026/patients/ingest-responses-rpmsfhir-1000-20260804/tunnel-ingest-18-1785896222.json
/home/glilly/work/vista-stack/HL7-FHIR-quality-testing/2026/patients/raw/synthea-1000-20260804-20260804/fhir/Erwin847_Turcotte120_c40896ee-8d36-fab1-f50e-60d00c123e35.json	201	243	281	2026/patients/ingest-responses-rpmsfhir-1000-20260804/tunnel-ingest-19-1785896226.json
/home/glilly/work/vista-stack/HL7-FHIR-quality-testing/2026/patients/raw/synthea-1000-20260804-20260804/fhir/Delmar187_Reichert620_5813f825-09d2-b43b-4f52-08224c083286.json	201	244	282	2026/patients/ingest-responses-rpmsfhir-1000-20260804/tunnel-ingest-20-1785896231.json
/home/glilly/work/vista-stack/HL7-FHIR-quality-testing/2026/patients/raw/synthea-1000-20260804-20260804/fhir/Sammy219_Bradtke547_0164fc48-c13d-d91d-3ccc-a4fc1d5304fa.json	201	245	283	2026/patients/ingest-responses-rpmsfhir-1000-20260804/tunnel-ingest-21-1785896235.json
/home/glilly/work/vista-stack/HL7-FHIR-quality-testing/2026/patients/raw/synthea-1000-20260804-20260804/fhir/Jannet618_Gulgowski816_aa25b24a-07bc-0e39-3fc4-18dfda5f1183.json	201	246	284	2026/patients/ingest-responses-rpmsfhir-1000-20260804/tunnel-ingest-22-1785896238.json
/home/glilly/work/vista-stack/HL7-FHIR-quality-testing/2026/patients/raw/synthea-1000-20260804-20260804/fhir/Margarette462_Dibbert990_72f28c5b-88d1-0c1c-76c0-930ba7a05af0.json	201	247	285	2026/patients/ingest-responses-rpmsfhir-1000-20260804/tunnel-ingest-23-1785896242.json
/home/glilly/work/vista-stack/HL7-FHIR-quality-testing/2026/patients/raw/synthea-1000-20260804-20260804/fhir/Christen366_Lueilwitz711_aa6731a6-135c-1314-6cb8-5c86876ddaac.json	201	248	286	2026/patients/ingest-responses-rpmsfhir-1000-20260804/tunnel-ingest-24-1785896246.json
/home/glilly/work/vista-stack/HL7-FHIR-quality-testing/2026/patients/raw/synthea-1000-20260804-20260804/fhir/Jesusa437_Block661_259b7b2b-1636-d9c9-864d-cc81e58f1b3e.json	201	249	287	2026/patients/ingest-responses-rpmsfhir-1000-20260804/tunnel-ingest-25-1785896251.json
/home/glilly/work/vista-stack/HL7-FHIR-quality-testing/2026/patients/raw/synthea-1000-20260804-20260804/fhir/Jan231_Crist667_996e2a50-e92d-fe10-05ca-d5d7bd30cd16.json	201	250	288	2026/patients/ingest-responses-rpmsfhir-1000-20260804/tunnel-ingest-26-1785896255.json
/home/glilly/work/vista-stack/HL7-FHIR-quality-testing/2026/patients/raw/synthea-1000-20260804-20260804/fhir/Harlan808_Brown30_519e049e-6df3-b154-bf05-6bc7f9d1d638.json	201	251	289	2026/patients/ingest-responses-rpmsfhir-1000-20260804/tunnel-ingest-27-1785896259.json
/home/glilly/work/vista-stack/HL7-FHIR-quality-testing/2026/patients/raw/synthea-1000-20260804-20260804/fhir/Derek111_Glover433_041775e8-fef5-ca9c-b7e2-7a478479aff0.json	201	252	290	2026/patients/ingest-responses-rpmsfhir-1000-20260804/tunnel-ingest-28-1785896263.json
/home/glilly/work/vista-stack/HL7-FHIR-quality-testing/2026/patients/raw/synthea-1000-20260804-20260804/fhir/Scot349_Feil794_35a5e4cf-c4a5-5645-3b6c-0267f3e1b9de.json	201	253	291	2026/patients/ingest-responses-rpmsfhir-1000-20260804/tunnel-ingest-29-1785896267.json
/home/glilly/work/vista-stack/HL7-FHIR-quality-testing/2026/patients/raw/synthea-1000-20260804-20260804/fhir/Carrol931_McKenzie376_77926cd0-7d0e-61ce-434b-c63938694a1b.json	201	254	292	2026/patients/ingest-responses-rpmsfhir-1000-20260804/tunnel-ingest-30-1785896272.json
/home/glilly/work/vista-stack/HL7-FHIR-quality-testing/2026/patients/raw/synthea-1000-20260804-20260804/fhir/Noble66_Langworth352_42158327-640f-32b8-e6ff-054c5d7f9303.json	201	255	293	2026/patients/ingest-responses-rpmsfhir-1000-20260804/tunnel-ingest-31-1785896276.json
/home/glilly/work/vista-stack/HL7-FHIR-quality-testing/2026/patients/raw/synthea-1000-20260804-20260804/fhir/Malik994_Altenwerth646_307689dc-b346-6882-59c9-4de79dbfa7f2.json	201	256	294	2026/patients/ingest-responses-rpmsfhir-1000-20260804/tunnel-ingest-32-1785896281.json
/home/glilly/work/vista-stack/HL7-FHIR-quality-testing/2026/patients/raw/synthea-1000-20260804-20260804/fhir/Gino587_Hoppe518_7d5d774c-0063-e28e-2d43-705dcc7610e3.json	201	257	295	2026/patients/ingest-responses-rpmsfhir-1000-20260804/tunnel-ingest-33-1785896285.json
/home/glilly/work/vista-stack/HL7-FHIR-quality-testing/2026/patients/raw/synthea-1000-20260804-20260804/fhir/Merrill415_Moen819_5864e2bc-967e-89dd-32a0-0672ecf45729.json	201	258	296	2026/patients/ingest-responses-rpmsfhir-1000-20260804/tunnel-ingest-34-1785896289.json
/home/glilly/work/vista-stack/HL7-FHIR-quality-testing/2026/patients/raw/synthea-1000-20260804-20260804/fhir/Gary33_Kuhic920_26d9d874-dcfd-8a2a-3f2e-a28241e24eba.json	201	259	297	2026/patients/ingest-responses-rpmsfhir-1000-20260804/tunnel-ingest-35-1785896294.json
/home/glilly/work/vista-stack/HL7-FHIR-quality-testing/2026/patients/raw/synthea-1000-20260804-20260804/fhir/Earnest658_Kihn564_52dd2a4b-9b2f-13c7-5001-4733f4ad092e.json	201	260	298	2026/patients/ingest-responses-rpmsfhir-1000-20260804/tunnel-ingest-36-1785896300.json
/home/glilly/work/vista-stack/HL7-FHIR-quality-testing/2026/patients/raw/synthea-1000-20260804-20260804/fhir/Raleigh478_Kunze215_f9c543d2-dcf1-a3ac-c96f-3654baf43461.json	201	261	299	2026/patients/ingest-responses-rpmsfhir-1000-20260804/tunnel-ingest-37-1785896304.json
/home/glilly/work/vista-stack/HL7-FHIR-quality-testing/2026/patients/raw/synthea-1000-20260804-20260804/fhir/Felipe97_Centeno914_035e6cf6-74d2-3354-feb1-64b125e5499f.json	201	262	300	2026/patients/ingest-responses-rpmsfhir-1000-20260804/tunnel-ingest-38-1785896308.json
/home/glilly/work/vista-stack/HL7-FHIR-quality-testing/2026/patients/raw/synthea-1000-20260804-20260804/fhir/Jaime666_Weimann465_d680000b-b2a9-96ed-00a5-99037d574a95.json	201	263	301	2026/patients/ingest-responses-rpmsfhir-1000-20260804/tunnel-ingest-39-1785896314.json
/home/glilly/work/vista-stack/HL7-FHIR-quality-testing/2026/patients/raw/synthea-1000-20260804-20260804/fhir/Chastity705_Stehr398_d25fae3a-952d-d578-25ad-d3b19fb5c7f6.json	201	264	302	2026/patients/ingest-responses-rpmsfhir-1000-20260804/tunnel-ingest-40-1785896318.json
/home/glilly/work/vista-stack/HL7-FHIR-quality-testing/2026/patients/raw/synthea-1000-20260804-20260804/fhir/Everette494_Macejkovic424_3022d481-efe7-2d6c-55e8-cc97068f224d.json	201	265	303	2026/patients/ingest-responses-rpmsfhir-1000-20260804/tunnel-ingest-41-1785896324.json
/home/glilly/work/vista-stack/HL7-FHIR-quality-testing/2026/patients/raw/synthea-1000-20260804-20260804/fhir/Marion502_Crona259_64c0d5ff-a7e3-16e1-71d1-53e88588e801.json	201	266	304	2026/patients/ingest-responses-rpmsfhir-1000-20260804/tunnel-ingest-42-1785896329.json
/home/glilly/work/vista-stack/HL7-FHIR-quality-testing/2026/patients/raw/synthea-1000-20260804-20260804/fhir/Donnie175_Barton704_c6a03dd1-4273-eb26-5fd0-d4f0e42a0f89.json	201	267	305	2026/patients/ingest-responses-rpmsfhir-1000-20260804/tunnel-ingest-43-1785896333.json
/home/glilly/work/vista-stack/HL7-FHIR-quality-testing/2026/patients/raw/synthea-1000-20260804-20260804/fhir/Jesse626_Kessler503_4a702b47-aabc-923f-33ba-06900a0c8dbb.json	201	268	306	2026/patients/ingest-responses-rpmsfhir-1000-20260804/tunnel-ingest-44-1785896338.json
/home/glilly/work/vista-stack/HL7-FHIR-quality-testing/2026/patients/raw/synthea-1000-20260804-20260804/fhir/Harlan808_Simonis280_1c1d2835-710e-2602-9107-d4da435fd0eb.json	201	269	307	2026/patients/ingest-responses-rpmsfhir-1000-20260804/tunnel-ingest-45-1785896344.json
/home/glilly/work/vista-stack/HL7-FHIR-quality-testing/2026/patients/raw/synthea-1000-20260804-20260804/fhir/Joaquín233_Olivas524_eba1d518-8a4c-c7ac-5c2b-f1f06934722e.json	201	270	308	2026/patients/ingest-responses-rpmsfhir-1000-20260804/tunnel-ingest-46-1785896350.json
/home/glilly/work/vista-stack/HL7-FHIR-quality-testing/2026/patients/raw/synthea-1000-20260804-20260804/fhir/Gonzalo160_Rivas297_baad19dd-6d55-c5c8-540d-f4947f284160.json	201	271	309	2026/patients/ingest-responses-rpmsfhir-1000-20260804/tunnel-ingest-47-1785896355.json
/home/glilly/work/vista-stack/HL7-FHIR-quality-testing/2026/patients/raw/synthea-1000-20260804-20260804/fhir/Dirk334_Ledner144_1e7128f1-cd51-0cbe-075a-33478c0f2630.json	201	272	310	2026/patients/ingest-responses-rpmsfhir-1000-20260804/tunnel-ingest-48-1785896360.json
/home/glilly/work/vista-stack/HL7-FHIR-quality-testing/2026/patients/raw/synthea-1000-20260804-20260804/fhir/Porter490_Rempel203_b8896e42-6568-a906-82e1-cf35076ab624.json	201	273	311	2026/patients/ingest-responses-rpmsfhir-1000-20260804/tunnel-ingest-49-1785896365.json
/home/glilly/work/vista-stack/HL7-FHIR-quality-testing/2026/patients/raw/synthea-1000-20260804-20260804/fhir/Jerrell6_Sauer652_f465637d-5303-68f6-a930-5a304f427283.json	201	274	312	2026/patients/ingest-responses-rpmsfhir-1000-20260804/tunnel-ingest-50-1785896370.json
/home/glilly/work/vista-stack/HL7-FHIR-quality-testing/2026/patients/raw/synthea-1000-20260804-20260804/fhir/Colin861_Wunsch504_41338da7-8906-c482-6cea-a17bebd0865d.json	201	275	313	2026/patients/ingest-responses-rpmsfhir-1000-20260804/tunnel-ingest-51-1785896375.json
/home/glilly/work/vista-stack/HL7-FHIR-quality-testing/2026/patients/raw/synthea-1000-20260804-20260804/fhir/Jewel43_Wilderman619_b430a1b7-e98d-3c08-fe45-c2f10ca58327.json	201	276	314	2026/patients/ingest-responses-rpmsfhir-1000-20260804/tunnel-ingest-52-1785896379.json
/home/glilly/work/vista-stack/HL7-FHIR-quality-testing/2026/patients/raw/synthea-1000-20260804-20260804/fhir/Raymon366_Breitenberg711_725376bb-186f-7923-f135-2dec79ca6393.json	201	277	315	2026/patients/ingest-responses-rpmsfhir-1000-20260804/tunnel-ingest-53-1785896384.json
/home/glilly/work/vista-stack/HL7-FHIR-quality-testing/2026/patients/raw/synthea-1000-20260804-20260804/fhir/Robert854_Crist667_ba144b8a-9917-b210-3c9e-6396205a58fb.json	201	278	316	2026/patients/ingest-responses-rpmsfhir-1000-20260804/tunnel-ingest-54-1785896389.json
/home/glilly/work/vista-stack/HL7-FHIR-quality-testing/2026/patients/raw/synthea-1000-20260804-20260804/fhir/Rene434_Boehm581_db2c66f7-5206-57a8-7dfc-6cf557012e56.json	201	279	317	2026/patients/ingest-responses-rpmsfhir-1000-20260804/tunnel-ingest-55-1785896395.json
/home/glilly/work/vista-stack/HL7-FHIR-quality-testing/2026/patients/raw/synthea-1000-20260804-20260804/fhir/Refugio197_Schuster709_f2bc7f3e-0f3a-a1f9-7823-fad3a278d66e.json	201	280	318	2026/patients/ingest-responses-rpmsfhir-1000-20260804/tunnel-ingest-56-1785896400.json
/home/glilly/work/vista-stack/HL7-FHIR-quality-testing/2026/patients/raw/synthea-1000-20260804-20260804/fhir/Marcela739_Padilla483_5a303025-d4c4-9f2a-e5da-7e36fcd86db3.json	201	281	319	2026/patients/ingest-responses-rpmsfhir-1000-20260804/tunnel-ingest-57-1785896406.json
/home/glilly/work/vista-stack/HL7-FHIR-quality-testing/2026/patients/raw/synthea-1000-20260804-20260804/fhir/Katelynn452_Gleason633_4420a54e-42a9-ce78-8ff5-b6ffb0f20048.json	201	282	320	2026/patients/ingest-responses-rpmsfhir-1000-20260804/tunnel-ingest-58-1785896414.json
/home/glilly/work/vista-stack/HL7-FHIR-quality-testing/2026/patients/raw/synthea-1000-20260804-20260804/fhir/Gale827_O'Conner199_69f6aa9e-82df-e9c5-59ca-88c2006dd921.json	201	283	321	2026/patients/ingest-responses-rpmsfhir-1000-20260804/tunnel-ingest-59-1785896419.json
/home/glilly/work/vista-stack/HL7-FHIR-quality-testing/2026/patients/raw/synthea-1000-20260804-20260804/fhir/Gerardo48_Alvarado520_9c4a5b0a-1f05-693e-f20e-85010466ee32.json	201	284	322	2026/patients/ingest-responses-rpmsfhir-1000-20260804/tunnel-ingest-60-1785896425.json
/home/glilly/work/vista-stack/HL7-FHIR-quality-testing/2026/patients/raw/synthea-1000-20260804-20260804/fhir/Dallas143_Wilkinson796_cff4ee7b-dd78-f75a-89a6-4af3e682533e.json	201	285	323	2026/patients/ingest-responses-rpmsfhir-1000-20260804/tunnel-ingest-61-1785896430.json
/home/glilly/work/vista-stack/HL7-FHIR-quality-testing/2026/patients/raw/synthea-1000-20260804-20260804/fhir/Robbie31_Crona259_15d95c9b-9f51-44c9-5d94-f6942183a734.json	201	286	324	2026/patients/ingest-responses-rpmsfhir-1000-20260804/tunnel-ingest-62-1785896435.json
/home/glilly/work/vista-stack/HL7-FHIR-quality-testing/2026/patients/raw/synthea-1000-20260804-20260804/fhir/Kenyatta61_Cassin499_2a8a70a1-bc43-4dc7-679c-003b2e07e62c.json	201	287	325	2026/patients/ingest-responses-rpmsfhir-1000-20260804/tunnel-ingest-63-1785896441.json
/home/glilly/work/vista-stack/HL7-FHIR-quality-testing/2026/patients/raw/synthea-1000-20260804-20260804/fhir/Shon148_Gulgowski816_06ff003d-1a00-28ca-572b-58701d735fa6.json	201	288	326	2026/patients/ingest-responses-rpmsfhir-1000-20260804/tunnel-ingest-64-1785896446.json
/home/glilly/work/vista-stack/HL7-FHIR-quality-testing/2026/patients/raw/synthea-1000-20260804-20260804/fhir/Milan77_Abbott774_bc00f9d8-30f2-cbec-7709-17e0fdecceda.json	201	289	327	2026/patients/ingest-responses-rpmsfhir-1000-20260804/tunnel-ingest-65-1785896452.json
/home/glilly/work/vista-stack/HL7-FHIR-quality-testing/2026/patients/raw/synthea-1000-20260804-20260804/fhir/Raphael767_Auer97_c92aa570-ad85-8764-3add-45743cd371dd.json	201	290	328	2026/patients/ingest-responses-rpmsfhir-1000-20260804/tunnel-ingest-66-1785896457.json
/home/glilly/work/vista-stack/HL7-FHIR-quality-testing/2026/patients/raw/synthea-1000-20260804-20260804/fhir/Rigoberto443_Crona259_e5e11987-230d-5af3-ee06-9c586e155de8.json	201	291	329	2026/patients/ingest-responses-rpmsfhir-1000-20260804/tunnel-ingest-67-1785896462.json
/home/glilly/work/vista-stack/HL7-FHIR-quality-testing/2026/patients/raw/synthea-1000-20260804-20260804/fhir/Elena945_Janee223_Klein929_46979acd-d4c8-851e-c94d-579a0021f4cf.json	201	292	330	2026/patients/ingest-responses-rpmsfhir-1000-20260804/tunnel-ingest-68-1785896469.json
/home/glilly/work/vista-stack/HL7-FHIR-quality-testing/2026/patients/raw/synthea-1000-20260804-20260804/fhir/Lorenzo669_Rentería94_52ce780a-6ab9-9034-bdf5-edd28627d9de.json	201	293	331	2026/patients/ingest-responses-rpmsfhir-1000-20260804/tunnel-ingest-69-1785896475.json
/home/glilly/work/vista-stack/HL7-FHIR-quality-testing/2026/patients/raw/synthea-1000-20260804-20260804/fhir/Cruz300_Shanita956_Howell947_1bfc22fe-0bec-564d-0ef9-4d655641651e.json	201	294	332	2026/patients/ingest-responses-rpmsfhir-1000-20260804/tunnel-ingest-70-1785896481.json
/home/glilly/work/vista-stack/HL7-FHIR-quality-testing/2026/patients/raw/synthea-1000-20260804-20260804/fhir/Haywood675_Lueilwitz711_d087a8d8-437f-abdb-f5cd-e9c509633208.json	201	295	333	2026/patients/ingest-responses-rpmsfhir-1000-20260804/tunnel-ingest-71-1785896486.json
/home/glilly/work/vista-stack/HL7-FHIR-quality-testing/2026/patients/raw/synthea-1000-20260804-20260804/fhir/Candy565_Kovacek682_f38432cd-b8c8-0f43-f7f4-269d61462678.json	201	296	334	2026/patients/ingest-responses-rpmsfhir-1000-20260804/tunnel-ingest-72-1785896491.json
/home/glilly/work/vista-stack/HL7-FHIR-quality-testing/2026/patients/raw/synthea-1000-20260804-20260804/fhir/Jesus702_Leffler128_d17ef298-ddda-0f9c-06dc-bb55a685aa31.json	201	297	335	2026/patients/ingest-responses-rpmsfhir-1000-20260804/tunnel-ingest-73-1785896496.json
/home/glilly/work/vista-stack/HL7-FHIR-quality-testing/2026/patients/raw/synthea-1000-20260804-20260804/fhir/Roslyn469_Lubowitz58_093e8b01-df98-613d-fdc0-a2cac59998a1.json	201	298	336	2026/patients/ingest-responses-rpmsfhir-1000-20260804/tunnel-ingest-74-1785896502.json
/home/glilly/work/vista-stack/HL7-FHIR-quality-testing/2026/patients/raw/synthea-1000-20260804-20260804/fhir/Cornell131_Prosacco716_f355fe53-8dff-e09b-3238-dc75406c3bff.json	201	299	337	2026/patients/ingest-responses-rpmsfhir-1000-20260804/tunnel-ingest-75-1785896508.json
/home/glilly/work/vista-stack/HL7-FHIR-quality-testing/2026/patients/raw/synthea-1000-20260804-20260804/fhir/Cedric746_Kessler503_46f96ffd-d6be-b48b-f65d-23b49858774f.json	201	300	338	2026/patients/ingest-responses-rpmsfhir-1000-20260804/tunnel-ingest-76-1785896514.json
/home/glilly/work/vista-stack/HL7-FHIR-quality-testing/2026/patients/raw/synthea-1000-20260804-20260804/fhir/Philip822_Ullrich385_dd2b5d82-7705-eae1-3bca-97a76cddc84f.json	201	301	339	2026/patients/ingest-responses-rpmsfhir-1000-20260804/tunnel-ingest-77-1785896519.json
/home/glilly/work/vista-stack/HL7-FHIR-quality-testing/2026/patients/raw/synthea-1000-20260804-20260804/fhir/Fanny438_Koepp521_121622c7-0fcd-ca73-d2cf-74a49734bba4.json	201	302	340	2026/patients/ingest-responses-rpmsfhir-1000-20260804/tunnel-ingest-78-1785896526.json
/home/glilly/work/vista-stack/HL7-FHIR-quality-testing/2026/patients/raw/synthea-1000-20260804-20260804/fhir/Erwin847_Hand679_550daf15-2168-a03b-0da8-e2143d661e2a.json	201	303	341	2026/patients/ingest-responses-rpmsfhir-1000-20260804/tunnel-ingest-79-1785896531.json
/home/glilly/work/vista-stack/HL7-FHIR-quality-testing/2026/patients/raw/synthea-1000-20260804-20260804/fhir/Denver542_Kling921_0b23ce35-ad7b-acb4-16d2-9508d8b46e20.json	201	304	342	2026/patients/ingest-responses-rpmsfhir-1000-20260804/tunnel-ingest-80-1785896537.json
/home/glilly/work/vista-stack/HL7-FHIR-quality-testing/2026/patients/raw/synthea-1000-20260804-20260804/fhir/Sherril389_Gislason620_28e9870b-887e-a139-ff99-870defaef036.json	201	305	343	2026/patients/ingest-responses-rpmsfhir-1000-20260804/tunnel-ingest-81-1785896543.json
/home/glilly/work/vista-stack/HL7-FHIR-quality-testing/2026/patients/raw/synthea-1000-20260804-20260804/fhir/Darcel357_Wiza601_a728bffc-72f6-de68-32c4-c79271782183.json	201	306	344	2026/patients/ingest-responses-rpmsfhir-1000-20260804/tunnel-ingest-82-1785896548.json
/home/glilly/work/vista-stack/HL7-FHIR-quality-testing/2026/patients/raw/synthea-1000-20260804-20260804/fhir/Owen89_O'Conner199_3b74a819-d33a-0ae4-c13c-09b85caa862d.json	201	307	345	2026/patients/ingest-responses-rpmsfhir-1000-20260804/tunnel-ingest-83-1785896553.json
/home/glilly/work/vista-stack/HL7-FHIR-quality-testing/2026/patients/raw/synthea-1000-20260804-20260804/fhir/Erick204_Kessler503_36890b5a-7cf1-0949-cc92-edb7f6a213ca.json	201	308	346	2026/patients/ingest-responses-rpmsfhir-1000-20260804/tunnel-ingest-84-1785896558.json
/home/glilly/work/vista-stack/HL7-FHIR-quality-testing/2026/patients/raw/synthea-1000-20260804-20260804/fhir/Joesph309_Runolfsdottir785_9f0b2aed-ca4d-8576-f7f5-d997746e3334.json	201	309	347	2026/patients/ingest-responses-rpmsfhir-1000-20260804/tunnel-ingest-85-1785896563.json
/home/glilly/work/vista-stack/HL7-FHIR-quality-testing/2026/patients/raw/synthea-1000-20260804-20260804/fhir/Hiedi833_Azucena377_Schneider199_05b51ccc-8754-18dc-5db6-3a92854a73f3.json	201	310	348	2026/patients/ingest-responses-rpmsfhir-1000-20260804/tunnel-ingest-86-1785896568.json
/home/glilly/work/vista-stack/HL7-FHIR-quality-testing/2026/patients/raw/synthea-1000-20260804-20260804/fhir/Delphine397_Price929_54e4db17-aa43-b2a3-63e4-c4d06e95f169.json	201	311	349	2026/patients/ingest-responses-rpmsfhir-1000-20260804/tunnel-ingest-87-1785896573.json
/home/glilly/work/vista-stack/HL7-FHIR-quality-testing/2026/patients/raw/synthea-1000-20260804-20260804/fhir/Chung121_Morar593_56db8e50-e87d-facb-6b3f-5098a89f7740.json	201	312	350	2026/patients/ingest-responses-rpmsfhir-1000-20260804/tunnel-ingest-88-1785896579.json
/home/glilly/work/vista-stack/HL7-FHIR-quality-testing/2026/patients/raw/synthea-1000-20260804-20260804/fhir/Carlene772_Grimes165_2303ba76-4086-fb43-84fc-bbce994785f7.json	201	313	351	2026/patients/ingest-responses-rpmsfhir-1000-20260804/tunnel-ingest-89-1785896584.json
/home/glilly/work/vista-stack/HL7-FHIR-quality-testing/2026/patients/raw/synthea-1000-20260804-20260804/fhir/Chanell45_Quigley282_0e537d63-bdc1-d6dd-f00f-451b75c66398.json	201	314	352	2026/patients/ingest-responses-rpmsfhir-1000-20260804/tunnel-ingest-90-1785896591.json
/home/glilly/work/vista-stack/HL7-FHIR-quality-testing/2026/patients/raw/synthea-1000-20260804-20260804/fhir/Myrl830_Langosh790_69ff36de-21d5-b849-9dc1-d7ae575e783b.json	201	315	353	2026/patients/ingest-responses-rpmsfhir-1000-20260804/tunnel-ingest-91-1785896596.json
/home/glilly/work/vista-stack/HL7-FHIR-quality-testing/2026/patients/raw/synthea-1000-20260804-20260804/fhir/Elvira561_Débora815_Limón43_e22b1b68-2a31-cb19-f2c3-4aea64d26e86.json	201	316	354	2026/patients/ingest-responses-rpmsfhir-1000-20260804/tunnel-ingest-92-1785896602.json
/home/glilly/work/vista-stack/HL7-FHIR-quality-testing/2026/patients/raw/synthea-1000-20260804-20260804/fhir/Deshawn686_Funk324_23a36b4e-2d20-d5b0-d557-29b4441ece74.json	201	317	355	2026/patients/ingest-responses-rpmsfhir-1000-20260804/tunnel-ingest-93-1785896607.json
/home/glilly/work/vista-stack/HL7-FHIR-quality-testing/2026/patients/raw/synthea-1000-20260804-20260804/fhir/Paola523_Esmeralda972_Kuhlman484_3535ee5c-32c0-686e-2396-3cbac18daa74.json	201	318	356	2026/patients/ingest-responses-rpmsfhir-1000-20260804/tunnel-ingest-94-1785896611.json
/home/glilly/work/vista-stack/HL7-FHIR-quality-testing/2026/patients/raw/synthea-1000-20260804-20260804/fhir/Buford910_Rau926_c4d600d4-d430-d67a-730b-cec7ed591222.json	201	319	357	2026/patients/ingest-responses-rpmsfhir-1000-20260804/tunnel-ingest-95-1785896617.json
/home/glilly/work/vista-stack/HL7-FHIR-quality-testing/2026/patients/raw/synthea-1000-20260804-20260804/fhir/Mozelle144_Conn188_3f9a6b34-3ba2-776e-9723-6b57e568a467.json	201	320	358	2026/patients/ingest-responses-rpmsfhir-1000-20260804/tunnel-ingest-96-1785896622.json
/home/glilly/work/vista-stack/HL7-FHIR-quality-testing/2026/patients/raw/synthea-1000-20260804-20260804/fhir/Kim439_Hackett68_cc161fb2-974e-8a1f-9cd1-77afad714306.json	201	321	359	2026/patients/ingest-responses-rpmsfhir-1000-20260804/tunnel-ingest-97-1785896628.json
/home/glilly/work/vista-stack/HL7-FHIR-quality-testing/2026/patients/raw/synthea-1000-20260804-20260804/fhir/Eldridge510_Gottlieb798_0c19ed33-1bb2-1f98-ea44-4de5ee68c1bf.json	201	322	360	2026/patients/ingest-responses-rpmsfhir-1000-20260804/tunnel-ingest-98-1785896633.json
/home/glilly/work/vista-stack/HL7-FHIR-quality-testing/2026/patients/raw/synthea-1000-20260804-20260804/fhir/Nancee600_Bruen238_0bfa5dd4-4c0d-d8c8-cb79-79c6c1c975fd.json	201	323	361	2026/patients/ingest-responses-rpmsfhir-1000-20260804/tunnel-ingest-99-1785896638.json
/home/glilly/work/vista-stack/HL7-FHIR-quality-testing/2026/patients/raw/synthea-1000-20260804-20260804/fhir/Rayford811_Schuster709_d54ac787-0179-25af-32d4-68844253470a.json	201	324	362	2026/patients/ingest-responses-rpmsfhir-1000-20260804/tunnel-ingest-100-1785896644.json
/home/glilly/work/vista-stack/HL7-FHIR-quality-testing/2026/patients/raw/synthea-1000-20260804-20260804/fhir/Lashawn862_Goldner995_0be44755-6470-b6bd-4fda-36d8a58170f7.json	201	325	363	2026/patients/ingest-responses-rpmsfhir-1000-20260804/tunnel-ingest-101-1785896650.json
/home/glilly/work/vista-stack/HL7-FHIR-quality-testing/2026/patients/raw/synthea-1000-20260804-20260804/fhir/Nicolasa738_Walker122_17fbd3cf-4dc2-f281-7b1a-150d08a35a54.json	201	326	364	2026/patients/ingest-responses-rpmsfhir-1000-20260804/tunnel-ingest-102-1785896655.json
/home/glilly/work/vista-stack/HL7-FHIR-quality-testing/2026/patients/raw/synthea-1000-20260804-20260804/fhir/Duane703_Goodwin327_ec7761a0-8bfb-8b87-6a44-1aec6c5b17dc.json	201	327	365	2026/patients/ingest-responses-rpmsfhir-1000-20260804/tunnel-ingest-103-1785896660.json
/home/glilly/work/vista-stack/HL7-FHIR-quality-testing/2026/patients/raw/synthea-1000-20260804-20260804/fhir/Marty115_Homenick806_7cb052bc-b2fb-c2c9-c3fe-b0d85f23ebf6.json	201	328	366	2026/patients/ingest-responses-rpmsfhir-1000-20260804/tunnel-ingest-104-1785896665.json
/home/glilly/work/vista-stack/HL7-FHIR-quality-testing/2026/patients/raw/synthea-1000-20260804-20260804/fhir/Sidney996_Prohaska837_09faecb6-6c4c-0249-9774-cab0f3613beb.json	201	329	367	2026/patients/ingest-responses-rpmsfhir-1000-20260804/tunnel-ingest-105-1785896670.json
/home/glilly/work/vista-stack/HL7-FHIR-quality-testing/2026/patients/raw/synthea-1000-20260804-20260804/fhir/Rubin812_Treutel973_66649604-70d3-cda8-9897-845dc125e2a2.json	201	330	368	2026/patients/ingest-responses-rpmsfhir-1000-20260804/tunnel-ingest-106-1785896676.json
/home/glilly/work/vista-stack/HL7-FHIR-quality-testing/2026/patients/raw/synthea-1000-20260804-20260804/fhir/Rasheeda241_Blick895_b98e3741-c559-6749-7729-77f7b940706d.json	201	331	369	2026/patients/ingest-responses-rpmsfhir-1000-20260804/tunnel-ingest-107-1785896682.json
/home/glilly/work/vista-stack/HL7-FHIR-quality-testing/2026/patients/raw/synthea-1000-20260804-20260804/fhir/Stefan297_Roberts511_c7232ea2-7311-3b1c-cd34-d3b9921b441e.json	201	332	370	2026/patients/ingest-responses-rpmsfhir-1000-20260804/tunnel-ingest-108-1785896688.json
/home/glilly/work/vista-stack/HL7-FHIR-quality-testing/2026/patients/raw/synthea-1000-20260804-20260804/fhir/Leopoldo762_Marks830_c7963852-4e6a-d3cc-3aa3-31b42332325d.json	201	333	371	2026/patients/ingest-responses-rpmsfhir-1000-20260804/tunnel-ingest-109-1785896693.json
/home/glilly/work/vista-stack/HL7-FHIR-quality-testing/2026/patients/raw/synthea-1000-20260804-20260804/fhir/Marguerite497_Reynolds644_408a9ca7-a819-3a53-179f-7b7be24dcf74.json	201	334	372	2026/patients/ingest-responses-rpmsfhir-1000-20260804/tunnel-ingest-110-1785896698.json
/home/glilly/work/vista-stack/HL7-FHIR-quality-testing/2026/patients/raw/synthea-1000-20260804-20260804/fhir/Sid118_Bernhard322_e51cfc88-2f18-6650-5b35-3d280446e738.json	201	335	373	2026/patients/ingest-responses-rpmsfhir-1000-20260804/tunnel-ingest-111-1785896703.json
/home/glilly/work/vista-stack/HL7-FHIR-quality-testing/2026/patients/raw/synthea-1000-20260804-20260804/fhir/Rodney21_Cremin516_1a1b1c40-0a4b-ad11-11c5-ba0033a0ce5d.json	201	336	374	2026/patients/ingest-responses-rpmsfhir-1000-20260804/tunnel-ingest-112-1785896711.json
/home/glilly/work/vista-stack/HL7-FHIR-quality-testing/2026/patients/raw/synthea-1000-20260804-20260804/fhir/Nga248_Marilynn608_Labadie908_fc5f2fe6-5652-41ea-3c58-abd9c215cc06.json	201	337	375	2026/patients/ingest-responses-rpmsfhir-1000-20260804/tunnel-ingest-113-1785896716.json
/home/glilly/work/vista-stack/HL7-FHIR-quality-testing/2026/patients/raw/synthea-1000-20260804-20260804/fhir/Maryjane289_Cher186_Terry864_b1ebb3c0-9e52-bbae-dfe5-a9d47e26c529.json	201	338	376	2026/patients/ingest-responses-rpmsfhir-1000-20260804/tunnel-ingest-114-1785896723.json
/home/glilly/work/vista-stack/HL7-FHIR-quality-testing/2026/patients/raw/synthea-1000-20260804-20260804/fhir/Lamar193_Wolf938_8676b596-e60e-083d-fe78-761d52bb7073.json	201	339	377	2026/patients/ingest-responses-rpmsfhir-1000-20260804/tunnel-ingest-115-1785896730.json
/home/glilly/work/vista-stack/HL7-FHIR-quality-testing/2026/patients/raw/synthea-1000-20260804-20260804/fhir/Kennith515_Carroll471_ae7b1d12-929d-af11-3f59-4a84b8cc6a66.json	201	340	378	2026/patients/ingest-responses-rpmsfhir-1000-20260804/tunnel-ingest-116-1785896737.json
/home/glilly/work/vista-stack/HL7-FHIR-quality-testing/2026/patients/raw/synthea-1000-20260804-20260804/fhir/Kristopher775_Beahan375_9d7ff1dc-3bcb-2414-b132-61874fadb6f9.json	201	341	379	2026/patients/ingest-responses-rpmsfhir-1000-20260804/tunnel-ingest-117-1785896742.json
/home/glilly/work/vista-stack/HL7-FHIR-quality-testing/2026/patients/raw/synthea-1000-20260804-20260804/fhir/Drew592_Hahn503_b9861e4f-b00e-e26d-703a-15153d774665.json	201	342	380	2026/patients/ingest-responses-rpmsfhir-1000-20260804/tunnel-ingest-118-1785896749.json
/home/glilly/work/vista-stack/HL7-FHIR-quality-testing/2026/patients/raw/synthea-1000-20260804-20260804/fhir/Javier97_Conn188_0dbf735c-83eb-dfa3-45f3-7d1cca41ec4c.json	201	343	381	2026/patients/ingest-responses-rpmsfhir-1000-20260804/tunnel-ingest-119-1785896754.json
/home/glilly/work/vista-stack/HL7-FHIR-quality-testing/2026/patients/raw/synthea-1000-20260804-20260804/fhir/Jessie665_Thompson596_c9cce763-85c5-aaba-2819-069f15546241.json	201	344	382	2026/patients/ingest-responses-rpmsfhir-1000-20260804/tunnel-ingest-120-1785896760.json
/home/glilly/work/vista-stack/HL7-FHIR-quality-testing/2026/patients/raw/synthea-1000-20260804-20260804/fhir/Loma263_Tromp100_a0353065-a114-1677-4b62-a4fdcc14814d.json	201	345	383	2026/patients/ingest-responses-rpmsfhir-1000-20260804/tunnel-ingest-121-1785896766.json
/home/glilly/work/vista-stack/HL7-FHIR-quality-testing/2026/patients/raw/synthea-1000-20260804-20260804/fhir/Glennis930_Heaney114_0c5c6c00-a187-a290-6b37-bbc30f1e84d0.json	201	346	384	2026/patients/ingest-responses-rpmsfhir-1000-20260804/tunnel-ingest-122-1785896771.json
/home/glilly/work/vista-stack/HL7-FHIR-quality-testing/2026/patients/raw/synthea-1000-20260804-20260804/fhir/Jacinto644_Kertzmann286_a6223bec-7bf5-7800-4d61-70540a5b745a.json	201	347	385	2026/patients/ingest-responses-rpmsfhir-1000-20260804/tunnel-ingest-123-1785896778.json
/home/glilly/work/vista-stack/HL7-FHIR-quality-testing/2026/patients/raw/synthea-1000-20260804-20260804/fhir/Elvira561_Valles311_8af43268-1993-3397-d200-1393170815e5.json	201	348	386	2026/patients/ingest-responses-rpmsfhir-1000-20260804/tunnel-ingest-124-1785896784.json
/home/glilly/work/vista-stack/HL7-FHIR-quality-testing/2026/patients/raw/synthea-1000-20260804-20260804/fhir/Domenica436_Harris789_7234dcf8-1e69-6cb9-6eca-df08ee92a29e.json	201	349	387	2026/patients/ingest-responses-rpmsfhir-1000-20260804/tunnel-ingest-125-1785896789.json
/home/glilly/work/vista-stack/HL7-FHIR-quality-testing/2026/patients/raw/synthea-1000-20260804-20260804/fhir/Joe656_Schowalter414_00a83dfb-438a-edea-30db-dec5888aa150.json	201	350	388	2026/patients/ingest-responses-rpmsfhir-1000-20260804/tunnel-ingest-126-1785896796.json
/home/glilly/work/vista-stack/HL7-FHIR-quality-testing/2026/patients/raw/synthea-1000-20260804-20260804/fhir/Petra678_Labadie908_b4bf89ee-4c6a-5c02-03d1-98a79ad91d6e.json	201	351	389	2026/patients/ingest-responses-rpmsfhir-1000-20260804/tunnel-ingest-127-1785896800.json
/home/glilly/work/vista-stack/HL7-FHIR-quality-testing/2026/patients/raw/synthea-1000-20260804-20260804/fhir/Jerrod232_Towne435_4920128c-e716-0741-33ea-6b06f3225b7b.json	201	352	390	2026/patients/ingest-responses-rpmsfhir-1000-20260804/tunnel-ingest-128-1785896806.json
/home/glilly/work/vista-stack/HL7-FHIR-quality-testing/2026/patients/raw/synthea-1000-20260804-20260804/fhir/Rodney21_Hills818_5968ff90-07a4-b9d1-baf8-2724905effa5.json	201	353	391	2026/patients/ingest-responses-rpmsfhir-1000-20260804/tunnel-ingest-129-1785896812.json
/home/glilly/work/vista-stack/HL7-FHIR-quality-testing/2026/patients/raw/synthea-1000-20260804-20260804/fhir/Curt84_Bernhard322_a0a73c81-89bb-ef9f-c370-6a78c7ca1690.json	201	354	392	2026/patients/ingest-responses-rpmsfhir-1000-20260804/tunnel-ingest-130-1785896818.json
/home/glilly/work/vista-stack/HL7-FHIR-quality-testing/2026/patients/raw/synthea-1000-20260804-20260804/fhir/Gavin481_Kreiger457_a48c0661-57a4-b01b-cfeb-bba5ce3d50cb.json	201	355	393	2026/patients/ingest-responses-rpmsfhir-1000-20260804/tunnel-ingest-131-1785896825.json
/home/glilly/work/vista-stack/HL7-FHIR-quality-testing/2026/patients/raw/synthea-1000-20260804-20260804/fhir/Jesús825_Espinosa298_b9d46409-4c8c-217a-602d-e297f3e2c533.json	201	356	394	2026/patients/ingest-responses-rpmsfhir-1000-20260804/tunnel-ingest-132-1785896831.json
/home/glilly/work/vista-stack/HL7-FHIR-quality-testing/2026/patients/raw/synthea-1000-20260804-20260804/fhir/Dino214_Morissette863_e1d0e259-4571-b7bb-4ddf-d9489fb1dc4d.json	201	357	395	2026/patients/ingest-responses-rpmsfhir-1000-20260804/tunnel-ingest-133-1785896837.json
/home/glilly/work/vista-stack/HL7-FHIR-quality-testing/2026/patients/raw/synthea-1000-20260804-20260804/fhir/Pete38_Borer986_b2148b4b-5cde-b58e-6707-dcb10f4f5b55.json	201	358	396	2026/patients/ingest-responses-rpmsfhir-1000-20260804/tunnel-ingest-134-1785896843.json
/home/glilly/work/vista-stack/HL7-FHIR-quality-testing/2026/patients/raw/synthea-1000-20260804-20260804/fhir/Elsa29_Jáquez824_43d78add-bf96-03d3-f81a-9300fa59dea3.json	201	359	397	2026/patients/ingest-responses-rpmsfhir-1000-20260804/tunnel-ingest-135-1785896850.json
/home/glilly/work/vista-stack/HL7-FHIR-quality-testing/2026/patients/raw/synthea-1000-20260804-20260804/fhir/Lucas404_Quiroz936_9a3968f4-d78f-8ede-e05d-5b95d74d2a23.json	201	360	398	2026/patients/ingest-responses-rpmsfhir-1000-20260804/tunnel-ingest-136-1785896856.json
/home/glilly/work/vista-stack/HL7-FHIR-quality-testing/2026/patients/raw/synthea-1000-20260804-20260804/fhir/Justin359_Streich926_02a8d383-1a32-64bc-d029-a938af36587b.json	201	361	399	2026/patients/ingest-responses-rpmsfhir-1000-20260804/tunnel-ingest-137-1785896862.json
/home/glilly/work/vista-stack/HL7-FHIR-quality-testing/2026/patients/raw/synthea-1000-20260804-20260804/fhir/Fabian647_Hane680_6ae96293-681c-e855-3bb8-bde5d20af5a3.json	201	362	400	2026/patients/ingest-responses-rpmsfhir-1000-20260804/tunnel-ingest-138-1785896869.json
/home/glilly/work/vista-stack/HL7-FHIR-quality-testing/2026/patients/raw/synthea-1000-20260804-20260804/fhir/Lamont867_Shanahan202_772c7658-76fd-2179-7ee2-453180eb136a.json	201	363	401	2026/patients/ingest-responses-rpmsfhir-1000-20260804/tunnel-ingest-139-1785896875.json
/home/glilly/work/vista-stack/HL7-FHIR-quality-testing/2026/patients/raw/synthea-1000-20260804-20260804/fhir/Markus389_Schowalter414_789b5ae0-5455-dce9-9113-1294253743c2.json	201	364	402	2026/patients/ingest-responses-rpmsfhir-1000-20260804/tunnel-ingest-140-1785896882.json
/home/glilly/work/vista-stack/HL7-FHIR-quality-testing/2026/patients/raw/synthea-1000-20260804-20260804/fhir/Johnathon489_Pouros728_bf275098-8ca3-50e9-9983-db72a399dc4f.json	201	365	403	2026/patients/ingest-responses-rpmsfhir-1000-20260804/tunnel-ingest-141-1785896889.json
/home/glilly/work/vista-stack/HL7-FHIR-quality-testing/2026/patients/raw/synthea-1000-20260804-20260804/fhir/Miguel815_Schumm995_3804e433-c526-3165-5eda-775abe08742c.json	201	366	404	2026/patients/ingest-responses-rpmsfhir-1000-20260804/tunnel-ingest-142-1785896895.json
/home/glilly/work/vista-stack/HL7-FHIR-quality-testing/2026/patients/raw/synthea-1000-20260804-20260804/fhir/Kandi717_Joanie498_Gottlieb798_18da82c6-2511-9591-ee8e-08edf37132c2.json	201	367	405	2026/patients/ingest-responses-rpmsfhir-1000-20260804/tunnel-ingest-143-1785896901.json
/home/glilly/work/vista-stack/HL7-FHIR-quality-testing/2026/patients/raw/synthea-1000-20260804-20260804/fhir/Javier97_Purdy2_d164b046-3346-47d9-32cf-1d0b314d6a4e.json	201	368	406	2026/patients/ingest-responses-rpmsfhir-1000-20260804/tunnel-ingest-144-1785896908.json
/home/glilly/work/vista-stack/HL7-FHIR-quality-testing/2026/patients/raw/synthea-1000-20260804-20260804/fhir/Dallas143_Stracke611_7d7ab1df-91c4-c4fd-502f-af8178005c26.json	201	369	407	2026/patients/ingest-responses-rpmsfhir-1000-20260804/tunnel-ingest-145-1785896915.json
/home/glilly/work/vista-stack/HL7-FHIR-quality-testing/2026/patients/raw/synthea-1000-20260804-20260804/fhir/Ma484_Jonnie215_Lowe577_f5e5539d-0a15-5221-a323-97ec827b40cc.json	201	370	408	2026/patients/ingest-responses-rpmsfhir-1000-20260804/tunnel-ingest-146-1785896921.json
/home/glilly/work/vista-stack/HL7-FHIR-quality-testing/2026/patients/raw/synthea-1000-20260804-20260804/fhir/Sharlene906_Connelly992_c6ca72dc-20bf-b626-3a30-d99d0baae17a.json	201	371	409	2026/patients/ingest-responses-rpmsfhir-1000-20260804/tunnel-ingest-147-1785896927.json
/home/glilly/work/vista-stack/HL7-FHIR-quality-testing/2026/patients/raw/synthea-1000-20260804-20260804/fhir/Sharyl439_Bins636_4263edcc-ff58-a110-ac6c-61f057f072d2.json	201	372	410	2026/patients/ingest-responses-rpmsfhir-1000-20260804/tunnel-ingest-148-1785896933.json
/home/glilly/work/vista-stack/HL7-FHIR-quality-testing/2026/patients/raw/synthea-1000-20260804-20260804/fhir/Gloria696_Inés791_Lara964_b8fb1b33-51a3-1913-2339-5ead36dd6b59.json	201	373	411	2026/patients/ingest-responses-rpmsfhir-1000-20260804/tunnel-ingest-149-1785896940.json
/home/glilly/work/vista-stack/HL7-FHIR-quality-testing/2026/patients/raw/synthea-1000-20260804-20260804/fhir/Kristyn560_Champlin946_7f684837-4f26-0bb5-ea57-cc880cfd9a39.json	201	374	412	2026/patients/ingest-responses-rpmsfhir-1000-20260804/tunnel-ingest-150-1785896947.json
/home/glilly/work/vista-stack/HL7-FHIR-quality-testing/2026/patients/raw/synthea-1000-20260804-20260804/fhir/Elliott563_Ullrich385_3b6cdaee-2faa-2eef-17ea-dbf6949287c8.json	201	375	413	2026/patients/ingest-responses-rpmsfhir-1000-20260804/tunnel-ingest-151-1785896953.json
/home/glilly/work/vista-stack/HL7-FHIR-quality-testing/2026/patients/raw/synthea-1000-20260804-20260804/fhir/Rosalina69_Tobi258_Kunze215_d469fa6a-c889-e119-a56d-2fa0e4afeaa7.json	201	376	414	2026/patients/ingest-responses-rpmsfhir-1000-20260804/tunnel-ingest-152-1785896959.json
/home/glilly/work/vista-stack/HL7-FHIR-quality-testing/2026/patients/raw/synthea-1000-20260804-20260804/fhir/Preston275_Bernhard322_6223585b-adc3-a5c3-2df7-090c41a6dafc.json	201	377	415	2026/patients/ingest-responses-rpmsfhir-1000-20260804/tunnel-ingest-153-1785896966.json
/home/glilly/work/vista-stack/HL7-FHIR-quality-testing/2026/patients/raw/synthea-1000-20260804-20260804/fhir/Matthew562_Hintz995_2fad3e98-0168-3762-051c-5184e5903f73.json	201	378	416	2026/patients/ingest-responses-rpmsfhir-1000-20260804/tunnel-ingest-154-1785896972.json
/home/glilly/work/vista-stack/HL7-FHIR-quality-testing/2026/patients/raw/synthea-1000-20260804-20260804/fhir/Quinn173_Mueller846_157dfa03-1410-f9c0-40c9-da7ff58a03b9.json	201	379	417	2026/patients/ingest-responses-rpmsfhir-1000-20260804/tunnel-ingest-155-1785896978.json
/home/glilly/work/vista-stack/HL7-FHIR-quality-testing/2026/patients/raw/synthea-1000-20260804-20260804/fhir/Eduardo902_Hand679_4783b1a9-f802-17a2-a8ea-e71610b34f5f.json	201	380	418	2026/patients/ingest-responses-rpmsfhir-1000-20260804/tunnel-ingest-156-1785896984.json
/home/glilly/work/vista-stack/HL7-FHIR-quality-testing/2026/patients/raw/synthea-1000-20260804-20260804/fhir/Carmon128_Trantow673_d90b1ece-d0fc-c748-81a9-ef871f6dadff.json	201	381	419	2026/patients/ingest-responses-rpmsfhir-1000-20260804/tunnel-ingest-157-1785896991.json
/home/glilly/work/vista-stack/HL7-FHIR-quality-testing/2026/patients/raw/synthea-1000-20260804-20260804/fhir/Louanne686_Monahan736_22634ccb-05e1-dbc9-8e5f-d7e3feb39560.json	201	382	420	2026/patients/ingest-responses-rpmsfhir-1000-20260804/tunnel-ingest-158-1785896998.json
/home/glilly/work/vista-stack/HL7-FHIR-quality-testing/2026/patients/raw/synthea-1000-20260804-20260804/fhir/Lore422_Hayes766_e3f03d03-4a10-f80c-ecf7-68de9606c40b.json	201	383	421	2026/patients/ingest-responses-rpmsfhir-1000-20260804/tunnel-ingest-159-1785897005.json
/home/glilly/work/vista-stack/HL7-FHIR-quality-testing/2026/patients/raw/synthea-1000-20260804-20260804/fhir/Nia310_Armstrong51_a86955eb-ddc0-5673-853e-da8f62878b18.json	201	384	422	2026/patients/ingest-responses-rpmsfhir-1000-20260804/tunnel-ingest-160-1785897012.json
/home/glilly/work/vista-stack/HL7-FHIR-quality-testing/2026/patients/raw/synthea-1000-20260804-20260804/fhir/Stanton715_Rice937_0938c932-3781-db08-77e2-d74b020b7fc5.json	201	385	423	2026/patients/ingest-responses-rpmsfhir-1000-20260804/tunnel-ingest-161-1785897020.json
/home/glilly/work/vista-stack/HL7-FHIR-quality-testing/2026/patients/raw/synthea-1000-20260804-20260804/fhir/Clint766_Schmeler639_089e52ea-e4ca-344f-f695-a0cba9069d7c.json	201	386	424	2026/patients/ingest-responses-rpmsfhir-1000-20260804/tunnel-ingest-162-1785897027.json
/home/glilly/work/vista-stack/HL7-FHIR-quality-testing/2026/patients/raw/synthea-1000-20260804-20260804/fhir/Miguel_Ángel46_Carmona375_0d44878f-4d2d-eecd-0202-83b4cbff8bd7.json	201	387	425	2026/patients/ingest-responses-rpmsfhir-1000-20260804/tunnel-ingest-163-1785897034.json
/home/glilly/work/vista-stack/HL7-FHIR-quality-testing/2026/patients/raw/synthea-1000-20260804-20260804/fhir/Kristan816_Legros616_5ca2bab8-47c7-f62f-2a33-fc40e6bed6c6.json	201	388	426	2026/patients/ingest-responses-rpmsfhir-1000-20260804/tunnel-ingest-164-1785897042.json
/home/glilly/work/vista-stack/HL7-FHIR-quality-testing/2026/patients/raw/synthea-1000-20260804-20260804/fhir/Remona896_Larkin917_49fa9a44-62f0-9367-5e6b-321a7027749d.json	201	389	427	2026/patients/ingest-responses-rpmsfhir-1000-20260804/tunnel-ingest-165-1785897049.json
/home/glilly/work/vista-stack/HL7-FHIR-quality-testing/2026/patients/raw/synthea-1000-20260804-20260804/fhir/Forest317_Corwin846_30f1d9a6-bfd8-b5b3-8270-edbebb22919b.json	201	390	428	2026/patients/ingest-responses-rpmsfhir-1000-20260804/tunnel-ingest-166-1785897055.json
/home/glilly/work/vista-stack/HL7-FHIR-quality-testing/2026/patients/raw/synthea-1000-20260804-20260804/fhir/Cornelius968_Rau926_af3845d3-65ff-472b-ceb8-f581ff23e2fd.json	201	391	429	2026/patients/ingest-responses-rpmsfhir-1000-20260804/tunnel-ingest-167-1785897065.json
/home/glilly/work/vista-stack/HL7-FHIR-quality-testing/2026/patients/raw/synthea-1000-20260804-20260804/fhir/Kathy623_Thompson596_22d6017a-56a7-d468-894e-7530f865c203.json	201	392	430	2026/patients/ingest-responses-rpmsfhir-1000-20260804/tunnel-ingest-168-1785897072.json
/home/glilly/work/vista-stack/HL7-FHIR-quality-testing/2026/patients/raw/synthea-1000-20260804-20260804/fhir/Evelyne208_Jakubowski832_9a6bdf50-6165-5368-314c-4e45119dc76a.json	201	393	431	2026/patients/ingest-responses-rpmsfhir-1000-20260804/tunnel-ingest-169-1785897080.json
/home/glilly/work/vista-stack/HL7-FHIR-quality-testing/2026/patients/raw/synthea-1000-20260804-20260804/fhir/Marion502_Lowe577_9eb2966b-b55f-03c7-1a09-f37ecea3bf1b.json	201	394	432	2026/patients/ingest-responses-rpmsfhir-1000-20260804/tunnel-ingest-170-1785897087.json
/home/glilly/work/vista-stack/HL7-FHIR-quality-testing/2026/patients/raw/synthea-1000-20260804-20260804/fhir/Dylan44_Jerde200_7ee60e85-5820-faa8-84f6-a58ff0ec916c.json	201	395	433	2026/patients/ingest-responses-rpmsfhir-1000-20260804/tunnel-ingest-171-1785897094.json
/home/glilly/work/vista-stack/HL7-FHIR-quality-testing/2026/patients/raw/synthea-1000-20260804-20260804/fhir/Donn979_Mills423_e4cb6503-2dac-d282-4991-b6fbab0c2077.json	201	396	434	2026/patients/ingest-responses-rpmsfhir-1000-20260804/tunnel-ingest-172-1785897101.json
/home/glilly/work/vista-stack/HL7-FHIR-quality-testing/2026/patients/raw/synthea-1000-20260804-20260804/fhir/Ken316_Durgan499_283d19b8-c607-d4ff-a5a6-db175fbb67ee.json	201	397	435	2026/patients/ingest-responses-rpmsfhir-1000-20260804/tunnel-ingest-173-1785897109.json
/home/glilly/work/vista-stack/HL7-FHIR-quality-testing/2026/patients/raw/synthea-1000-20260804-20260804/fhir/Marion502_Weissnat378_94e42e6c-0218-d130-8285-8ab24dcdb5f4.json	201	398	436	2026/patients/ingest-responses-rpmsfhir-1000-20260804/tunnel-ingest-174-1785897116.json
/home/glilly/work/vista-stack/HL7-FHIR-quality-testing/2026/patients/raw/synthea-1000-20260804-20260804/fhir/Oliver401_Zboncak558_aa2c7030-b4a2-5de4-6512-2f99d823d94c.json	201	399	437	2026/patients/ingest-responses-rpmsfhir-1000-20260804/tunnel-ingest-175-1785897122.json
/home/glilly/work/vista-stack/HL7-FHIR-quality-testing/2026/patients/raw/synthea-1000-20260804-20260804/fhir/Garnet389_Lakin515_39f73a29-390d-a3f9-4c55-5cee4e7e8ce9.json	201	400	438	2026/patients/ingest-responses-rpmsfhir-1000-20260804/tunnel-ingest-176-1785897130.json
/home/glilly/work/vista-stack/HL7-FHIR-quality-testing/2026/patients/raw/synthea-1000-20260804-20260804/fhir/Evelyn437_Bogan287_d665e914-ae3e-7b4b-f8d5-2dbad66bf231.json	201	401	439	2026/patients/ingest-responses-rpmsfhir-1000-20260804/tunnel-ingest-177-1785897136.json
/home/glilly/work/vista-stack/HL7-FHIR-quality-testing/2026/patients/raw/synthea-1000-20260804-20260804/fhir/Rory188_Lynch190_36c48ebf-393a-a373-a578-081ba539b09e.json	201	402	440	2026/patients/ingest-responses-rpmsfhir-1000-20260804/tunnel-ingest-178-1785897142.json
/home/glilly/work/vista-stack/HL7-FHIR-quality-testing/2026/patients/raw/synthea-1000-20260804-20260804/fhir/Lucas404_Swift555_d63d9cf8-6bb3-0521-090b-ea3499bf828b.json	201	403	441	2026/patients/ingest-responses-rpmsfhir-1000-20260804/tunnel-ingest-179-1785897147.json
/home/glilly/work/vista-stack/HL7-FHIR-quality-testing/2026/patients/raw/synthea-1000-20260804-20260804/fhir/Eleonora961_Lockman863_e32aea4c-a25f-9650-9b96-7c2d442c18c4.json	201	404	442	2026/patients/ingest-responses-rpmsfhir-1000-20260804/tunnel-ingest-180-1785897155.json
/home/glilly/work/vista-stack/HL7-FHIR-quality-testing/2026/patients/raw/synthea-1000-20260804-20260804/fhir/Robt687_Gorczany269_18694c42-fb07-67db-9d9d-c746de09552a.json	201	405	443	2026/patients/ingest-responses-rpmsfhir-1000-20260804/tunnel-ingest-181-1785897163.json
/home/glilly/work/vista-stack/HL7-FHIR-quality-testing/2026/patients/raw/synthea-1000-20260804-20260804/fhir/Carola944_VonRueden376_c475acb1-d824-43da-c5da-4244637024f7.json	201	406	444	2026/patients/ingest-responses-rpmsfhir-1000-20260804/tunnel-ingest-182-1785897169.json
/home/glilly/work/vista-stack/HL7-FHIR-quality-testing/2026/patients/raw/synthea-1000-20260804-20260804/fhir/Mirna233_Inger271_McDermott739_337b30ba-78dc-bf81-4711-be2ba694edd3.json	201	407	445	2026/patients/ingest-responses-rpmsfhir-1000-20260804/tunnel-ingest-183-1785897176.json
/home/glilly/work/vista-stack/HL7-FHIR-quality-testing/2026/patients/raw/synthea-1000-20260804-20260804/fhir/Corey514_Vandervort697_c84a91a1-884c-e3e4-d5e0-b5d3f05950fb.json	201	408	446	2026/patients/ingest-responses-rpmsfhir-1000-20260804/tunnel-ingest-184-1785897184.json
/home/glilly/work/vista-stack/HL7-FHIR-quality-testing/2026/patients/raw/synthea-1000-20260804-20260804/fhir/Carma664_Dickinson688_d71fb951-1a2e-072f-6cd2-194f900740a5.json	201	409	447	2026/patients/ingest-responses-rpmsfhir-1000-20260804/tunnel-ingest-185-1785897192.json
/home/glilly/work/vista-stack/HL7-FHIR-quality-testing/2026/patients/raw/synthea-1000-20260804-20260804/fhir/Sergio619_Veum823_820f4c79-fc4d-fbbd-3e25-ceffa1391872.json	201	410	448	2026/patients/ingest-responses-rpmsfhir-1000-20260804/tunnel-ingest-186-1785897200.json
/home/glilly/work/vista-stack/HL7-FHIR-quality-testing/2026/patients/raw/synthea-1000-20260804-20260804/fhir/Chuck784_Hayes766_3ff47e80-23f2-7f36-8a27-a11f50cf4d40.json	201	411	449	2026/patients/ingest-responses-rpmsfhir-1000-20260804/tunnel-ingest-187-1785897206.json
/home/glilly/work/vista-stack/HL7-FHIR-quality-testing/2026/patients/raw/synthea-1000-20260804-20260804/fhir/Dustin31_Schaefer657_b63cdd1f-c5ef-b7f5-72e3-eb668ff48110.json	201	412	450	2026/patients/ingest-responses-rpmsfhir-1000-20260804/tunnel-ingest-188-1785897212.json
/home/glilly/work/vista-stack/HL7-FHIR-quality-testing/2026/patients/raw/synthea-1000-20260804-20260804/fhir/Lanny564_Haag279_4a2156ed-c414-280a-7956-443a367e89be.json	201	413	451	2026/patients/ingest-responses-rpmsfhir-1000-20260804/tunnel-ingest-189-1785897218.json
/home/glilly/work/vista-stack/HL7-FHIR-quality-testing/2026/patients/raw/synthea-1000-20260804-20260804/fhir/Marcos263_Hills818_fc2068a0-9b95-2936-6fca-032c3b5a1295.json	201	414	452	2026/patients/ingest-responses-rpmsfhir-1000-20260804/tunnel-ingest-190-1785897226.json
/home/glilly/work/vista-stack/HL7-FHIR-quality-testing/2026/patients/raw/synthea-1000-20260804-20260804/fhir/Miguel_Ángel46_Orellana194_6c2ff3cc-127e-85fe-2bf0-f139430892f7.json	201	415	453	2026/patients/ingest-responses-rpmsfhir-1000-20260804/tunnel-ingest-191-1785897234.json
/home/glilly/work/vista-stack/HL7-FHIR-quality-testing/2026/patients/raw/synthea-1000-20260804-20260804/fhir/Raphael767_Bartell116_79a67e7c-2ce5-e156-17b9-5cf13550b065.json	201	416	454	2026/patients/ingest-responses-rpmsfhir-1000-20260804/tunnel-ingest-192-1785897241.json
/home/glilly/work/vista-stack/HL7-FHIR-quality-testing/2026/patients/raw/synthea-1000-20260804-20260804/fhir/Darline247_Abbott774_d90f929d-c743-1493-9352-0ade7538218e.json	201	417	455	2026/patients/ingest-responses-rpmsfhir-1000-20260804/tunnel-ingest-193-1785897247.json
/home/glilly/work/vista-stack/HL7-FHIR-quality-testing/2026/patients/raw/synthea-1000-20260804-20260804/fhir/Odell776_Fahey393_ccd981d6-db99-1398-f9a0-7c6ff08ad2e5.json	201	418	456	2026/patients/ingest-responses-rpmsfhir-1000-20260804/tunnel-ingest-194-1785897254.json
/home/glilly/work/vista-stack/HL7-FHIR-quality-testing/2026/patients/raw/synthea-1000-20260804-20260804/fhir/Marianela210_Shanahan202_5fac1fc5-8eb1-d1df-01ae-02e974f5c7eb.json	201	419	457	2026/patients/ingest-responses-rpmsfhir-1000-20260804/tunnel-ingest-195-1785897261.json
/home/glilly/work/vista-stack/HL7-FHIR-quality-testing/2026/patients/raw/synthea-1000-20260804-20260804/fhir/Donnie175_Durgan499_c16e88f7-b196-f824-701e-af61b49cb0d5.json	201	420	458	2026/patients/ingest-responses-rpmsfhir-1000-20260804/tunnel-ingest-196-1785897267.json
/home/glilly/work/vista-stack/HL7-FHIR-quality-testing/2026/patients/raw/synthea-1000-20260804-20260804/fhir/Earlean804_Homenick806_5264ab87-2fa3-2392-f612-cfd9d817a2ce.json	201	421	459	2026/patients/ingest-responses-rpmsfhir-1000-20260804/tunnel-ingest-197-1785897275.json
/home/glilly/work/vista-stack/HL7-FHIR-quality-testing/2026/patients/raw/synthea-1000-20260804-20260804/fhir/Delmer311_Walter473_09fb077e-147c-7a9a-e66f-62e48f932d21.json	201	422	460	2026/patients/ingest-responses-rpmsfhir-1000-20260804/tunnel-ingest-198-1785897283.json
/home/glilly/work/vista-stack/HL7-FHIR-quality-testing/2026/patients/raw/synthea-1000-20260804-20260804/fhir/Mardell937_Bins636_b0d8c3d7-59f8-1501-db18-0ccc61814a4d.json	201	423	461	2026/patients/ingest-responses-rpmsfhir-1000-20260804/tunnel-ingest-199-1785897289.json
/home/glilly/work/vista-stack/HL7-FHIR-quality-testing/2026/patients/raw/synthea-1000-20260804-20260804/fhir/Sherryl893_Leffler128_3f07b7b1-8726-93cc-86ea-cedcdc6a2c6e.json	201	424	462	2026/patients/ingest-responses-rpmsfhir-1000-20260804/tunnel-ingest-200-1785897295.json
/home/glilly/work/vista-stack/HL7-FHIR-quality-testing/2026/patients/raw/synthea-1000-20260804-20260804/fhir/Janey243_Johns824_e148d3b1-eb75-6e3e-fe4d-010442d68531.json	201	425	463	2026/patients/ingest-responses-rpmsfhir-1000-20260804/tunnel-ingest-201-1785897301.json
/home/glilly/work/vista-stack/HL7-FHIR-quality-testing/2026/patients/raw/synthea-1000-20260804-20260804/fhir/Clyde817_Champlin946_ddd20a2b-9528-dd08-4f79-56a1f3b290cc.json	201	426	464	2026/patients/ingest-responses-rpmsfhir-1000-20260804/tunnel-ingest-202-1785897311.json
/home/glilly/work/vista-stack/HL7-FHIR-quality-testing/2026/patients/raw/synthea-1000-20260804-20260804/fhir/Ferne426_Howe413_34fed01d-d178-eb0d-acb6-807187e2bd17.json	201	427	465	2026/patients/ingest-responses-rpmsfhir-1000-20260804/tunnel-ingest-203-1785897320.json
/home/glilly/work/vista-stack/HL7-FHIR-quality-testing/2026/patients/raw/synthea-1000-20260804-20260804/fhir/Coy949_Weber641_eddab861-8785-0111-193a-73458e08765c.json	201	428	466	2026/patients/ingest-responses-rpmsfhir-1000-20260804/tunnel-ingest-204-1785897327.json
/home/glilly/work/vista-stack/HL7-FHIR-quality-testing/2026/patients/raw/synthea-1000-20260804-20260804/fhir/Darrick836_Hudson301_1ca2110e-c9a6-d0dc-ba10-bd1b0be9fa3f.json	201	429	467	2026/patients/ingest-responses-rpmsfhir-1000-20260804/tunnel-ingest-205-1785897335.json
/home/glilly/work/vista-stack/HL7-FHIR-quality-testing/2026/patients/raw/synthea-1000-20260804-20260804/fhir/Reyna401_Paola523_Schimmel440_31e6f21d-fcae-0c36-e599-44d39b9fa303.json	201	430	468	2026/patients/ingest-responses-rpmsfhir-1000-20260804/tunnel-ingest-206-1785897341.json
/home/glilly/work/vista-stack/HL7-FHIR-quality-testing/2026/patients/raw/synthea-1000-20260804-20260804/fhir/Scott935_Cyndi533_Pfeffer420_75df2b2e-7aee-3000-929b-b5135c5efc7e.json	201	431	469	2026/patients/ingest-responses-rpmsfhir-1000-20260804/tunnel-ingest-207-1785897348.json
/home/glilly/work/vista-stack/HL7-FHIR-quality-testing/2026/patients/raw/synthea-1000-20260804-20260804/fhir/Joane83_Williamson769_0e618f7b-6d8c-e519-94cf-8ddeea400371.json	201	432	470	2026/patients/ingest-responses-rpmsfhir-1000-20260804/tunnel-ingest-208-1785897355.json
/home/glilly/work/vista-stack/HL7-FHIR-quality-testing/2026/patients/raw/synthea-1000-20260804-20260804/fhir/Hung902_Hirthe744_d2bcbaf4-ec3f-5575-b77a-93017e62b32b.json	201	433	471	2026/patients/ingest-responses-rpmsfhir-1000-20260804/tunnel-ingest-209-1785897362.json
/home/glilly/work/vista-stack/HL7-FHIR-quality-testing/2026/patients/raw/synthea-1000-20260804-20260804/fhir/Bryon392_Hahn503_81e22e28-3c42-982a-30c1-a29497d4db6a.json	201	434	472	2026/patients/ingest-responses-rpmsfhir-1000-20260804/tunnel-ingest-210-1785897370.json
/home/glilly/work/vista-stack/HL7-FHIR-quality-testing/2026/patients/raw/synthea-1000-20260804-20260804/fhir/Delsie188_Keira502_Pagac496_20edfba6-f688-b934-74a5-76fc25e82609.json	201	435	473	2026/patients/ingest-responses-rpmsfhir-1000-20260804/tunnel-ingest-211-1785897378.json
/home/glilly/work/vista-stack/HL7-FHIR-quality-testing/2026/patients/raw/synthea-1000-20260804-20260804/fhir/Ronny764_Barrows492_2ed9f98c-0ddd-3446-b8d5-18f1f1dcd296.json	201	436	474	2026/patients/ingest-responses-rpmsfhir-1000-20260804/tunnel-ingest-212-1785897386.json
/home/glilly/work/vista-stack/HL7-FHIR-quality-testing/2026/patients/raw/synthea-1000-20260804-20260804/fhir/Shae705_Gorczany269_9baedbf4-b6c0-5d7f-6d97-776c6655ae61.json	201	437	475	2026/patients/ingest-responses-rpmsfhir-1000-20260804/tunnel-ingest-213-1785897393.json
/home/glilly/work/vista-stack/HL7-FHIR-quality-testing/2026/patients/raw/synthea-1000-20260804-20260804/fhir/Michal596_Cummings51_f0fb6a5f-c07b-0767-c9d8-fa9d6f7635fd.json	201	438	476	2026/patients/ingest-responses-rpmsfhir-1000-20260804/tunnel-ingest-214-1785897400.json
/home/glilly/work/vista-stack/HL7-FHIR-quality-testing/2026/patients/raw/synthea-1000-20260804-20260804/fhir/Daniel959_Huerta329_90a2f738-8730-e6cd-36c1-6679ca53a080.json	201	439	477	2026/patients/ingest-responses-rpmsfhir-1000-20260804/tunnel-ingest-215-1785897408.json
/home/glilly/work/vista-stack/HL7-FHIR-quality-testing/2026/patients/raw/synthea-1000-20260804-20260804/fhir/Pablo44_Lovato727_e4d64a93-fb00-df73-363c-001dcecfc912.json	201	440	478	2026/patients/ingest-responses-rpmsfhir-1000-20260804/tunnel-ingest-216-1785897414.json
/home/glilly/work/vista-stack/HL7-FHIR-quality-testing/2026/patients/raw/synthea-1000-20260804-20260804/fhir/Demetrius568_Louvenia131_Lemke654_0a9b859e-90d8-7241-728d-6aa0c9ce43f6.json	201	441	479	2026/patients/ingest-responses-rpmsfhir-1000-20260804/tunnel-ingest-217-1785897422.json
/home/glilly/work/vista-stack/HL7-FHIR-quality-testing/2026/patients/raw/synthea-1000-20260804-20260804/fhir/Karol905_Kling921_58431482-d66b-a61d-4bbb-66312184a8a1.json	201	442	480	2026/patients/ingest-responses-rpmsfhir-1000-20260804/tunnel-ingest-218-1785897432.json
/home/glilly/work/vista-stack/HL7-FHIR-quality-testing/2026/patients/raw/synthea-1000-20260804-20260804/fhir/Leland44_Feeney44_4d4dde21-3cb6-26c8-123e-47ab3152d5df.json	201	443	481	2026/patients/ingest-responses-rpmsfhir-1000-20260804/tunnel-ingest-219-1785897439.json
/home/glilly/work/vista-stack/HL7-FHIR-quality-testing/2026/patients/raw/synthea-1000-20260804-20260804/fhir/Chi716_Davis923_5cd77be0-c102-b0af-3586-ef9ea4f1b76f.json	201	444	482	2026/patients/ingest-responses-rpmsfhir-1000-20260804/tunnel-ingest-220-1785897447.json
/home/glilly/work/vista-stack/HL7-FHIR-quality-testing/2026/patients/raw/synthea-1000-20260804-20260804/fhir/Rebeca548_Mata817_9739aa3e-6b5c-099e-2f30-7def5422b8de.json	201	445	483	2026/patients/ingest-responses-rpmsfhir-1000-20260804/tunnel-ingest-221-1785897454.json
/home/glilly/work/vista-stack/HL7-FHIR-quality-testing/2026/patients/raw/synthea-1000-20260804-20260804/fhir/Esteban536_Larson43_24645c01-8a0c-3494-ac99-f8bb96ab12cd.json	201	446	484	2026/patients/ingest-responses-rpmsfhir-1000-20260804/tunnel-ingest-222-1785897462.json
/home/glilly/work/vista-stack/HL7-FHIR-quality-testing/2026/patients/raw/synthea-1000-20260804-20260804/fhir/Rosendo998_Crona259_693621a6-cdcf-d96f-024c-49d141490f43.json	201	447	485	2026/patients/ingest-responses-rpmsfhir-1000-20260804/tunnel-ingest-223-1785897468.json
/home/glilly/work/vista-stack/HL7-FHIR-quality-testing/2026/patients/raw/synthea-1000-20260804-20260804/fhir/Cristopher265_Carroll471_70334fca-785b-2a7a-59bd-895a1ce175eb.json	201	448	486	2026/patients/ingest-responses-rpmsfhir-1000-20260804/tunnel-ingest-224-1785897476.json
/home/glilly/work/vista-stack/HL7-FHIR-quality-testing/2026/patients/raw/synthea-1000-20260804-20260804/fhir/Eduardo902_Farrell962_b627333e-717e-f997-fdc7-76e267308d86.json	201	449	487	2026/patients/ingest-responses-rpmsfhir-1000-20260804/tunnel-ingest-225-1785897484.json
/home/glilly/work/vista-stack/HL7-FHIR-quality-testing/2026/patients/raw/synthea-1000-20260804-20260804/fhir/Rosalia943_Matos876_d6fd7495-aa04-02d3-6d68-61c0fa36bde0.json	201	450	488	2026/patients/ingest-responses-rpmsfhir-1000-20260804/tunnel-ingest-226-1785897492.json
/home/glilly/work/vista-stack/HL7-FHIR-quality-testing/2026/patients/raw/synthea-1000-20260804-20260804/fhir/Heath320_Eichmann909_b2ab3a77-2f92-7b01-fd01-4b5e68f8b2a6.json	201	451	489	2026/patients/ingest-responses-rpmsfhir-1000-20260804/tunnel-ingest-227-1785897500.json
/home/glilly/work/vista-stack/HL7-FHIR-quality-testing/2026/patients/raw/synthea-1000-20260804-20260804/fhir/Jamie386_Gleason633_601e6088-3864-3eef-5e4d-e34599cba66d.json	201	452	490	2026/patients/ingest-responses-rpmsfhir-1000-20260804/tunnel-ingest-228-1785897506.json
/home/glilly/work/vista-stack/HL7-FHIR-quality-testing/2026/patients/raw/synthea-1000-20260804-20260804/fhir/Laila673_Beer512_7ecf744a-0995-4801-6205-0edf8dc06d84.json	201	453	491	2026/patients/ingest-responses-rpmsfhir-1000-20260804/tunnel-ingest-229-1785897513.json
/home/glilly/work/vista-stack/HL7-FHIR-quality-testing/2026/patients/raw/synthea-1000-20260804-20260804/fhir/Dane516_Fritsch593_21df53c4-f53e-f9a4-0f0a-ddc45cca92e6.json	201	454	492	2026/patients/ingest-responses-rpmsfhir-1000-20260804/tunnel-ingest-230-1785897519.json
/home/glilly/work/vista-stack/HL7-FHIR-quality-testing/2026/patients/raw/synthea-1000-20260804-20260804/fhir/Evia329_Koch169_53c4308d-5b2e-1b4e-45bf-54a0a1fa9989.json	201	455	493	2026/patients/ingest-responses-rpmsfhir-1000-20260804/tunnel-ingest-231-1785897527.json
/home/glilly/work/vista-stack/HL7-FHIR-quality-testing/2026/patients/raw/synthea-1000-20260804-20260804/fhir/Candace369_Nicole384_Pacocha935_ed39989a-7b2d-38a8-edef-71356a3b9c16.json	201	456	494	2026/patients/ingest-responses-rpmsfhir-1000-20260804/tunnel-ingest-232-1785897535.json
/home/glilly/work/vista-stack/HL7-FHIR-quality-testing/2026/patients/raw/synthea-1000-20260804-20260804/fhir/Marshall526_Schroeder447_e97a9af7-6916-7ee0-82e5-5d7b7ddc93a4.json	201	457	495	2026/patients/ingest-responses-rpmsfhir-1000-20260804/tunnel-ingest-233-1785897541.json
/home/glilly/work/vista-stack/HL7-FHIR-quality-testing/2026/patients/raw/synthea-1000-20260804-20260804/fhir/Mathew182_Davis923_771c6844-a710-900c-5c4a-f60b81b0209c.json	201	458	496	2026/patients/ingest-responses-rpmsfhir-1000-20260804/tunnel-ingest-234-1785897550.json
/home/glilly/work/vista-stack/HL7-FHIR-quality-testing/2026/patients/raw/synthea-1000-20260804-20260804/fhir/Holly570_Temeka297_Gorczany269_7cc07ef9-8a07-0a06-caa2-ba09dba29a8a.json	201	459	497	2026/patients/ingest-responses-rpmsfhir-1000-20260804/tunnel-ingest-235-1785897557.json
/home/glilly/work/vista-stack/HL7-FHIR-quality-testing/2026/patients/raw/synthea-1000-20260804-20260804/fhir/Clair921_Gutmann970_dfc899f2-569c-e068-ff07-5d63edea1550.json	201	460	498	2026/patients/ingest-responses-rpmsfhir-1000-20260804/tunnel-ingest-236-1785897565.json
/home/glilly/work/vista-stack/HL7-FHIR-quality-testing/2026/patients/raw/synthea-1000-20260804-20260804/fhir/Loraine318_Goyette777_90016377-7782-8f22-4b35-35d621bffedd.json	201	461	499	2026/patients/ingest-responses-rpmsfhir-1000-20260804/tunnel-ingest-237-1785897571.json
/home/glilly/work/vista-stack/HL7-FHIR-quality-testing/2026/patients/raw/synthea-1000-20260804-20260804/fhir/Eddie505_Sipes176_93fa772e-8a08-dd72-bde4-c1bb65d3f063.json	201	462	500	2026/patients/ingest-responses-rpmsfhir-1000-20260804/tunnel-ingest-238-1785897579.json
/home/glilly/work/vista-stack/HL7-FHIR-quality-testing/2026/patients/raw/synthea-1000-20260804-20260804/fhir/Lou594_Corwin846_46891f18-284d-184b-2410-b89d1a1f45b3.json	201	463	501	2026/patients/ingest-responses-rpmsfhir-1000-20260804/tunnel-ingest-239-1785897587.json
/home/glilly/work/vista-stack/HL7-FHIR-quality-testing/2026/patients/raw/synthea-1000-20260804-20260804/fhir/Marge692_Howe413_409f07a2-2a76-efa6-7d46-2691c13d0fbb.json	201	464	502	2026/patients/ingest-responses-rpmsfhir-1000-20260804/tunnel-ingest-240-1785897594.json
/home/glilly/work/vista-stack/HL7-FHIR-quality-testing/2026/patients/raw/synthea-1000-20260804-20260804/fhir/Clarisa227_Lacey714_Breitenberg711_33c80ede-0ef1-0399-b8d1-421a4b8257d2.json	201	465	503	2026/patients/ingest-responses-rpmsfhir-1000-20260804/tunnel-ingest-241-1785897601.json
/home/glilly/work/vista-stack/HL7-FHIR-quality-testing/2026/patients/raw/synthea-1000-20260804-20260804/fhir/Darrel772_Goyette777_1d2cdc68-14b8-1000-bd1c-f317e2220c36.json	201	466	504	2026/patients/ingest-responses-rpmsfhir-1000-20260804/tunnel-ingest-242-1785897611.json
/home/glilly/work/vista-stack/HL7-FHIR-quality-testing/2026/patients/raw/synthea-1000-20260804-20260804/fhir/Estela596_Micaela928_Casas271_93be872f-1695-f2a6-a2d1-ea234c9f3e5c.json	201	467	505	2026/patients/ingest-responses-rpmsfhir-1000-20260804/tunnel-ingest-243-1785897616.json
/home/glilly/work/vista-stack/HL7-FHIR-quality-testing/2026/patients/raw/synthea-1000-20260804-20260804/fhir/Ferdinand55_Wunsch504_7aee8a11-43ab-d883-bbf4-e55596ed5bb7.json	201	468	506	2026/patients/ingest-responses-rpmsfhir-1000-20260804/tunnel-ingest-244-1785897624.json
/home/glilly/work/vista-stack/HL7-FHIR-quality-testing/2026/patients/raw/synthea-1000-20260804-20260804/fhir/Milford485_Tillman293_ff0509f6-b6f3-323e-3177-4662bbfceea5.json	201	469	507	2026/patients/ingest-responses-rpmsfhir-1000-20260804/tunnel-ingest-245-1785897632.json
/home/glilly/work/vista-stack/HL7-FHIR-quality-testing/2026/patients/raw/synthea-1000-20260804-20260804/fhir/Layla49_Beer512_c0e15a36-9b09-049a-4633-9a58c2de6153.json	201	470	508	2026/patients/ingest-responses-rpmsfhir-1000-20260804/tunnel-ingest-246-1785897640.json
/home/glilly/work/vista-stack/HL7-FHIR-quality-testing/2026/patients/raw/synthea-1000-20260804-20260804/fhir/Jaunita130_Price929_557a1abb-ee09-9562-c26a-83e6f271c692.json	201	471	509	2026/patients/ingest-responses-rpmsfhir-1000-20260804/tunnel-ingest-247-1785897646.json
/home/glilly/work/vista-stack/HL7-FHIR-quality-testing/2026/patients/raw/synthea-1000-20260804-20260804/fhir/Seth414_Barrows492_9f3d0322-e8a0-fb04-f510-5d6eff802d51.json	201	472	510	2026/patients/ingest-responses-rpmsfhir-1000-20260804/tunnel-ingest-248-1785897655.json
/home/glilly/work/vista-stack/HL7-FHIR-quality-testing/2026/patients/raw/synthea-1000-20260804-20260804/fhir/Clark193_Feil794_8481c309-b921-aae3-b503-fd6260b60571.json	201	473	511	2026/patients/ingest-responses-rpmsfhir-1000-20260804/tunnel-ingest-249-1785897662.json
/home/glilly/work/vista-stack/HL7-FHIR-quality-testing/2026/patients/raw/synthea-1000-20260804-20260804/fhir/Matha641_Schuster709_d163296c-2fd7-d40a-221d-a19d53d45db3.json	201	474	512	2026/patients/ingest-responses-rpmsfhir-1000-20260804/tunnel-ingest-250-1785897670.json
/home/glilly/work/vista-stack/HL7-FHIR-quality-testing/2026/patients/raw/synthea-1000-20260804-20260804/fhir/Ivan258_Roberts511_1243c4d3-5170-6c43-66fd-29db3110812e.json	201	475	513	2026/patients/ingest-responses-rpmsfhir-1000-20260804/tunnel-ingest-251-1785897676.json
/home/glilly/work/vista-stack/HL7-FHIR-quality-testing/2026/patients/raw/synthea-1000-20260804-20260804/fhir/César846_Frías523_f7c386f7-aa08-6178-cd2c-2f649587bbf9.json	201	476	514	2026/patients/ingest-responses-rpmsfhir-1000-20260804/tunnel-ingest-252-1785897683.json
/home/glilly/work/vista-stack/HL7-FHIR-quality-testing/2026/patients/raw/synthea-1000-20260804-20260804/fhir/Leonard963_Bosco882_03e66724-bb3a-d1ba-83cb-37cade09544a.json	201	477	515	2026/patients/ingest-responses-rpmsfhir-1000-20260804/tunnel-ingest-253-1785897694.json
/home/glilly/work/vista-stack/HL7-FHIR-quality-testing/2026/patients/raw/synthea-1000-20260804-20260804/fhir/Jules135_Effertz744_dd01339d-d4ba-6883-9f23-734ac68b2ca5.json	201	478	516	2026/patients/ingest-responses-rpmsfhir-1000-20260804/tunnel-ingest-254-1785897701.json
/home/glilly/work/vista-stack/HL7-FHIR-quality-testing/2026/patients/raw/synthea-1000-20260804-20260804/fhir/Demetrius568_Marks830_31d8a840-0f47-22bb-bc45-a1080d921a81.json	201	479	517	2026/patients/ingest-responses-rpmsfhir-1000-20260804/tunnel-ingest-255-1785897710.json
/home/glilly/work/vista-stack/HL7-FHIR-quality-testing/2026/patients/raw/synthea-1000-20260804-20260804/fhir/Joe656_Daniel959_48883542-02d5-bdce-b080-0304e56afef9.json	201	480	518	2026/patients/ingest-responses-rpmsfhir-1000-20260804/tunnel-ingest-256-1785897718.json
/home/glilly/work/vista-stack/HL7-FHIR-quality-testing/2026/patients/raw/synthea-1000-20260804-20260804/fhir/Colby655_Schoen8_4e0d7a2b-8a08-5baa-f187-a7b48c78af64.json	201	481	519	2026/patients/ingest-responses-rpmsfhir-1000-20260804/tunnel-ingest-257-1785897727.json
/home/glilly/work/vista-stack/HL7-FHIR-quality-testing/2026/patients/raw/synthea-1000-20260804-20260804/fhir/Darnell564_Goodwin327_7b7df921-fc21-3990-357e-a762ba35d0a0.json	201	482	520	2026/patients/ingest-responses-rpmsfhir-1000-20260804/tunnel-ingest-258-1785897736.json
/home/glilly/work/vista-stack/HL7-FHIR-quality-testing/2026/patients/raw/synthea-1000-20260804-20260804/fhir/Domenic627_Welch179_cdc8276f-97cb-b342-6436-edaad67869e8.json	201	483	521	2026/patients/ingest-responses-rpmsfhir-1000-20260804/tunnel-ingest-259-1785897742.json
/home/glilly/work/vista-stack/HL7-FHIR-quality-testing/2026/patients/raw/synthea-1000-20260804-20260804/fhir/Marybelle759_Reilly981_77ef101c-2c26-1089-8831-5d2a3863cd35.json	201	484	522	2026/patients/ingest-responses-rpmsfhir-1000-20260804/tunnel-ingest-260-1785897750.json
/home/glilly/work/vista-stack/HL7-FHIR-quality-testing/2026/patients/raw/synthea-1000-20260804-20260804/fhir/Leonard963_Wolff180_13086a09-6d94-33fe-cd3d-c7e7a4caf1b3.json	201	485	523	2026/patients/ingest-responses-rpmsfhir-1000-20260804/tunnel-ingest-261-1785897759.json
/home/glilly/work/vista-stack/HL7-FHIR-quality-testing/2026/patients/raw/synthea-1000-20260804-20260804/fhir/Gordon377_Runolfsdottir785_cda20a63-07ff-ef15-4b16-77d6863ae079.json	201	486	524	2026/patients/ingest-responses-rpmsfhir-1000-20260804/tunnel-ingest-262-1785897767.json
/home/glilly/work/vista-stack/HL7-FHIR-quality-testing/2026/patients/raw/synthea-1000-20260804-20260804/fhir/Markus389_Orn563_aa681997-1d84-20ab-66a3-08c919baddc1.json	201	487	525	2026/patients/ingest-responses-rpmsfhir-1000-20260804/tunnel-ingest-263-1785897774.json
/home/glilly/work/vista-stack/HL7-FHIR-quality-testing/2026/patients/raw/synthea-1000-20260804-20260804/fhir/Delbert384_Flatley871_e7557f85-41e7-7d6b-a00b-34031fc2a260.json	201	488	526	2026/patients/ingest-responses-rpmsfhir-1000-20260804/tunnel-ingest-264-1785897784.json
/home/glilly/work/vista-stack/HL7-FHIR-quality-testing/2026/patients/raw/synthea-1000-20260804-20260804/fhir/Merlyn225_Murphy561_44547975-b561-95c1-2890-0a002bc5fb91.json	201	489	527	2026/patients/ingest-responses-rpmsfhir-1000-20260804/tunnel-ingest-265-1785897791.json
/home/glilly/work/vista-stack/HL7-FHIR-quality-testing/2026/patients/raw/synthea-1000-20260804-20260804/fhir/Lisette854_Kuphal363_a5451799-d264-87f3-c056-f549a154a9dd.json	201	490	528	2026/patients/ingest-responses-rpmsfhir-1000-20260804/tunnel-ingest-266-1785897799.json
/home/glilly/work/vista-stack/HL7-FHIR-quality-testing/2026/patients/raw/synthea-1000-20260804-20260804/fhir/Mila257_Hagenes547_8f8f207b-c6ee-d41e-1eaf-4859350c1c73.json	201	491	529	2026/patients/ingest-responses-rpmsfhir-1000-20260804/tunnel-ingest-267-1785897806.json
/home/glilly/work/vista-stack/HL7-FHIR-quality-testing/2026/patients/raw/synthea-1000-20260804-20260804/fhir/Delphia725_Mitchell808_1467f4f3-6755-dd80-e084-7123fdfc8adf.json	201	492	530	2026/patients/ingest-responses-rpmsfhir-1000-20260804/tunnel-ingest-268-1785897813.json
/home/glilly/work/vista-stack/HL7-FHIR-quality-testing/2026/patients/raw/synthea-1000-20260804-20260804/fhir/Margarette462_Harber290_26eea796-6c39-514f-00e0-8ffbb2e9e906.json	201	493	531	2026/patients/ingest-responses-rpmsfhir-1000-20260804/tunnel-ingest-269-1785897821.json
/home/glilly/work/vista-stack/HL7-FHIR-quality-testing/2026/patients/raw/synthea-1000-20260804-20260804/fhir/Leroy603_Bradtke547_22aba301-8578-b334-eef5-5e2cc167ba17.json	201	494	532	2026/patients/ingest-responses-rpmsfhir-1000-20260804/tunnel-ingest-270-1785897830.json
/home/glilly/work/vista-stack/HL7-FHIR-quality-testing/2026/patients/raw/synthea-1000-20260804-20260804/fhir/Lester513_Zulauf375_4d8ad2f5-5cb4-6695-f479-ca544d72dbdc.json	201	495	533	2026/patients/ingest-responses-rpmsfhir-1000-20260804/tunnel-ingest-271-1785897837.json
/home/glilly/work/vista-stack/HL7-FHIR-quality-testing/2026/patients/raw/synthea-1000-20260804-20260804/fhir/Lorette239_Mayer370_20a52d2f-fff3-d20e-58b3-b2fb5e665914.json	201	496	534	2026/patients/ingest-responses-rpmsfhir-1000-20260804/tunnel-ingest-272-1785897845.json
/home/glilly/work/vista-stack/HL7-FHIR-quality-testing/2026/patients/raw/synthea-1000-20260804-20260804/fhir/Michel472_Hoeger474_96dda00e-b56e-47ab-59e9-40c0c0f7f4a4.json	201	497	535	2026/patients/ingest-responses-rpmsfhir-1000-20260804/tunnel-ingest-273-1785897853.json
/home/glilly/work/vista-stack/HL7-FHIR-quality-testing/2026/patients/raw/synthea-1000-20260804-20260804/fhir/Leslie90_Heidenreich818_e2c4c4e1-ad1f-d7c2-4f5e-cbe710747a15.json	201	498	536	2026/patients/ingest-responses-rpmsfhir-1000-20260804/tunnel-ingest-274-1785897861.json
/home/glilly/work/vista-stack/HL7-FHIR-quality-testing/2026/patients/raw/synthea-1000-20260804-20260804/fhir/Carma664_Rath779_b172ad1e-5fc0-6c47-1943-1fc79b96dcdb.json	201	499	537	2026/patients/ingest-responses-rpmsfhir-1000-20260804/tunnel-ingest-275-1785897870.json
/home/glilly/work/vista-stack/HL7-FHIR-quality-testing/2026/patients/raw/synthea-1000-20260804-20260804/fhir/Gregorio366_Delgado712_891433f8-dbdf-d3e5-8ab6-1c199a4099ee.json	201	500	538	2026/patients/ingest-responses-rpmsfhir-1000-20260804/tunnel-ingest-276-1785897879.json
/home/glilly/work/vista-stack/HL7-FHIR-quality-testing/2026/patients/raw/synthea-1000-20260804-20260804/fhir/Dora90_Dibbert990_72cb304e-67de-1a44-6d5d-be5eee138a7e.json	201	501	539	2026/patients/ingest-responses-rpmsfhir-1000-20260804/tunnel-ingest-277-1785897889.json
/home/glilly/work/vista-stack/HL7-FHIR-quality-testing/2026/patients/raw/synthea-1000-20260804-20260804/fhir/Migdalia164_Babette571_Yost751_f504ae5f-ea3c-bf78-150c-3d1df5d902bc.json	201	502	540	2026/patients/ingest-responses-rpmsfhir-1000-20260804/tunnel-ingest-278-1785897898.json
/home/glilly/work/vista-stack/HL7-FHIR-quality-testing/2026/patients/raw/synthea-1000-20260804-20260804/fhir/Lola232_Marrero674_eaf8039e-394e-bccd-6d94-92f23ab19c98.json	201	503	541	2026/patients/ingest-responses-rpmsfhir-1000-20260804/tunnel-ingest-279-1785897908.json
/home/glilly/work/vista-stack/HL7-FHIR-quality-testing/2026/patients/raw/synthea-1000-20260804-20260804/fhir/Elma843_Tomeka87_Bartell116_ca70b583-c930-85d8-23f7-f355642e93ac.json	201	504	542	2026/patients/ingest-responses-rpmsfhir-1000-20260804/tunnel-ingest-280-1785897917.json
/home/glilly/work/vista-stack/HL7-FHIR-quality-testing/2026/patients/raw/synthea-1000-20260804-20260804/fhir/Hattie299_Abshire638_e0a5edb0-1ca4-564c-03b7-ae05f5fe881f.json	201	505	543	2026/patients/ingest-responses-rpmsfhir-1000-20260804/tunnel-ingest-281-1785897928.json
/home/glilly/work/vista-stack/HL7-FHIR-quality-testing/2026/patients/raw/synthea-1000-20260804-20260804/fhir/Mac103_Wisoky380_c6b12762-724f-b0c4-6859-04ac6a983887.json	201	506	544	2026/patients/ingest-responses-rpmsfhir-1000-20260804/tunnel-ingest-282-1785897937.json
/home/glilly/work/vista-stack/HL7-FHIR-quality-testing/2026/patients/raw/synthea-1000-20260804-20260804/fhir/Nelia669_Swaniawski813_46387e99-89fe-63fa-8cb2-16f357c58201.json	201	507	545	2026/patients/ingest-responses-rpmsfhir-1000-20260804/tunnel-ingest-283-1785897948.json
/home/glilly/work/vista-stack/HL7-FHIR-quality-testing/2026/patients/raw/synthea-1000-20260804-20260804/fhir/Salley758_Swift555_c03210fa-fb7a-989f-b7eb-12088658b7c5.json	201	508	546	2026/patients/ingest-responses-rpmsfhir-1000-20260804/tunnel-ingest-284-1785897956.json
/home/glilly/work/vista-stack/HL7-FHIR-quality-testing/2026/patients/raw/synthea-1000-20260804-20260804/fhir/Jewel43_Champlin946_d4ff3c72-4af1-01cc-8ab1-a6be605d1306.json	201	509	547	2026/patients/ingest-responses-rpmsfhir-1000-20260804/tunnel-ingest-285-1785897965.json
/home/glilly/work/vista-stack/HL7-FHIR-quality-testing/2026/patients/raw/synthea-1000-20260804-20260804/fhir/Ching589_Cleora578_Littel644_e91cd384-39ce-bb4e-d009-6d8c1cb0bacb.json	201	510	548	2026/patients/ingest-responses-rpmsfhir-1000-20260804/tunnel-ingest-286-1785897977.json
/home/glilly/work/vista-stack/HL7-FHIR-quality-testing/2026/patients/raw/synthea-1000-20260804-20260804/fhir/Elijah719_Smitham825_96f937a2-24e8-53d0-5303-67e9e40f51cb.json	201	511	549	2026/patients/ingest-responses-rpmsfhir-1000-20260804/tunnel-ingest-287-1785897987.json
/home/glilly/work/vista-stack/HL7-FHIR-quality-testing/2026/patients/raw/synthea-1000-20260804-20260804/fhir/Nancie476_Yoshiko258_Breitenberg711_a47837cc-0985-4b1b-b273-fe01f86f63dc.json	201	512	550	2026/patients/ingest-responses-rpmsfhir-1000-20260804/tunnel-ingest-288-1785897997.json
/home/glilly/work/vista-stack/HL7-FHIR-quality-testing/2026/patients/raw/synthea-1000-20260804-20260804/fhir/Song837_Nikole56_Dickinson688_f740c6e5-8e73-901f-8abd-af6ffb836195.json	201	513	551	2026/patients/ingest-responses-rpmsfhir-1000-20260804/tunnel-ingest-289-1785898006.json
/home/glilly/work/vista-stack/HL7-FHIR-quality-testing/2026/patients/raw/synthea-1000-20260804-20260804/fhir/Lise687_Weber641_704013ad-8363-5a90-be99-f2af2c02eb4b.json	201	514	552	2026/patients/ingest-responses-rpmsfhir-1000-20260804/tunnel-ingest-290-1785898015.json
/home/glilly/work/vista-stack/HL7-FHIR-quality-testing/2026/patients/raw/synthea-1000-20260804-20260804/fhir/Jessia669_Jennine355_Gulgowski816_f3ab7b53-331c-b06c-c9ab-2ffb32c562fc.json	201	515	553	2026/patients/ingest-responses-rpmsfhir-1000-20260804/tunnel-ingest-291-1785898025.json
/home/glilly/work/vista-stack/HL7-FHIR-quality-testing/2026/patients/raw/synthea-1000-20260804-20260804/fhir/Corrine68_D'Amore443_581b0156-d8e4-6ebf-7cbd-04899c5e7e9f.json	201	516	554	2026/patients/ingest-responses-rpmsfhir-1000-20260804/tunnel-ingest-292-1785898033.json
/home/glilly/work/vista-stack/HL7-FHIR-quality-testing/2026/patients/raw/synthea-1000-20260804-20260804/fhir/Johnie961_Ferry570_221465e7-3b3d-e642-b2ae-1443615da952.json	201	517	555	2026/patients/ingest-responses-rpmsfhir-1000-20260804/tunnel-ingest-293-1785898042.json
/home/glilly/work/vista-stack/HL7-FHIR-quality-testing/2026/patients/raw/synthea-1000-20260804-20260804/fhir/Petronila724_Fisher429_896dc72c-5a12-bf37-5edf-e530a7d7e2db.json	201	518	556	2026/patients/ingest-responses-rpmsfhir-1000-20260804/tunnel-ingest-294-1785898052.json
/home/glilly/work/vista-stack/HL7-FHIR-quality-testing/2026/patients/raw/synthea-1000-20260804-20260804/fhir/Candelaria844_Gary33_Ryan260_b8267ecc-ce43-e703-7636-c338027a4c9b.json	201	519	557	2026/patients/ingest-responses-rpmsfhir-1000-20260804/tunnel-ingest-295-1785898062.json
/home/glilly/work/vista-stack/HL7-FHIR-quality-testing/2026/patients/raw/synthea-1000-20260804-20260804/fhir/Laveta191_Lubowitz58_17dc1db1-359d-18bc-0237-aa18a4c6af76.json	201	520	558	2026/patients/ingest-responses-rpmsfhir-1000-20260804/tunnel-ingest-296-1785898071.json
/home/glilly/work/vista-stack/HL7-FHIR-quality-testing/2026/patients/raw/synthea-1000-20260804-20260804/fhir/Kimberely738_Louise871_Leffler128_67ee9886-8d87-08d3-b95a-ccfe9f57fd15.json	201	521	559	2026/patients/ingest-responses-rpmsfhir-1000-20260804/tunnel-ingest-297-1785898082.json
/home/glilly/work/vista-stack/HL7-FHIR-quality-testing/2026/patients/raw/synthea-1000-20260804-20260804/fhir/Salvador46_Barela183_4ce8ba6a-8326-5606-d3a9-d798cf772c6d.json	201	522	560	2026/patients/ingest-responses-rpmsfhir-1000-20260804/tunnel-ingest-298-1785898092.json
/home/glilly/work/vista-stack/HL7-FHIR-quality-testing/2026/patients/raw/synthea-1000-20260804-20260804/fhir/Dusty207_Marquardt819_ac1cdc53-4a8c-50c8-e5b1-cfea609890e3.json	201	523	561	2026/patients/ingest-responses-rpmsfhir-1000-20260804/tunnel-ingest-299-1785898102.json
/home/glilly/work/vista-stack/HL7-FHIR-quality-testing/2026/patients/raw/synthea-1000-20260804-20260804/fhir/Enrique929_Hills818_7eba6111-c561-f866-c94b-64f1073072b6.json	201	524	562	2026/patients/ingest-responses-rpmsfhir-1000-20260804/tunnel-ingest-300-1785898112.json
/home/glilly/work/vista-stack/HL7-FHIR-quality-testing/2026/patients/raw/synthea-1000-20260804-20260804/fhir/Gloria696_Brekke496_505351b7-8cb8-eb95-f6b8-bfe87b66e592.json	201	525	563	2026/patients/ingest-responses-rpmsfhir-1000-20260804/tunnel-ingest-301-1785898123.json
/home/glilly/work/vista-stack/HL7-FHIR-quality-testing/2026/patients/raw/synthea-1000-20260804-20260804/fhir/Shawn523_Lehner980_859d9ac7-6ae2-38d3-38d0-68b894225f45.json	201	526	564	2026/patients/ingest-responses-rpmsfhir-1000-20260804/tunnel-ingest-302-1785898131.json
/home/glilly/work/vista-stack/HL7-FHIR-quality-testing/2026/patients/raw/synthea-1000-20260804-20260804/fhir/Hyman89_Nicolas769_60fcf602-53aa-5c17-a02a-4f57fba6869f.json	201	527	565	2026/patients/ingest-responses-rpmsfhir-1000-20260804/tunnel-ingest-303-1785898141.json
/home/glilly/work/vista-stack/HL7-FHIR-quality-testing/2026/patients/raw/synthea-1000-20260804-20260804/fhir/Sherika987_Laraine204_Harris789_d7e1f73d-c90b-15c5-96c2-a4299462a000.json	201	528	566	2026/patients/ingest-responses-rpmsfhir-1000-20260804/tunnel-ingest-304-1785898150.json
/home/glilly/work/vista-stack/HL7-FHIR-quality-testing/2026/patients/raw/synthea-1000-20260804-20260804/fhir/Iraida50_Bess947_Kub800_8684c478-6f01-ad8f-b30a-a9dcb5a96f65.json	201	529	567	2026/patients/ingest-responses-rpmsfhir-1000-20260804/tunnel-ingest-305-1785898159.json
/home/glilly/work/vista-stack/HL7-FHIR-quality-testing/2026/patients/raw/synthea-1000-20260804-20260804/fhir/Sonia106_Esperanza675_Granados71_c865f2c5-b548-0921-3b20-766981d71f82.json	201	530	568	2026/patients/ingest-responses-rpmsfhir-1000-20260804/tunnel-ingest-306-1785898169.json
/home/glilly/work/vista-stack/HL7-FHIR-quality-testing/2026/patients/raw/synthea-1000-20260804-20260804/fhir/Loise968_Jacobson885_3784fb58-2f78-2c29-d620-9ca9904eca94.json	201	531	569	2026/patients/ingest-responses-rpmsfhir-1000-20260804/tunnel-ingest-307-1785898178.json
/home/glilly/work/vista-stack/HL7-FHIR-quality-testing/2026/patients/raw/synthea-1000-20260804-20260804/fhir/Herlinda751_Fay398_931b9229-3d7d-b036-1dd1-bb665d6ffac6.json	201	532	570	2026/patients/ingest-responses-rpmsfhir-1000-20260804/tunnel-ingest-308-1785898187.json
/home/glilly/work/vista-stack/HL7-FHIR-quality-testing/2026/patients/raw/synthea-1000-20260804-20260804/fhir/Graciela518_Wolf938_b9241d1e-67b9-9f8f-75a0-c30782c78fb6.json	201	533	571	2026/patients/ingest-responses-rpmsfhir-1000-20260804/tunnel-ingest-309-1785898197.json
/home/glilly/work/vista-stack/HL7-FHIR-quality-testing/2026/patients/raw/synthea-1000-20260804-20260804/fhir/Sheryl275_Breitenberg711_45f72ad6-5cd5-6252-1594-349ab000e820.json	201	534	572	2026/patients/ingest-responses-rpmsfhir-1000-20260804/tunnel-ingest-310-1785898209.json
/home/glilly/work/vista-stack/HL7-FHIR-quality-testing/2026/patients/raw/synthea-1000-20260804-20260804/fhir/Linn541_Karen597_Lindgren255_828d2d2a-a6ac-105a-a5b7-5979f9303a66.json	201	535	573	2026/patients/ingest-responses-rpmsfhir-1000-20260804/tunnel-ingest-311-1785898217.json
/home/glilly/work/vista-stack/HL7-FHIR-quality-testing/2026/patients/raw/synthea-1000-20260804-20260804/fhir/Deandrea896_Robyn562_Hilll811_2da370dc-59ed-c9c8-895a-74c81c5ddbea.json	201	536	574	2026/patients/ingest-responses-rpmsfhir-1000-20260804/tunnel-ingest-312-1785898226.json
/home/glilly/work/vista-stack/HL7-FHIR-quality-testing/2026/patients/raw/synthea-1000-20260804-20260804/fhir/Janelle257_Heaney114_973f0fc0-caaf-7640-e581-cc3b70bcb1cd.json	201	537	575	2026/patients/ingest-responses-rpmsfhir-1000-20260804/tunnel-ingest-313-1785898236.json
/home/glilly/work/vista-stack/HL7-FHIR-quality-testing/2026/patients/raw/synthea-1000-20260804-20260804/fhir/Julie245_Kam191_Gutmann970_ddaccdc8-b306-6216-3d58-abaf38ac0252.json	201	538	576	2026/patients/ingest-responses-rpmsfhir-1000-20260804/tunnel-ingest-314-1785898245.json
/home/glilly/work/vista-stack/HL7-FHIR-quality-testing/2026/patients/raw/synthea-1000-20260804-20260804/fhir/Roseann182_Schumm995_dafe1143-5b86-c878-dd9e-12eefad0053e.json	201	539	577	2026/patients/ingest-responses-rpmsfhir-1000-20260804/tunnel-ingest-315-1785898255.json
/home/glilly/work/vista-stack/HL7-FHIR-quality-testing/2026/patients/raw/synthea-1000-20260804-20260804/fhir/Lenora887_Douglas31_4bbe12ac-73a3-c43e-c0e0-e56b827fac13.json	201	540	578	2026/patients/ingest-responses-rpmsfhir-1000-20260804/tunnel-ingest-316-1785898265.json
/home/glilly/work/vista-stack/HL7-FHIR-quality-testing/2026/patients/raw/synthea-1000-20260804-20260804/fhir/Conception120_Janay119_Purdy2_868958cd-0f60-a466-45ed-087fd45675cc.json	201	541	579	2026/patients/ingest-responses-rpmsfhir-1000-20260804/tunnel-ingest-317-1785898275.json
/home/glilly/work/vista-stack/HL7-FHIR-quality-testing/2026/patients/raw/synthea-1000-20260804-20260804/fhir/Heriberto162_Robel940_831d9138-b4e1-0505-6faa-d4317fe49e0f.json	201	542	580	2026/patients/ingest-responses-rpmsfhir-1000-20260804/tunnel-ingest-318-1785898284.json
/home/glilly/work/vista-stack/HL7-FHIR-quality-testing/2026/patients/raw/synthea-1000-20260804-20260804/fhir/Delmer311_Weimann465_3b91d9ea-03f1-2e95-e93b-438500fb461f.json	201	543	581	2026/patients/ingest-responses-rpmsfhir-1000-20260804/tunnel-ingest-319-1785898294.json
/home/glilly/work/vista-stack/HL7-FHIR-quality-testing/2026/patients/raw/synthea-1000-20260804-20260804/fhir/Nicky270_Brown30_206be174-bef6-2467-bc55-ad1831fd4eda.json	201	544	582	2026/patients/ingest-responses-rpmsfhir-1000-20260804/tunnel-ingest-320-1785898304.json
/home/glilly/work/vista-stack/HL7-FHIR-quality-testing/2026/patients/raw/synthea-1000-20260804-20260804/fhir/Jesus702_O'Kon634_74e2b95c-b706-6667-edba-2c066c6189fd.json	201	545	583	2026/patients/ingest-responses-rpmsfhir-1000-20260804/tunnel-ingest-321-1785898315.json
/home/glilly/work/vista-stack/HL7-FHIR-quality-testing/2026/patients/raw/synthea-1000-20260804-20260804/fhir/Shirly501_Wyman904_8e7c58a1-24e1-cbac-0e5c-d66d270e55cd.json	201	546	584	2026/patients/ingest-responses-rpmsfhir-1000-20260804/tunnel-ingest-322-1785898324.json
/home/glilly/work/vista-stack/HL7-FHIR-quality-testing/2026/patients/raw/synthea-1000-20260804-20260804/fhir/Marcelina712_Collier206_cc7caf86-143c-3186-6bd5-b13114f1aeb3.json	201	547	585	2026/patients/ingest-responses-rpmsfhir-1000-20260804/tunnel-ingest-323-1785898334.json
/home/glilly/work/vista-stack/HL7-FHIR-quality-testing/2026/patients/raw/synthea-1000-20260804-20260804/fhir/Lamont867_Wunsch504_882a214c-d02d-35a3-a114-832e600c3e23.json	201	548	586	2026/patients/ingest-responses-rpmsfhir-1000-20260804/tunnel-ingest-324-1785898344.json
/home/glilly/work/vista-stack/HL7-FHIR-quality-testing/2026/patients/raw/synthea-1000-20260804-20260804/fhir/Kieth891_Hilpert278_b8bc2780-0e24-6e10-a0b1-e5f009f4a282.json	201	549	587	2026/patients/ingest-responses-rpmsfhir-1000-20260804/tunnel-ingest-325-1785898351.json
/home/glilly/work/vista-stack/HL7-FHIR-quality-testing/2026/patients/raw/synthea-1000-20260804-20260804/fhir/Marivel862_Connelly992_fbec9fa7-498f-3a48-935c-b2f7377be6f6.json	201	550	588	2026/patients/ingest-responses-rpmsfhir-1000-20260804/tunnel-ingest-326-1785898361.json
/home/glilly/work/vista-stack/HL7-FHIR-quality-testing/2026/patients/raw/synthea-1000-20260804-20260804/fhir/Gregorio366_Alcaraz418_e9f8c65e-0ca9-dcc1-90d3-50ef18057e6e.json	201	551	589	2026/patients/ingest-responses-rpmsfhir-1000-20260804/tunnel-ingest-327-1785898370.json
/home/glilly/work/vista-stack/HL7-FHIR-quality-testing/2026/patients/raw/synthea-1000-20260804-20260804/fhir/Latarsha812_Rosenbaum794_1d9788a0-e695-62e8-12d2-9461e7f029e9.json	201	552	590	2026/patients/ingest-responses-rpmsfhir-1000-20260804/tunnel-ingest-328-1785898379.json
/home/glilly/work/vista-stack/HL7-FHIR-quality-testing/2026/patients/raw/synthea-1000-20260804-20260804/fhir/Dominga527_Mueller846_354ee89d-313b-7483-b948-503a0348cd97.json	201	553	591	2026/patients/ingest-responses-rpmsfhir-1000-20260804/tunnel-ingest-329-1785898389.json
/home/glilly/work/vista-stack/HL7-FHIR-quality-testing/2026/patients/raw/synthea-1000-20260804-20260804/fhir/Klara351_Kia427_Hickle134_900e2fc1-747b-b4d8-c840-0840428cd3a4.json	201	554	592	2026/patients/ingest-responses-rpmsfhir-1000-20260804/tunnel-ingest-330-1785898399.json
/home/glilly/work/vista-stack/HL7-FHIR-quality-testing/2026/patients/raw/synthea-1000-20260804-20260804/fhir/Luba688_Hickle134_e9cbf825-e799-f4f9-1b6e-1b8f758618c3.json	201	555	593	2026/patients/ingest-responses-rpmsfhir-1000-20260804/tunnel-ingest-331-1785898409.json
/home/glilly/work/vista-stack/HL7-FHIR-quality-testing/2026/patients/raw/synthea-1000-20260804-20260804/fhir/Many655_Hackett68_4ad9ed31-6e49-4ce7-2e1d-770a530f7258.json	201	556	594	2026/patients/ingest-responses-rpmsfhir-1000-20260804/tunnel-ingest-332-1785898419.json
/home/glilly/work/vista-stack/HL7-FHIR-quality-testing/2026/patients/raw/synthea-1000-20260804-20260804/fhir/Louvenia131_Kuhn96_a12c7797-ba46-0554-0fe0-ed651871d3ae.json	201	557	595	2026/patients/ingest-responses-rpmsfhir-1000-20260804/tunnel-ingest-333-1785898428.json
/home/glilly/work/vista-stack/HL7-FHIR-quality-testing/2026/patients/raw/synthea-1000-20260804-20260804/fhir/Elvira561_Lourdes258_Hidalgo930_3509ba90-6a2a-6305-baa8-e0ca9a545f06.json	201	558	596	2026/patients/ingest-responses-rpmsfhir-1000-20260804/tunnel-ingest-334-1785898438.json
/home/glilly/work/vista-stack/HL7-FHIR-quality-testing/2026/patients/raw/synthea-1000-20260804-20260804/fhir/Rosario163_Kub800_9ebf5c43-8251-6f14-29eb-f62bffe5d454.json	201	559	597	2026/patients/ingest-responses-rpmsfhir-1000-20260804/tunnel-ingest-335-1785898449.json
/home/glilly/work/vista-stack/HL7-FHIR-quality-testing/2026/patients/raw/synthea-1000-20260804-20260804/fhir/Lester513_Schaden604_f3ba1e7b-3724-d1c2-d850-fe45beab6cbb.json	201	560	598	2026/patients/ingest-responses-rpmsfhir-1000-20260804/tunnel-ingest-336-1785898460.json
/home/glilly/work/vista-stack/HL7-FHIR-quality-testing/2026/patients/raw/synthea-1000-20260804-20260804/fhir/Elnora999_Rebeca548_Kutch271_40407160-a8ee-d6a5-d21e-fd26862353b0.json	201	561	599	2026/patients/ingest-responses-rpmsfhir-1000-20260804/tunnel-ingest-337-1785898471.json
/home/glilly/work/vista-stack/HL7-FHIR-quality-testing/2026/patients/raw/synthea-1000-20260804-20260804/fhir/Kristofer887_Cartwright189_b4bd42a8-bd3c-a12d-3b74-c634893e74a4.json	201	562	600	2026/patients/ingest-responses-rpmsfhir-1000-20260804/tunnel-ingest-338-1785898480.json
/home/glilly/work/vista-stack/HL7-FHIR-quality-testing/2026/patients/raw/synthea-1000-20260804-20260804/fhir/Shandi937_Kub800_fcf7fe0b-8b46-e4c9-c3b9-664fa8dc8572.json	201	563	601	2026/patients/ingest-responses-rpmsfhir-1000-20260804/tunnel-ingest-339-1785898490.json
/home/glilly/work/vista-stack/HL7-FHIR-quality-testing/2026/patients/raw/synthea-1000-20260804-20260804/fhir/Darrin898_Littel644_68a0a4ae-ea84-e872-4e5e-95b24fe6fc0e.json	201	564	602	2026/patients/ingest-responses-rpmsfhir-1000-20260804/tunnel-ingest-340-1785898501.json
/home/glilly/work/vista-stack/HL7-FHIR-quality-testing/2026/patients/raw/synthea-1000-20260804-20260804/fhir/Jutta270_Mosciski958_82060c58-30db-63eb-ceec-80f73959c450.json	201	565	603	2026/patients/ingest-responses-rpmsfhir-1000-20260804/tunnel-ingest-341-1785898514.json
/home/glilly/work/vista-stack/HL7-FHIR-quality-testing/2026/patients/raw/synthea-1000-20260804-20260804/fhir/Manuel446_Barreto785_fc4f8eb1-7cf8-e030-b675-605bb484913b.json	201	566	604	2026/patients/ingest-responses-rpmsfhir-1000-20260804/tunnel-ingest-342-1785898523.json
/home/glilly/work/vista-stack/HL7-FHIR-quality-testing/2026/patients/raw/synthea-1000-20260804-20260804/fhir/Juan88_Anguiano812_fe324f8c-5d47-8343-8376-182c3ac531f6.json	201	567	605	2026/patients/ingest-responses-rpmsfhir-1000-20260804/tunnel-ingest-343-1785898534.json
/home/glilly/work/vista-stack/HL7-FHIR-quality-testing/2026/patients/raw/synthea-1000-20260804-20260804/fhir/Lanny564_Runte676_6f08694e-4fff-b1cf-3eef-e0949244a13a.json	201	568	606	2026/patients/ingest-responses-rpmsfhir-1000-20260804/tunnel-ingest-344-1785898545.json
/home/glilly/work/vista-stack/HL7-FHIR-quality-testing/2026/patients/raw/synthea-1000-20260804-20260804/fhir/Rosanna866_Eun46_Ortiz186_20fd3d01-1761-732c-8058-f01cc2b80579.json	201	569	607	2026/patients/ingest-responses-rpmsfhir-1000-20260804/tunnel-ingest-345-1785898554.json
/home/glilly/work/vista-stack/HL7-FHIR-quality-testing/2026/patients/raw/synthea-1000-20260804-20260804/fhir/Sabina296_Parisian75_76c53c83-0633-b22b-9b2c-0e9776c6406a.json	201	570	608	2026/patients/ingest-responses-rpmsfhir-1000-20260804/tunnel-ingest-346-1785898566.json
/home/glilly/work/vista-stack/HL7-FHIR-quality-testing/2026/patients/raw/synthea-1000-20260804-20260804/fhir/Mohammad578_Daniel959_4cbafc53-3a0e-f30c-e398-5543c1a6efbf.json	201	571	609	2026/patients/ingest-responses-rpmsfhir-1000-20260804/tunnel-ingest-347-1785898576.json
/home/glilly/work/vista-stack/HL7-FHIR-quality-testing/2026/patients/raw/synthea-1000-20260804-20260804/fhir/Machelle279_Kirlin939_19288f7d-7d57-42ee-76e7-86a537cbfb1f.json	201	572	610	2026/patients/ingest-responses-rpmsfhir-1000-20260804/tunnel-ingest-348-1785898586.json
/home/glilly/work/vista-stack/HL7-FHIR-quality-testing/2026/patients/raw/synthea-1000-20260804-20260804/fhir/Essie785_Cummerata161_53ce5ff9-35da-b804-36f8-557bd4dc5af8.json	201	573	611	2026/patients/ingest-responses-rpmsfhir-1000-20260804/tunnel-ingest-349-1785898595.json
/home/glilly/work/vista-stack/HL7-FHIR-quality-testing/2026/patients/raw/synthea-1000-20260804-20260804/fhir/Francene766_Estelle478_Rice937_dd5ba4b4-d193-fada-1e21-cee3c7e51893.json	201	574	612	2026/patients/ingest-responses-rpmsfhir-1000-20260804/tunnel-ingest-350-1785898604.json
/home/glilly/work/vista-stack/HL7-FHIR-quality-testing/2026/patients/raw/synthea-1000-20260804-20260804/fhir/Randolph418_Reichert620_3a3a01fd-9414-fa65-de9d-bcc17b875be6.json	201	575	613	2026/patients/ingest-responses-rpmsfhir-1000-20260804/tunnel-ingest-351-1785898614.json
/home/glilly/work/vista-stack/HL7-FHIR-quality-testing/2026/patients/raw/synthea-1000-20260804-20260804/fhir/Rosemary734_Pacocha935_36cb021f-07fb-04c2-7ebe-f9fafcca5deb.json	201	576	614	2026/patients/ingest-responses-rpmsfhir-1000-20260804/tunnel-ingest-352-1785898625.json
/home/glilly/work/vista-stack/HL7-FHIR-quality-testing/2026/patients/raw/synthea-1000-20260804-20260804/fhir/Eliza161_Heathcote539_fd6afe4f-73cb-9c5c-1f07-a5c6f0043471.json	201	577	615	2026/patients/ingest-responses-rpmsfhir-1000-20260804/tunnel-ingest-353-1785898634.json
/home/glilly/work/vista-stack/HL7-FHIR-quality-testing/2026/patients/raw/synthea-1000-20260804-20260804/fhir/Silvia880_Jana258_Monahan736_eafab467-3dbc-a9c3-63be-734c8b75cb0f.json	201	578	616	2026/patients/ingest-responses-rpmsfhir-1000-20260804/tunnel-ingest-354-1785898644.json
/home/glilly/work/vista-stack/HL7-FHIR-quality-testing/2026/patients/raw/synthea-1000-20260804-20260804/fhir/Hiroko446_Reichel38_2f7c8950-5575-39f1-f900-6e1c513f5225.json	201	579	617	2026/patients/ingest-responses-rpmsfhir-1000-20260804/tunnel-ingest-355-1785898653.json
/home/glilly/work/vista-stack/HL7-FHIR-quality-testing/2026/patients/raw/synthea-1000-20260804-20260804/fhir/Dung738_Veum823_51df921b-9d82-bddd-9933-0a0056d6ab01.json	201	580	618	2026/patients/ingest-responses-rpmsfhir-1000-20260804/tunnel-ingest-356-1785898662.json
/home/glilly/work/vista-stack/HL7-FHIR-quality-testing/2026/patients/raw/synthea-1000-20260804-20260804/fhir/Deedee112_Greenholt190_d2067207-afaa-ece4-bf92-8ed0896c66d2.json	201	581	619	2026/patients/ingest-responses-rpmsfhir-1000-20260804/tunnel-ingest-357-1785898671.json
/home/glilly/work/vista-stack/HL7-FHIR-quality-testing/2026/patients/raw/synthea-1000-20260804-20260804/fhir/Carlo647_Morissette863_017da94b-6fcb-ed9f-1b66-8e16616eb900.json	201	582	620	2026/patients/ingest-responses-rpmsfhir-1000-20260804/tunnel-ingest-358-1785898679.json
/home/glilly/work/vista-stack/HL7-FHIR-quality-testing/2026/patients/raw/synthea-1000-20260804-20260804/fhir/Mathew182_O'Hara248_8a935bcf-2411-709f-3d67-e9d4508d9401.json	201	583	621	2026/patients/ingest-responses-rpmsfhir-1000-20260804/tunnel-ingest-359-1785898689.json
/home/glilly/work/vista-stack/HL7-FHIR-quality-testing/2026/patients/raw/synthea-1000-20260804-20260804/fhir/Harry448_Blick895_72c05f30-049a-d43e-09db-99c53a0f8d8d.json	201	584	622	2026/patients/ingest-responses-rpmsfhir-1000-20260804/tunnel-ingest-360-1785898698.json
/home/glilly/work/vista-stack/HL7-FHIR-quality-testing/2026/patients/raw/synthea-1000-20260804-20260804/fhir/Michel472_Becker968_dc6c7086-1891-a5f2-6ac8-721dfd63e195.json	201	585	623	2026/patients/ingest-responses-rpmsfhir-1000-20260804/tunnel-ingest-361-1785898709.json
/home/glilly/work/vista-stack/HL7-FHIR-quality-testing/2026/patients/raw/synthea-1000-20260804-20260804/fhir/Jamika47_Doyle959_c3c01ba3-a551-55bf-6f81-20f30b04a13c.json	201	586	624	2026/patients/ingest-responses-rpmsfhir-1000-20260804/tunnel-ingest-362-1785898719.json
/home/glilly/work/vista-stack/HL7-FHIR-quality-testing/2026/patients/raw/synthea-1000-20260804-20260804/fhir/Eddie505_Greenfelder433_65b620df-82bb-a102-9a52-3ff432fe08e9.json	201	587	625	2026/patients/ingest-responses-rpmsfhir-1000-20260804/tunnel-ingest-363-1785898727.json
/home/glilly/work/vista-stack/HL7-FHIR-quality-testing/2026/patients/raw/synthea-1000-20260804-20260804/fhir/Joshua658_Bernhard322_688c6d38-2187-b0d8-4124-0dbdfaf33379.json	201	588	626	2026/patients/ingest-responses-rpmsfhir-1000-20260804/tunnel-ingest-364-1785898736.json
/home/glilly/work/vista-stack/HL7-FHIR-quality-testing/2026/patients/raw/synthea-1000-20260804-20260804/fhir/Randolph418_Champlin946_947f3e52-34a3-dba9-bfbb-ebe6904c281c.json	201	589	627	2026/patients/ingest-responses-rpmsfhir-1000-20260804/tunnel-ingest-365-1785898747.json
/home/glilly/work/vista-stack/HL7-FHIR-quality-testing/2026/patients/raw/synthea-1000-20260804-20260804/fhir/Leif534_Osinski784_320e2509-ef08-68a4-170e-ebbd6165fe9d.json	201	590	628	2026/patients/ingest-responses-rpmsfhir-1000-20260804/tunnel-ingest-366-1785898758.json
/home/glilly/work/vista-stack/HL7-FHIR-quality-testing/2026/patients/raw/synthea-1000-20260804-20260804/fhir/Petronila724_Kiehn525_2e0a8945-8905-54ef-df91-210b34f1bb17.json	201	591	629	2026/patients/ingest-responses-rpmsfhir-1000-20260804/tunnel-ingest-367-1785898767.json
/home/glilly/work/vista-stack/HL7-FHIR-quality-testing/2026/patients/raw/synthea-1000-20260804-20260804/fhir/Miguel_Ángel46_Narváez57_0a62c780-63a7-4e42-fe29-3decb831504c.json	201	592	630	2026/patients/ingest-responses-rpmsfhir-1000-20260804/tunnel-ingest-368-1785898777.json
/home/glilly/work/vista-stack/HL7-FHIR-quality-testing/2026/patients/raw/synthea-1000-20260804-20260804/fhir/Scarlet110_Gaylord332_0a78415b-26d0-a078-7933-f140bffdf2f5.json	201	593	631	2026/patients/ingest-responses-rpmsfhir-1000-20260804/tunnel-ingest-369-1785898786.json
/home/glilly/work/vista-stack/HL7-FHIR-quality-testing/2026/patients/raw/synthea-1000-20260804-20260804/fhir/Natashia109_Vandervort697_3a2a30fb-88c0-83c5-55ce-310ec5d517ba.json	201	594	632	2026/patients/ingest-responses-rpmsfhir-1000-20260804/tunnel-ingest-370-1785898797.json
/home/glilly/work/vista-stack/HL7-FHIR-quality-testing/2026/patients/raw/synthea-1000-20260804-20260804/fhir/Lezlie553_Kuhlman484_1b4b1c64-10c9-ee32-d58b-68ff4dd8b28e.json	201	595	633	2026/patients/ingest-responses-rpmsfhir-1000-20260804/tunnel-ingest-371-1785898809.json
/home/glilly/work/vista-stack/HL7-FHIR-quality-testing/2026/patients/raw/synthea-1000-20260804-20260804/fhir/Kenton313_Hermiston71_a2f9f475-983a-b330-6423-25fa5316429c.json	201	596	634	2026/patients/ingest-responses-rpmsfhir-1000-20260804/tunnel-ingest-372-1785898822.json
/home/glilly/work/vista-stack/HL7-FHIR-quality-testing/2026/patients/raw/synthea-1000-20260804-20260804/fhir/Cassaundra447_Oberbrunner298_a703d4ee-da54-a9f6-1e82-c81d88d083bf.json	201	597	635	2026/patients/ingest-responses-rpmsfhir-1000-20260804/tunnel-ingest-373-1785898832.json
/home/glilly/work/vista-stack/HL7-FHIR-quality-testing/2026/patients/raw/synthea-1000-20260804-20260804/fhir/Shyla233_Shonda871_Schoen8_58ed37d9-1087-8759-0fbc-f526e23aeeca.json	201	598	636	2026/patients/ingest-responses-rpmsfhir-1000-20260804/tunnel-ingest-374-1785898845.json
/home/glilly/work/vista-stack/HL7-FHIR-quality-testing/2026/patients/raw/synthea-1000-20260804-20260804/fhir/Odis959_Gleason633_6afede18-3883-0594-d8d7-2c62c2d7e4ff.json	201	599	637	2026/patients/ingest-responses-rpmsfhir-1000-20260804/tunnel-ingest-375-1785898859.json
/home/glilly/work/vista-stack/HL7-FHIR-quality-testing/2026/patients/raw/synthea-1000-20260804-20260804/fhir/Corinne382_Lesch175_15c4cd34-7eae-19ff-691c-0bcc230d7e4c.json	201	600	638	2026/patients/ingest-responses-rpmsfhir-1000-20260804/tunnel-ingest-376-1785898870.json
/home/glilly/work/vista-stack/HL7-FHIR-quality-testing/2026/patients/raw/synthea-1000-20260804-20260804/fhir/Jeniffer557_Nienow652_75008bc5-b1fe-a6e0-e468-344653ec97ab.json	201	601	639	2026/patients/ingest-responses-rpmsfhir-1000-20260804/tunnel-ingest-377-1785898880.json
/home/glilly/work/vista-stack/HL7-FHIR-quality-testing/2026/patients/raw/synthea-1000-20260804-20260804/fhir/Mafalda94_Corkery305_dd808883-2282-a619-d457-aac694a6e8bb.json	201	602	640	2026/patients/ingest-responses-rpmsfhir-1000-20260804/tunnel-ingest-378-1785898891.json
/home/glilly/work/vista-stack/HL7-FHIR-quality-testing/2026/patients/raw/synthea-1000-20260804-20260804/fhir/Ina660_Roberts511_b8ec434d-03c8-e760-594c-570e12763179.json	201	603	641	2026/patients/ingest-responses-rpmsfhir-1000-20260804/tunnel-ingest-379-1785898901.json
/home/glilly/work/vista-stack/HL7-FHIR-quality-testing/2026/patients/raw/synthea-1000-20260804-20260804/fhir/Darren774_Friesen796_49002237-eab2-ea5d-6eb5-c8194f75244a.json	201	604	642	2026/patients/ingest-responses-rpmsfhir-1000-20260804/tunnel-ingest-380-1785898911.json
/home/glilly/work/vista-stack/HL7-FHIR-quality-testing/2026/patients/raw/synthea-1000-20260804-20260804/fhir/Nilda678_Armstrong51_f764e95d-0655-ac00-6432-b35f9f23b1aa.json	201	605	643	2026/patients/ingest-responses-rpmsfhir-1000-20260804/tunnel-ingest-381-1785898920.json
/home/glilly/work/vista-stack/HL7-FHIR-quality-testing/2026/patients/raw/synthea-1000-20260804-20260804/fhir/Lonny638_King743_bbb591aa-b82b-21db-14e1-fe8de3300833.json	201	606	644	2026/patients/ingest-responses-rpmsfhir-1000-20260804/tunnel-ingest-382-1785898932.json
/home/glilly/work/vista-stack/HL7-FHIR-quality-testing/2026/patients/raw/synthea-1000-20260804-20260804/fhir/Ladawn167_Ward668_3272b8d6-53f7-70ca-517b-bea81bb5731a.json	201	607	645	2026/patients/ingest-responses-rpmsfhir-1000-20260804/tunnel-ingest-383-1785898942.json
/home/glilly/work/vista-stack/HL7-FHIR-quality-testing/2026/patients/raw/synthea-1000-20260804-20260804/fhir/Mari763_Sherry479_Nader710_52bf05ac-8965-96c1-8864-22592cdf3c5d.json	201	608	646	2026/patients/ingest-responses-rpmsfhir-1000-20260804/tunnel-ingest-384-1785898951.json
/home/glilly/work/vista-stack/HL7-FHIR-quality-testing/2026/patients/raw/synthea-1000-20260804-20260804/fhir/Cecile401_Stracke611_b1722fdd-8f36-06fe-58be-1af7bd4e5367.json	201	609	647	2026/patients/ingest-responses-rpmsfhir-1000-20260804/tunnel-ingest-385-1785898962.json
/home/glilly/work/vista-stack/HL7-FHIR-quality-testing/2026/patients/raw/synthea-1000-20260804-20260804/fhir/Davis923_Kunze215_1d7f68b1-276f-3f33-63b4-7567f9da894b.json	201	610	648	2026/patients/ingest-responses-rpmsfhir-1000-20260804/tunnel-ingest-386-1785898972.json
/home/glilly/work/vista-stack/HL7-FHIR-quality-testing/2026/patients/raw/synthea-1000-20260804-20260804/fhir/Ignacio928_Segura601_f70b9659-2dbb-2f6d-c63b-be8e0d7d6900.json	201	611	649	2026/patients/ingest-responses-rpmsfhir-1000-20260804/tunnel-ingest-387-1785898982.json
/home/glilly/work/vista-stack/HL7-FHIR-quality-testing/2026/patients/raw/synthea-1000-20260804-20260804/fhir/Garry927_Emard19_ec948f9b-63d8-3b17-972d-907c2047d7a4.json	201	612	650	2026/patients/ingest-responses-rpmsfhir-1000-20260804/tunnel-ingest-388-1785898994.json
/home/glilly/work/vista-stack/HL7-FHIR-quality-testing/2026/patients/raw/synthea-1000-20260804-20260804/fhir/Leandro563_Collins926_132c0397-d4d0-b52c-6051-2115b018f14b.json	201	613	651	2026/patients/ingest-responses-rpmsfhir-1000-20260804/tunnel-ingest-389-1785899002.json
/home/glilly/work/vista-stack/HL7-FHIR-quality-testing/2026/patients/raw/synthea-1000-20260804-20260804/fhir/Ollie731_Batz141_e06f04ab-66b7-75ad-d170-119fd5658d76.json	201	614	652	2026/patients/ingest-responses-rpmsfhir-1000-20260804/tunnel-ingest-390-1785899014.json
/home/glilly/work/vista-stack/HL7-FHIR-quality-testing/2026/patients/raw/synthea-1000-20260804-20260804/fhir/Otha286_Stoltenberg489_28d761bc-6cda-0488-cb8b-ec400856f8d6.json	201	615	653	2026/patients/ingest-responses-rpmsfhir-1000-20260804/tunnel-ingest-391-1785899023.json
/home/glilly/work/vista-stack/HL7-FHIR-quality-testing/2026/patients/raw/synthea-1000-20260804-20260804/fhir/Floyd420_Hayes766_22ce7126-eb23-012d-e21a-35d483565892.json	201	616	654	2026/patients/ingest-responses-rpmsfhir-1000-20260804/tunnel-ingest-392-1785899035.json
/home/glilly/work/vista-stack/HL7-FHIR-quality-testing/2026/patients/raw/synthea-1000-20260804-20260804/fhir/Ming325_Alena861_McDermott739_b21ff6c0-e361-8485-6508-ce22a483950f.json	201	617	655	2026/patients/ingest-responses-rpmsfhir-1000-20260804/tunnel-ingest-393-1785899046.json
/home/glilly/work/vista-stack/HL7-FHIR-quality-testing/2026/patients/raw/synthea-1000-20260804-20260804/fhir/Leota851_Hudson301_2bc5433c-7a61-1403-31aa-82a40da87617.json	201	618	656	2026/patients/ingest-responses-rpmsfhir-1000-20260804/tunnel-ingest-394-1785899056.json
/home/glilly/work/vista-stack/HL7-FHIR-quality-testing/2026/patients/raw/synthea-1000-20260804-20260804/fhir/Bruno518_Pfannerstill264_375997de-cf96-e18e-277a-44b861b06a4e.json	201	619	657	2026/patients/ingest-responses-rpmsfhir-1000-20260804/tunnel-ingest-395-1785899067.json
/home/glilly/work/vista-stack/HL7-FHIR-quality-testing/2026/patients/raw/synthea-1000-20260804-20260804/fhir/Nicolette397_Bartell116_66ae897a-a78e-15f1-7e68-47569ad595e2.json	201	620	658	2026/patients/ingest-responses-rpmsfhir-1000-20260804/tunnel-ingest-396-1785899079.json
/home/glilly/work/vista-stack/HL7-FHIR-quality-testing/2026/patients/raw/synthea-1000-20260804-20260804/fhir/Cara845_Abbey813_Lesch175_10037fdc-c4a8-bf50-768a-5980bb59f6d1.json	201	621	659	2026/patients/ingest-responses-rpmsfhir-1000-20260804/tunnel-ingest-397-1785899090.json
/home/glilly/work/vista-stack/HL7-FHIR-quality-testing/2026/patients/raw/synthea-1000-20260804-20260804/fhir/Piper612_Rogahn59_39609e5f-f94f-fac1-08b4-b5e703098d07.json	201	622	660	2026/patients/ingest-responses-rpmsfhir-1000-20260804/tunnel-ingest-398-1785899100.json
/home/glilly/work/vista-stack/HL7-FHIR-quality-testing/2026/patients/raw/synthea-1000-20260804-20260804/fhir/Ester635_Conroy74_5330d6bb-659f-2526-fa82-6655905e9a20.json	201	623	661	2026/patients/ingest-responses-rpmsfhir-1000-20260804/tunnel-ingest-399-1785899113.json
/home/glilly/work/vista-stack/HL7-FHIR-quality-testing/2026/patients/raw/synthea-1000-20260804-20260804/fhir/Lizette501_Hansen121_dcd7c374-99b3-2679-fb56-70abd6a263a6.json	201	624	662	2026/patients/ingest-responses-rpmsfhir-1000-20260804/tunnel-ingest-400-1785899125.json
/home/glilly/work/vista-stack/HL7-FHIR-quality-testing/2026/patients/raw/synthea-1000-20260804-20260804/fhir/José3_Casárez469_cdd20e22-94b2-8e79-e0b7-2529c25c9ee4.json	201	625	663	2026/patients/ingest-responses-rpmsfhir-1000-20260804/tunnel-ingest-401-1785899136.json
/home/glilly/work/vista-stack/HL7-FHIR-quality-testing/2026/patients/raw/synthea-1000-20260804-20260804/fhir/Marlyn309_Herman763_eb2be042-ad6b-961b-0f41-00b4c47d1bff.json	201	626	664	2026/patients/ingest-responses-rpmsfhir-1000-20260804/tunnel-ingest-402-1785899149.json
/home/glilly/work/vista-stack/HL7-FHIR-quality-testing/2026/patients/raw/synthea-1000-20260804-20260804/fhir/Kaila152_Sharlene906_Kuhic920_063128aa-1cd9-760e-bbbf-9a8f46e0791b.json	201	627	665	2026/patients/ingest-responses-rpmsfhir-1000-20260804/tunnel-ingest-403-1785899160.json
/home/glilly/work/vista-stack/HL7-FHIR-quality-testing/2026/patients/raw/synthea-1000-20260804-20260804/fhir/Jenise920_Stoltenberg489_6bb29fd2-8af9-b3f4-0027-95338af828fc.json	201	628	666	2026/patients/ingest-responses-rpmsfhir-1000-20260804/tunnel-ingest-404-1785899171.json
/home/glilly/work/vista-stack/HL7-FHIR-quality-testing/2026/patients/raw/synthea-1000-20260804-20260804/fhir/Eboni653_Kassulke119_f9dd3d61-975f-ade7-285e-8b16eaba08c4.json	201	629	667	2026/patients/ingest-responses-rpmsfhir-1000-20260804/tunnel-ingest-405-1785899184.json
/home/glilly/work/vista-stack/HL7-FHIR-quality-testing/2026/patients/raw/synthea-1000-20260804-20260804/fhir/Duncan491_Hessel84_3fa34def-8973-a2f5-b344-5120cc53f85a.json	201	630	668	2026/patients/ingest-responses-rpmsfhir-1000-20260804/tunnel-ingest-406-1785899194.json
/home/glilly/work/vista-stack/HL7-FHIR-quality-testing/2026/patients/raw/synthea-1000-20260804-20260804/fhir/Burton124_Schowalter414_bd088e55-9367-0789-5d24-9cf9cc235312.json	201	631	669	2026/patients/ingest-responses-rpmsfhir-1000-20260804/tunnel-ingest-407-1785899205.json
/home/glilly/work/vista-stack/HL7-FHIR-quality-testing/2026/patients/raw/synthea-1000-20260804-20260804/fhir/Grady603_Feeney44_09535808-f195-b6b7-5008-ff71e0f9917c.json	201	632	670	2026/patients/ingest-responses-rpmsfhir-1000-20260804/tunnel-ingest-408-1785899216.json
/home/glilly/work/vista-stack/HL7-FHIR-quality-testing/2026/patients/raw/synthea-1000-20260804-20260804/fhir/Lesley194_O'Keefe54_afd5c743-f747-3d0a-355b-f9bb7273ac93.json	201	633	671	2026/patients/ingest-responses-rpmsfhir-1000-20260804/tunnel-ingest-409-1785899228.json
/home/glilly/work/vista-stack/HL7-FHIR-quality-testing/2026/patients/raw/synthea-1000-20260804-20260804/fhir/Reynalda736_Littel644_d06bcea5-91b2-cd8f-598f-3d9767e64800.json	201	634	672	2026/patients/ingest-responses-rpmsfhir-1000-20260804/tunnel-ingest-410-1785899239.json
/home/glilly/work/vista-stack/HL7-FHIR-quality-testing/2026/patients/raw/synthea-1000-20260804-20260804/fhir/Gaynell126_Grimes165_2d23c5c3-5631-068a-1886-b9981483bd9e.json	201	635	673	2026/patients/ingest-responses-rpmsfhir-1000-20260804/tunnel-ingest-411-1785899250.json
/home/glilly/work/vista-stack/HL7-FHIR-quality-testing/2026/patients/raw/synthea-1000-20260804-20260804/fhir/Jolie499_Kami26_Bartell116_7e469b34-1086-ab4a-de8a-faf23bf3d373.json	201	636	674	2026/patients/ingest-responses-rpmsfhir-1000-20260804/tunnel-ingest-412-1785899263.json
/home/glilly/work/vista-stack/HL7-FHIR-quality-testing/2026/patients/raw/synthea-1000-20260804-20260804/fhir/Earlie274_Lebsack687_29c4097a-aee1-e30c-a31e-40264d60f5f7.json	201	637	675	2026/patients/ingest-responses-rpmsfhir-1000-20260804/tunnel-ingest-413-1785899274.json
/home/glilly/work/vista-stack/HL7-FHIR-quality-testing/2026/patients/raw/synthea-1000-20260804-20260804/fhir/Neva514_Dare640_5600b4bc-5db3-7296-2e5b-b2501882d722.json	201	638	676	2026/patients/ingest-responses-rpmsfhir-1000-20260804/tunnel-ingest-414-1785899286.json
/home/glilly/work/vista-stack/HL7-FHIR-quality-testing/2026/patients/raw/synthea-1000-20260804-20260804/fhir/Elfriede680_Homenick806_1dc13bff-bd2d-4c12-a54b-a2663cd71043.json	201	639	677	2026/patients/ingest-responses-rpmsfhir-1000-20260804/tunnel-ingest-415-1785899296.json
/home/glilly/work/vista-stack/HL7-FHIR-quality-testing/2026/patients/raw/synthea-1000-20260804-20260804/fhir/Kayleen757_Moore224_e70ee8a1-ede8-b4e1-0e13-85d8da017f68.json	201	640	678	2026/patients/ingest-responses-rpmsfhir-1000-20260804/tunnel-ingest-416-1785899307.json
/home/glilly/work/vista-stack/HL7-FHIR-quality-testing/2026/patients/raw/synthea-1000-20260804-20260804/fhir/Priscilla527_Andera917_Wilderman619_cdfe18a4-40a9-0c94-8ce8-c7dd47c582a7.json	201	641	679	2026/patients/ingest-responses-rpmsfhir-1000-20260804/tunnel-ingest-417-1785899317.json
/home/glilly/work/vista-stack/HL7-FHIR-quality-testing/2026/patients/raw/synthea-1000-20260804-20260804/fhir/Federico589_Beahan375_8f7a4d25-ab23-f53a-e2c4-433151499944.json	201	642	680	2026/patients/ingest-responses-rpmsfhir-1000-20260804/tunnel-ingest-418-1785899328.json
/home/glilly/work/vista-stack/HL7-FHIR-quality-testing/2026/patients/raw/synthea-1000-20260804-20260804/fhir/Gala823_Kreiger457_7e47a480-1fd3-b96a-7201-6083b95755c1.json	201	643	681	2026/patients/ingest-responses-rpmsfhir-1000-20260804/tunnel-ingest-419-1785899336.json
/home/glilly/work/vista-stack/HL7-FHIR-quality-testing/2026/patients/raw/synthea-1000-20260804-20260804/fhir/Debbi640_Melita22_Hudson301_8d3ddacd-1ef6-e7e8-eba9-95597162dd31.json	201	644	682	2026/patients/ingest-responses-rpmsfhir-1000-20260804/tunnel-ingest-420-1785899351.json
/home/glilly/work/vista-stack/HL7-FHIR-quality-testing/2026/patients/raw/synthea-1000-20260804-20260804/fhir/Darleen361_Chong355_Smitham825_a70525f2-cf25-5713-e924-c0c151483544.json	201	645	683	2026/patients/ingest-responses-rpmsfhir-1000-20260804/tunnel-ingest-421-1785899362.json
/home/glilly/work/vista-stack/HL7-FHIR-quality-testing/2026/patients/raw/synthea-1000-20260804-20260804/fhir/Dulcie148_Roberta529_Bartoletti50_1a51e606-71c1-c874-16d5-6190960c5474.json	201	646	684	2026/patients/ingest-responses-rpmsfhir-1000-20260804/tunnel-ingest-422-1785899373.json
/home/glilly/work/vista-stack/HL7-FHIR-quality-testing/2026/patients/raw/synthea-1000-20260804-20260804/fhir/Cecille691_Balistreri607_7ceb5513-eadd-3863-c7ed-b74f2a7baee9.json	201	647	685	2026/patients/ingest-responses-rpmsfhir-1000-20260804/tunnel-ingest-423-1785899386.json
/home/glilly/work/vista-stack/HL7-FHIR-quality-testing/2026/patients/raw/synthea-1000-20260804-20260804/fhir/Gino587_Daugherty69_bf8c52e5-3fcf-2295-d50f-5a69bad10805.json	201	648	686	2026/patients/ingest-responses-rpmsfhir-1000-20260804/tunnel-ingest-424-1785899398.json
/home/glilly/work/vista-stack/HL7-FHIR-quality-testing/2026/patients/raw/synthea-1000-20260804-20260804/fhir/Harold594_Little434_71f3be0f-7665-b8ce-036a-e3e85eddc4ba.json	201	649	687	2026/patients/ingest-responses-rpmsfhir-1000-20260804/tunnel-ingest-425-1785899412.json
/home/glilly/work/vista-stack/HL7-FHIR-quality-testing/2026/patients/raw/synthea-1000-20260804-20260804/fhir/Gaylord332_Stamm704_057240b7-31e7-5313-9fb5-26c55a541226.json	201	650	688	2026/patients/ingest-responses-rpmsfhir-1000-20260804/tunnel-ingest-426-1785899425.json
/home/glilly/work/vista-stack/HL7-FHIR-quality-testing/2026/patients/raw/synthea-1000-20260804-20260804/fhir/Delinda651_Ward668_10aac3b2-2fd4-34dc-4047-c5fc9e63afaa.json	201	651	689	2026/patients/ingest-responses-rpmsfhir-1000-20260804/tunnel-ingest-427-1785899438.json
/home/glilly/work/vista-stack/HL7-FHIR-quality-testing/2026/patients/raw/synthea-1000-20260804-20260804/fhir/Portia383_O'Conner199_82f34071-3a81-ea7a-f55b-3608944b899c.json	201	652	690	2026/patients/ingest-responses-rpmsfhir-1000-20260804/tunnel-ingest-428-1785899450.json
/home/glilly/work/vista-stack/HL7-FHIR-quality-testing/2026/patients/raw/synthea-1000-20260804-20260804/fhir/Everett935_Rempel203_cb6d30c9-9383-5f67-0d08-b95847d7cccd.json	201	653	691	2026/patients/ingest-responses-rpmsfhir-1000-20260804/tunnel-ingest-429-1785899461.json
/home/glilly/work/vista-stack/HL7-FHIR-quality-testing/2026/patients/raw/synthea-1000-20260804-20260804/fhir/Roland928_Ebert178_6f79cd47-5d1c-b002-fe13-8f601bdd4165.json	201	654	692	2026/patients/ingest-responses-rpmsfhir-1000-20260804/tunnel-ingest-430-1785899473.json
/home/glilly/work/vista-stack/HL7-FHIR-quality-testing/2026/patients/raw/synthea-1000-20260804-20260804/fhir/Ezequiel972_Johnston597_50531c6f-3e2b-3d71-37f4-8ae5409d004a.json	201	655	693	2026/patients/ingest-responses-rpmsfhir-1000-20260804/tunnel-ingest-431-1785899483.json
/home/glilly/work/vista-stack/HL7-FHIR-quality-testing/2026/patients/raw/synthea-1000-20260804-20260804/fhir/Orlando897_Gutkowski940_c7636b17-71cd-5361-5fc1-c1c9aff8ad10.json	201	656	694	2026/patients/ingest-responses-rpmsfhir-1000-20260804/tunnel-ingest-432-1785899495.json
/home/glilly/work/vista-stack/HL7-FHIR-quality-testing/2026/patients/raw/synthea-1000-20260804-20260804/fhir/Elia719_Bailey598_611f51dc-9dc0-294c-f921-31bdf63254f9.json	201	657	695	2026/patients/ingest-responses-rpmsfhir-1000-20260804/tunnel-ingest-433-1785899506.json
/home/glilly/work/vista-stack/HL7-FHIR-quality-testing/2026/patients/raw/synthea-1000-20260804-20260804/fhir/Ha329_Runolfsdottir785_e2f1d6d3-dc2d-cb25-fa76-6bdc520cad66.json	201	658	696	2026/patients/ingest-responses-rpmsfhir-1000-20260804/tunnel-ingest-434-1785899517.json
/home/glilly/work/vista-stack/HL7-FHIR-quality-testing/2026/patients/raw/synthea-1000-20260804-20260804/fhir/Octavio643_Hessel84_0a97eb8c-9933-00f3-e5eb-f2381e3139ae.json	201	659	697	2026/patients/ingest-responses-rpmsfhir-1000-20260804/tunnel-ingest-435-1785899529.json
/home/glilly/work/vista-stack/HL7-FHIR-quality-testing/2026/patients/raw/synthea-1000-20260804-20260804/fhir/Danial835_Pfeffer420_ba0bd495-a7fa-f8ef-1836-20518393cc58.json	201	660	698	2026/patients/ingest-responses-rpmsfhir-1000-20260804/tunnel-ingest-436-1785899542.json
/home/glilly/work/vista-stack/HL7-FHIR-quality-testing/2026/patients/raw/synthea-1000-20260804-20260804/fhir/Fred155_Durgan499_1720684f-f71a-51b7-b418-30be8621ef2d.json	201	661	699	2026/patients/ingest-responses-rpmsfhir-1000-20260804/tunnel-ingest-437-1785899553.json
/home/glilly/work/vista-stack/HL7-FHIR-quality-testing/2026/patients/raw/synthea-1000-20260804-20260804/fhir/Chan58_Baumbach677_c2d54a68-68ae-6494-baef-5c4bc3d49580.json	201	662	700	2026/patients/ingest-responses-rpmsfhir-1000-20260804/tunnel-ingest-438-1785899566.json
/home/glilly/work/vista-stack/HL7-FHIR-quality-testing/2026/patients/raw/synthea-1000-20260804-20260804/fhir/Jean712_Stiedemann542_b5161720-286e-f173-8c59-bb9481290a21.json	201	663	701	2026/patients/ingest-responses-rpmsfhir-1000-20260804/tunnel-ingest-439-1785899577.json
/home/glilly/work/vista-stack/HL7-FHIR-quality-testing/2026/patients/raw/synthea-1000-20260804-20260804/fhir/Glady857_Bosco882_06fed1bc-490d-ee8e-c240-47b0cd3c0cd5.json	201	664	702	2026/patients/ingest-responses-rpmsfhir-1000-20260804/tunnel-ingest-440-1785899589.json
/home/glilly/work/vista-stack/HL7-FHIR-quality-testing/2026/patients/raw/synthea-1000-20260804-20260804/fhir/Calvin845_Lindgren255_0550e2d2-489c-de5e-7d73-bd541939f62f.json	201	665	703	2026/patients/ingest-responses-rpmsfhir-1000-20260804/tunnel-ingest-441-1785899602.json
/home/glilly/work/vista-stack/HL7-FHIR-quality-testing/2026/patients/raw/synthea-1000-20260804-20260804/fhir/Mark765_Quitzon246_b60167c3-f5a5-2c76-d534-a72b1cb7e520.json	201	666	704	2026/patients/ingest-responses-rpmsfhir-1000-20260804/tunnel-ingest-442-1785899613.json
/home/glilly/work/vista-stack/HL7-FHIR-quality-testing/2026/patients/raw/synthea-1000-20260804-20260804/fhir/Janelle257_Marylyn194_Skiles927_4e8e772f-6985-e5bc-fd24-08fc2d2c85ce.json	201	667	705	2026/patients/ingest-responses-rpmsfhir-1000-20260804/tunnel-ingest-443-1785899623.json
/home/glilly/work/vista-stack/HL7-FHIR-quality-testing/2026/patients/raw/synthea-1000-20260804-20260804/fhir/Mitsue965_Gaylord332_c506c471-c15e-4726-02c6-dee967da6e88.json	201	668	706	2026/patients/ingest-responses-rpmsfhir-1000-20260804/tunnel-ingest-444-1785899635.json
/home/glilly/work/vista-stack/HL7-FHIR-quality-testing/2026/patients/raw/synthea-1000-20260804-20260804/fhir/Larraine124_Prohaska837_ddd33917-58f8-1896-750c-18889e9ef1fb.json	201	669	707	2026/patients/ingest-responses-rpmsfhir-1000-20260804/tunnel-ingest-445-1785899647.json
/home/glilly/work/vista-stack/HL7-FHIR-quality-testing/2026/patients/raw/synthea-1000-20260804-20260804/fhir/Deidra675_Konopelski743_862f269d-144a-6e0f-13e4-2028ccb0e802.json	201	670	708	2026/patients/ingest-responses-rpmsfhir-1000-20260804/tunnel-ingest-446-1785899659.json
/home/glilly/work/vista-stack/HL7-FHIR-quality-testing/2026/patients/raw/synthea-1000-20260804-20260804/fhir/Rubin812_Walter473_5e0520b9-c2b1-9bcd-7924-fa25c54b68d9.json	201	671	709	2026/patients/ingest-responses-rpmsfhir-1000-20260804/tunnel-ingest-447-1785899670.json
/home/glilly/work/vista-stack/HL7-FHIR-quality-testing/2026/patients/raw/synthea-1000-20260804-20260804/fhir/Dinah304_Ryan260_e0100027-d2d2-301e-e298-2753db03014f.json	201	672	710	2026/patients/ingest-responses-rpmsfhir-1000-20260804/tunnel-ingest-448-1785899682.json
/home/glilly/work/vista-stack/HL7-FHIR-quality-testing/2026/patients/raw/synthea-1000-20260804-20260804/fhir/Rossana121_Torp761_dce38e5e-613c-88e5-abef-a463d0de8856.json	201	673	711	2026/patients/ingest-responses-rpmsfhir-1000-20260804/tunnel-ingest-449-1785899693.json
/home/glilly/work/vista-stack/HL7-FHIR-quality-testing/2026/patients/raw/synthea-1000-20260804-20260804/fhir/Heriberto162_Metz686_84a1578e-7729-6a06-69a5-380c6e9daa31.json	201	674	712	2026/patients/ingest-responses-rpmsfhir-1000-20260804/tunnel-ingest-450-1785899707.json
/home/glilly/work/vista-stack/HL7-FHIR-quality-testing/2026/patients/raw/synthea-1000-20260804-20260804/fhir/Reyes140_Dach178_7b2e1eeb-cf46-7b64-8657-6584f0e3dd1a.json	201	675	713	2026/patients/ingest-responses-rpmsfhir-1000-20260804/tunnel-ingest-451-1785899723.json
/home/glilly/work/vista-stack/HL7-FHIR-quality-testing/2026/patients/raw/synthea-1000-20260804-20260804/fhir/Mazie442_Kaci716_Wunsch504_30c02bc8-7794-3d48-a2d6-3928facb342a.json	201	676	714	2026/patients/ingest-responses-rpmsfhir-1000-20260804/tunnel-ingest-452-1785899735.json
/home/glilly/work/vista-stack/HL7-FHIR-quality-testing/2026/patients/raw/synthea-1000-20260804-20260804/fhir/Jann271_Marcelle381_Dickinson688_84bc3b16-7c83-9a7a-f7d6-af77e0186314.json	201	677	715	2026/patients/ingest-responses-rpmsfhir-1000-20260804/tunnel-ingest-453-1785899748.json
/home/glilly/work/vista-stack/HL7-FHIR-quality-testing/2026/patients/raw/synthea-1000-20260804-20260804/fhir/Mickey576_Champlin946_0d1080a4-b238-8734-0050-41b8e31eb119.json	201	678	716	2026/patients/ingest-responses-rpmsfhir-1000-20260804/tunnel-ingest-454-1785899759.json
/home/glilly/work/vista-stack/HL7-FHIR-quality-testing/2026/patients/raw/synthea-1000-20260804-20260804/fhir/Darius626_Brown30_49cc3fea-e286-0ce3-afa2-0dead9eb57fd.json	201	679	717	2026/patients/ingest-responses-rpmsfhir-1000-20260804/tunnel-ingest-455-1785899771.json
/home/glilly/work/vista-stack/HL7-FHIR-quality-testing/2026/patients/raw/synthea-1000-20260804-20260804/fhir/Rickey821_Ruecker817_ef6d4fe3-217f-864e-0d71-1b63f546e2dc.json	201	680	718	2026/patients/ingest-responses-rpmsfhir-1000-20260804/tunnel-ingest-456-1785899783.json
/home/glilly/work/vista-stack/HL7-FHIR-quality-testing/2026/patients/raw/synthea-1000-20260804-20260804/fhir/Contessa946_Marielle507_Kassulke119_f49830fa-eb98-bf43-b3a6-ec9c8c14dfad.json	201	681	719	2026/patients/ingest-responses-rpmsfhir-1000-20260804/tunnel-ingest-457-1785899795.json
/home/glilly/work/vista-stack/HL7-FHIR-quality-testing/2026/patients/raw/synthea-1000-20260804-20260804/fhir/Madie300_Lindgren255_d645d860-64cd-f249-dad0-ed60a5175274.json	201	682	720	2026/patients/ingest-responses-rpmsfhir-1000-20260804/tunnel-ingest-458-1785899807.json
/home/glilly/work/vista-stack/HL7-FHIR-quality-testing/2026/patients/raw/synthea-1000-20260804-20260804/fhir/Kristle148_Laticia649_Fisher429_128c9c18-b73c-f9e1-3a2a-b0132e276afa.json	201	683	721	2026/patients/ingest-responses-rpmsfhir-1000-20260804/tunnel-ingest-459-1785899818.json
/home/glilly/work/vista-stack/HL7-FHIR-quality-testing/2026/patients/raw/synthea-1000-20260804-20260804/fhir/Jacques50_Emmerich580_a0c00a12-0b12-3bbf-caae-af125f7d09d5.json	201	684	722	2026/patients/ingest-responses-rpmsfhir-1000-20260804/tunnel-ingest-460-1785899831.json
/home/glilly/work/vista-stack/HL7-FHIR-quality-testing/2026/patients/raw/synthea-1000-20260804-20260804/fhir/Lucien408_Von197_1dae108e-b615-e3b5-070e-25665c297d8c.json	201	685	723	2026/patients/ingest-responses-rpmsfhir-1000-20260804/tunnel-ingest-461-1785899842.json
/home/glilly/work/vista-stack/HL7-FHIR-quality-testing/2026/patients/raw/synthea-1000-20260804-20260804/fhir/Geri861_Chasidy481_Bartoletti50_303574a5-8986-76db-3d5f-4410d26652ac.json	201	686	724	2026/patients/ingest-responses-rpmsfhir-1000-20260804/tunnel-ingest-462-1785899854.json
/home/glilly/work/vista-stack/HL7-FHIR-quality-testing/2026/patients/raw/synthea-1000-20260804-20260804/fhir/Hobert364_Thiel172_61e21dfc-b04c-c4ad-e287-64fe63116cc5.json	201	687	725	2026/patients/ingest-responses-rpmsfhir-1000-20260804/tunnel-ingest-463-1785899865.json
/home/glilly/work/vista-stack/HL7-FHIR-quality-testing/2026/patients/raw/synthea-1000-20260804-20260804/fhir/Marketta481_Harold594_Quigley282_0661e3ed-e770-6899-4910-b7dded466a60.json	201	688	726	2026/patients/ingest-responses-rpmsfhir-1000-20260804/tunnel-ingest-464-1785899877.json
/home/glilly/work/vista-stack/HL7-FHIR-quality-testing/2026/patients/raw/synthea-1000-20260804-20260804/fhir/Delmy607_Zulauf375_632d2ce8-c99b-9192-fdfa-1eb45c082107.json	201	689	727	2026/patients/ingest-responses-rpmsfhir-1000-20260804/tunnel-ingest-465-1785899888.json
/home/glilly/work/vista-stack/HL7-FHIR-quality-testing/2026/patients/raw/synthea-1000-20260804-20260804/fhir/Lucina142_Williamson769_4f61eb66-81b1-ff34-4497-c76dfd7572c4.json	201	690	728	2026/patients/ingest-responses-rpmsfhir-1000-20260804/tunnel-ingest-466-1785899901.json
/home/glilly/work/vista-stack/HL7-FHIR-quality-testing/2026/patients/raw/synthea-1000-20260804-20260804/fhir/Reina25_Gabriela205_Ulibarri312_1768a94b-758b-0f67-a2b2-61e05deff04e.json	201	691	729	2026/patients/ingest-responses-rpmsfhir-1000-20260804/tunnel-ingest-467-1785899913.json
/home/glilly/work/vista-stack/HL7-FHIR-quality-testing/2026/patients/raw/synthea-1000-20260804-20260804/fhir/Rachel885_Tabetha269_Thiel172_bb1308ee-b7e6-8431-32e1-3397fb10b8ea.json	201	692	730	2026/patients/ingest-responses-rpmsfhir-1000-20260804/tunnel-ingest-468-1785899925.json
/home/glilly/work/vista-stack/HL7-FHIR-quality-testing/2026/patients/raw/synthea-1000-20260804-20260804/fhir/Marni913_Evonne919_Bernier607_684f6499-5aa5-b40f-35fb-db720207e44b.json	201	693	731	2026/patients/ingest-responses-rpmsfhir-1000-20260804/tunnel-ingest-469-1785899939.json
/home/glilly/work/vista-stack/HL7-FHIR-quality-testing/2026/patients/raw/synthea-1000-20260804-20260804/fhir/Jona712_Bobbi508_Lind531_c0af8fbe-4903-e27e-13e9-f71c9eeade1a.json	201	694	732	2026/patients/ingest-responses-rpmsfhir-1000-20260804/tunnel-ingest-470-1785899951.json
/home/glilly/work/vista-stack/HL7-FHIR-quality-testing/2026/patients/raw/synthea-1000-20260804-20260804/fhir/Merle11_Corkery305_b4a56198-5e48-5c39-a2b4-6c216876232e.json	201	695	733	2026/patients/ingest-responses-rpmsfhir-1000-20260804/tunnel-ingest-471-1785899966.json
/home/glilly/work/vista-stack/HL7-FHIR-quality-testing/2026/patients/raw/synthea-1000-20260804-20260804/fhir/Lyndon118_Lebsack687_b565a85b-a446-e467-8550-4a281049c845.json	201	696	734	2026/patients/ingest-responses-rpmsfhir-1000-20260804/tunnel-ingest-472-1785899978.json
/home/glilly/work/vista-stack/HL7-FHIR-quality-testing/2026/patients/raw/synthea-1000-20260804-20260804/fhir/Cherise743_Arla414_Herzog843_4a58d3e5-0920-90b4-b8d0-9ab89e24700d.json	201	697	735	2026/patients/ingest-responses-rpmsfhir-1000-20260804/tunnel-ingest-473-1785899989.json
/home/glilly/work/vista-stack/HL7-FHIR-quality-testing/2026/patients/raw/synthea-1000-20260804-20260804/fhir/Carson894_Emard19_b9fd2129-58ac-687b-e814-10159405947f.json	201	698	736	2026/patients/ingest-responses-rpmsfhir-1000-20260804/tunnel-ingest-474-1785900000.json
/home/glilly/work/vista-stack/HL7-FHIR-quality-testing/2026/patients/raw/synthea-1000-20260804-20260804/fhir/Lavern240_Quigley282_b7694d9f-58bb-f30a-c372-dd71c6093879.json	201	699	737	2026/patients/ingest-responses-rpmsfhir-1000-20260804/tunnel-ingest-475-1785900013.json
/home/glilly/work/vista-stack/HL7-FHIR-quality-testing/2026/patients/raw/synthea-1000-20260804-20260804/fhir/Rufina863_Jen355_Roberts511_e00302a0-9ac6-babc-13f9-4803c3c20720.json	201	700	738	2026/patients/ingest-responses-rpmsfhir-1000-20260804/tunnel-ingest-476-1785900025.json
/home/glilly/work/vista-stack/HL7-FHIR-quality-testing/2026/patients/raw/synthea-1000-20260804-20260804/fhir/Chase54_Bednar518_b5c29d01-a40d-9b03-6641-31e3e84dc505.json	201	701	739	2026/patients/ingest-responses-rpmsfhir-1000-20260804/tunnel-ingest-477-1785900037.json
/home/glilly/work/vista-stack/HL7-FHIR-quality-testing/2026/patients/raw/synthea-1000-20260804-20260804/fhir/Marcel580_Pouros728_5e03759f-cc90-0480-e9b9-454450b40802.json	201	702	740	2026/patients/ingest-responses-rpmsfhir-1000-20260804/tunnel-ingest-478-1785900049.json
/home/glilly/work/vista-stack/HL7-FHIR-quality-testing/2026/patients/raw/synthea-1000-20260804-20260804/fhir/Haywood675_Buckridge80_5f4e2898-56e9-f3f6-082e-11bfc4c55651.json	201	703	741	2026/patients/ingest-responses-rpmsfhir-1000-20260804/tunnel-ingest-479-1785900061.json
/home/glilly/work/vista-stack/HL7-FHIR-quality-testing/2026/patients/raw/synthea-1000-20260804-20260804/fhir/Demetrius568_Donnelly343_147c40e8-16d5-0334-236d-fe865f138ac8.json	201	704	742	2026/patients/ingest-responses-rpmsfhir-1000-20260804/tunnel-ingest-480-1785900073.json
/home/glilly/work/vista-stack/HL7-FHIR-quality-testing/2026/patients/raw/synthea-1000-20260804-20260804/fhir/Jenine75_Palmira118_Nikolaus26_cee5a530-61f6-4a58-bad4-4315e02c0d80.json	201	705	743	2026/patients/ingest-responses-rpmsfhir-1000-20260804/tunnel-ingest-481-1785900087.json
/home/glilly/work/vista-stack/HL7-FHIR-quality-testing/2026/patients/raw/synthea-1000-20260804-20260804/fhir/Gary33_Strosin214_1c193f55-61e8-b919-a7b4-aa98cafde8a7.json	201	706	744	2026/patients/ingest-responses-rpmsfhir-1000-20260804/tunnel-ingest-482-1785900099.json
/home/glilly/work/vista-stack/HL7-FHIR-quality-testing/2026/patients/raw/synthea-1000-20260804-20260804/fhir/Guadalupe206_Gollum504_e53c3648-97a7-a82a-2cf1-7d862904686e.json	201	707	745	2026/patients/ingest-responses-rpmsfhir-1000-20260804/tunnel-ingest-483-1785900111.json
/home/glilly/work/vista-stack/HL7-FHIR-quality-testing/2026/patients/raw/synthea-1000-20260804-20260804/fhir/Kandis954_Dollie671_Barton704_02f31b23-9cc1-ef2f-3cc5-987e86ff4277.json	201	708	746	2026/patients/ingest-responses-rpmsfhir-1000-20260804/tunnel-ingest-484-1785900122.json
/home/glilly/work/vista-stack/HL7-FHIR-quality-testing/2026/patients/raw/synthea-1000-20260804-20260804/fhir/Judi176_Flo729_Paucek755_2ed0da18-8fe0-c1b3-cdda-de60c2ef362a.json	201	709	747	2026/patients/ingest-responses-rpmsfhir-1000-20260804/tunnel-ingest-485-1785900136.json
/home/glilly/work/vista-stack/HL7-FHIR-quality-testing/2026/patients/raw/synthea-1000-20260804-20260804/fhir/Elizabet136_Sang383_Walker122_dc4d59e5-45fa-10ab-67ce-debf30792d18.json	201	710	748	2026/patients/ingest-responses-rpmsfhir-1000-20260804/tunnel-ingest-486-1785900148.json
/home/glilly/work/vista-stack/HL7-FHIR-quality-testing/2026/patients/raw/synthea-1000-20260804-20260804/fhir/Art115_O'Reilly797_789da6f1-a220-048e-8f17-649cfac92f1a.json	201	711	749	2026/patients/ingest-responses-rpmsfhir-1000-20260804/tunnel-ingest-487-1785900164.json
/home/glilly/work/vista-stack/HL7-FHIR-quality-testing/2026/patients/raw/synthea-1000-20260804-20260804/fhir/Myles862_Pouros728_bdbb17d8-9f2b-c1ee-c208-0fc8fea43dc3.json	201	712	750	2026/patients/ingest-responses-rpmsfhir-1000-20260804/tunnel-ingest-488-1785900177.json
/home/glilly/work/vista-stack/HL7-FHIR-quality-testing/2026/patients/raw/synthea-1000-20260804-20260804/fhir/Lisette854_McDermott739_59fed2cd-f1ce-603d-a760-a8ca591b7e1f.json	201	713	751	2026/patients/ingest-responses-rpmsfhir-1000-20260804/tunnel-ingest-489-1785900187.json
/home/glilly/work/vista-stack/HL7-FHIR-quality-testing/2026/patients/raw/synthea-1000-20260804-20260804/fhir/Roseline981_Louann705_Robel940_d3c9197c-f6e5-69dc-b667-4378d7ea1f2f.json	201	714	752	2026/patients/ingest-responses-rpmsfhir-1000-20260804/tunnel-ingest-490-1785900198.json
/home/glilly/work/vista-stack/HL7-FHIR-quality-testing/2026/patients/raw/synthea-1000-20260804-20260804/fhir/Garry927_Lind531_7910bed9-5df0-de89-8f5f-91315119e262.json	201	715	753	2026/patients/ingest-responses-rpmsfhir-1000-20260804/tunnel-ingest-491-1785900210.json
/home/glilly/work/vista-stack/HL7-FHIR-quality-testing/2026/patients/raw/synthea-1000-20260804-20260804/fhir/Kasandra729_Marvin195_faf8f14a-020e-ce93-6a1f-804e7bc91a0b.json	201	716	754	2026/patients/ingest-responses-rpmsfhir-1000-20260804/tunnel-ingest-492-1785900220.json
/home/glilly/work/vista-stack/HL7-FHIR-quality-testing/2026/patients/raw/synthea-1000-20260804-20260804/fhir/Lorriane838_Sharmaine326_Kuhlman484_035ca465-6d40-2828-86c5-697467468ca6.json	201	717	755	2026/patients/ingest-responses-rpmsfhir-1000-20260804/tunnel-ingest-493-1785900231.json
/home/glilly/work/vista-stack/HL7-FHIR-quality-testing/2026/patients/raw/synthea-1000-20260804-20260804/fhir/Minna389_Roob72_4dc246b4-1975-2c45-de6d-321d3540ab53.json	201	718	756	2026/patients/ingest-responses-rpmsfhir-1000-20260804/tunnel-ingest-494-1785900243.json
/home/glilly/work/vista-stack/HL7-FHIR-quality-testing/2026/patients/raw/synthea-1000-20260804-20260804/fhir/Nichelle912_Jast432_e2e01999-492f-c9e4-61db-b8fd34ab8ad6.json	201	719	757	2026/patients/ingest-responses-rpmsfhir-1000-20260804/tunnel-ingest-495-1785900254.json
/home/glilly/work/vista-stack/HL7-FHIR-quality-testing/2026/patients/raw/synthea-1000-20260804-20260804/fhir/Letty680_Walter473_5cc105ea-cb49-8a4a-03f2-a38cdbc546f4.json	201	720	758	2026/patients/ingest-responses-rpmsfhir-1000-20260804/tunnel-ingest-496-1785900265.json
/home/glilly/work/vista-stack/HL7-FHIR-quality-testing/2026/patients/raw/synthea-1000-20260804-20260804/fhir/Lynell252_Rodriguez71_8310c295-fe68-598b-f62d-84c0b9fde986.json	201	721	759	2026/patients/ingest-responses-rpmsfhir-1000-20260804/tunnel-ingest-497-1785900279.json
/home/glilly/work/vista-stack/HL7-FHIR-quality-testing/2026/patients/raw/synthea-1000-20260804-20260804/fhir/Lady554_Franecki195_f28f6305-0753-4fa1-0d2d-3d896c46b628.json	201	722	760	2026/patients/ingest-responses-rpmsfhir-1000-20260804/tunnel-ingest-498-1785900290.json
/home/glilly/work/vista-stack/HL7-FHIR-quality-testing/2026/patients/raw/synthea-1000-20260804-20260804/fhir/Maira380_Mammie808_Greenfelder433_0435285f-9e86-9e69-3d3d-2ffeca6780a7.json	201	723	761	2026/patients/ingest-responses-rpmsfhir-1000-20260804/tunnel-ingest-499-1785900304.json
/home/glilly/work/vista-stack/HL7-FHIR-quality-testing/2026/patients/raw/synthea-1000-20260804-20260804/fhir/Jed345_Eichmann909_01a16569-a8a0-466b-6e14-8e781c1cc1e2.json	201	724	762	2026/patients/ingest-responses-rpmsfhir-1000-20260804/tunnel-ingest-500-1785900318.json
/home/glilly/work/vista-stack/HL7-FHIR-quality-testing/2026/patients/raw/synthea-1000-20260804-20260804/fhir/Chae49_Dagny669_Purdy2_7bfd4b36-1313-2d16-7503-0fa957853814.json	201	725	763	2026/patients/ingest-responses-rpmsfhir-1000-20260804/tunnel-ingest-501-1785900331.json
/home/glilly/work/vista-stack/HL7-FHIR-quality-testing/2026/patients/raw/synthea-1000-20260804-20260804/fhir/Kirstie385_McKenzie376_5b7690e7-eb08-8581-041d-e4af0b86e769.json	201	726	764	2026/patients/ingest-responses-rpmsfhir-1000-20260804/tunnel-ingest-502-1785900344.json
/home/glilly/work/vista-stack/HL7-FHIR-quality-testing/2026/patients/raw/synthea-1000-20260804-20260804/fhir/Joycelyn213_Kassulke119_df9e6a98-7629-5dfe-b5e8-04552afab04b.json	201	727	765	2026/patients/ingest-responses-rpmsfhir-1000-20260804/tunnel-ingest-503-1785900357.json
/home/glilly/work/vista-stack/HL7-FHIR-quality-testing/2026/patients/raw/synthea-1000-20260804-20260804/fhir/Jay242_Irmgard696_Corkery305_0e198d66-e446-ce59-03c7-7be9262c307e.json	201	728	766	2026/patients/ingest-responses-rpmsfhir-1000-20260804/tunnel-ingest-504-1785900368.json
/home/glilly/work/vista-stack/HL7-FHIR-quality-testing/2026/patients/raw/synthea-1000-20260804-20260804/fhir/Ricardo560_McCullough561_4b1fa875-f767-0606-7caf-69de17eda367.json	201	729	767	2026/patients/ingest-responses-rpmsfhir-1000-20260804/tunnel-ingest-505-1785900378.json
/home/glilly/work/vista-stack/HL7-FHIR-quality-testing/2026/patients/raw/synthea-1000-20260804-20260804/fhir/Malcom15_Larkin917_2cbd34e3-5c86-f6f4-51aa-e7f807f5c724.json	201	730	768	2026/patients/ingest-responses-rpmsfhir-1000-20260804/tunnel-ingest-506-1785900390.json
/home/glilly/work/vista-stack/HL7-FHIR-quality-testing/2026/patients/raw/synthea-1000-20260804-20260804/fhir/Rob341_Runolfsdottir785_0c631bf9-db30-1cc2-e574-87fc6da15324.json	201	731	769	2026/patients/ingest-responses-rpmsfhir-1000-20260804/tunnel-ingest-507-1785900401.json
/home/glilly/work/vista-stack/HL7-FHIR-quality-testing/2026/patients/raw/synthea-1000-20260804-20260804/fhir/Rubin812_Tromp100_293fb06d-2a7e-093a-542b-f660dc211f81.json	201	732	770	2026/patients/ingest-responses-rpmsfhir-1000-20260804/tunnel-ingest-508-1785900414.json
/home/glilly/work/vista-stack/HL7-FHIR-quality-testing/2026/patients/raw/synthea-1000-20260804-20260804/fhir/Ruthe70_Shantae970_Stracke611_fb84aabf-d24f-3b00-b6df-05f4dc656100.json	201	733	771	2026/patients/ingest-responses-rpmsfhir-1000-20260804/tunnel-ingest-509-1785900426.json
/home/glilly/work/vista-stack/HL7-FHIR-quality-testing/2026/patients/raw/synthea-1000-20260804-20260804/fhir/Jovan870_Brown30_749fab56-47c3-a080-76f4-d7d7c38da167.json	201	734	772	2026/patients/ingest-responses-rpmsfhir-1000-20260804/tunnel-ingest-510-1785900438.json
/home/glilly/work/vista-stack/HL7-FHIR-quality-testing/2026/patients/raw/synthea-1000-20260804-20260804/fhir/Darwin703_Moen819_16a58d12-7a5b-07b2-dbb0-0ff9b8b1a962.json	201	735	773	2026/patients/ingest-responses-rpmsfhir-1000-20260804/tunnel-ingest-511-1785900450.json
/home/glilly/work/vista-stack/HL7-FHIR-quality-testing/2026/patients/raw/synthea-1000-20260804-20260804/fhir/Gabriele201_Grant908_96db0008-d3e5-4ac9-6648-768ea1b888e2.json	201	736	774	2026/patients/ingest-responses-rpmsfhir-1000-20260804/tunnel-ingest-512-1785900464.json
/home/glilly/work/vista-stack/HL7-FHIR-quality-testing/2026/patients/raw/synthea-1000-20260804-20260804/fhir/Marline710_Trish512_Hackett68_0fe40953-37a6-1798-fb1a-fd10079d9b6a.json	201	737	775	2026/patients/ingest-responses-rpmsfhir-1000-20260804/tunnel-ingest-513-1785900475.json
/home/glilly/work/vista-stack/HL7-FHIR-quality-testing/2026/patients/raw/synthea-1000-20260804-20260804/fhir/Marion502_Heidy529_Mraz590_071c7e12-3c17-b030-160e-5508b7596e81.json	201	738	776	2026/patients/ingest-responses-rpmsfhir-1000-20260804/tunnel-ingest-514-1785900488.json
/home/glilly/work/vista-stack/HL7-FHIR-quality-testing/2026/patients/raw/synthea-1000-20260804-20260804/fhir/Marcelle381_Weimann465_2ff6ff2c-adc0-780a-c72e-204de38004a8.json	201	739	777	2026/patients/ingest-responses-rpmsfhir-1000-20260804/tunnel-ingest-515-1785900502.json
/home/glilly/work/vista-stack/HL7-FHIR-quality-testing/2026/patients/raw/synthea-1000-20260804-20260804/fhir/Kasie673_Lorita217_Hagenes547_5f1ef63c-7f33-7ca2-7a73-53b3a94858bf.json	201	740	778	2026/patients/ingest-responses-rpmsfhir-1000-20260804/tunnel-ingest-516-1785900513.json
/home/glilly/work/vista-stack/HL7-FHIR-quality-testing/2026/patients/raw/synthea-1000-20260804-20260804/fhir/Gordon377_McCullough561_ff44eb7b-d256-0055-ef96-5d4fbfa670f6.json	201	741	779	2026/patients/ingest-responses-rpmsfhir-1000-20260804/tunnel-ingest-517-1785900526.json
/home/glilly/work/vista-stack/HL7-FHIR-quality-testing/2026/patients/raw/synthea-1000-20260804-20260804/fhir/Shayne60_Luettgen772_6616b5b7-b4e3-ef4c-c13d-c3b6d8874566.json	201	742	780	2026/patients/ingest-responses-rpmsfhir-1000-20260804/tunnel-ingest-518-1785900539.json
/home/glilly/work/vista-stack/HL7-FHIR-quality-testing/2026/patients/raw/synthea-1000-20260804-20260804/fhir/Kaye394_Paola523_Breitenberg711_03a622e8-63e6-a4dd-dfa4-076e19fe2588.json	201	743	781	2026/patients/ingest-responses-rpmsfhir-1000-20260804/tunnel-ingest-519-1785900551.json
/home/glilly/work/vista-stack/HL7-FHIR-quality-testing/2026/patients/raw/synthea-1000-20260804-20260804/fhir/Nenita289_Marquardt819_d97b4b8a-f5cd-fd24-a19c-fd820cf3a15c.json	201	744	782	2026/patients/ingest-responses-rpmsfhir-1000-20260804/tunnel-ingest-520-1785900563.json
/home/glilly/work/vista-stack/HL7-FHIR-quality-testing/2026/patients/raw/synthea-1000-20260804-20260804/fhir/Patricio639_Guillen740_ab6ec289-7d8e-f5af-f18b-f13984794226.json	201	745	783	2026/patients/ingest-responses-rpmsfhir-1000-20260804/tunnel-ingest-521-1785900576.json
/home/glilly/work/vista-stack/HL7-FHIR-quality-testing/2026/patients/raw/synthea-1000-20260804-20260804/fhir/Jarvis643_Wuckert783_5ab26d85-f2f4-ed63-c4e4-6589f060fe88.json	201	746	784	2026/patients/ingest-responses-rpmsfhir-1000-20260804/tunnel-ingest-522-1785900591.json
/home/glilly/work/vista-stack/HL7-FHIR-quality-testing/2026/patients/raw/synthea-1000-20260804-20260804/fhir/Lawrence741_Romaguera67_65c910f0-169d-ab8e-10c0-94f609dda883.json	201	747	785	2026/patients/ingest-responses-rpmsfhir-1000-20260804/tunnel-ingest-523-1785900608.json
/home/glilly/work/vista-stack/HL7-FHIR-quality-testing/2026/patients/raw/synthea-1000-20260804-20260804/fhir/Sheryl275_Lisbeth69_Walsh511_79c1b5a1-18bf-ff20-0fe6-5e72fa1f6531.json	201	748	786	2026/patients/ingest-responses-rpmsfhir-1000-20260804/tunnel-ingest-524-1785900624.json
/home/glilly/work/vista-stack/HL7-FHIR-quality-testing/2026/patients/raw/synthea-1000-20260804-20260804/fhir/Debby656_Kiehn525_28630861-6702-ee4d-b0dc-224318814e0c.json	201	749	787	2026/patients/ingest-responses-rpmsfhir-1000-20260804/tunnel-ingest-525-1785900639.json
/home/glilly/work/vista-stack/HL7-FHIR-quality-testing/2026/patients/raw/synthea-1000-20260804-20260804/fhir/Marty115_Lucrecia714_Hand679_5bb18ede-9881-ca85-9756-06aca5154c04.json	201	750	788	2026/patients/ingest-responses-rpmsfhir-1000-20260804/tunnel-ingest-526-1785900652.json
/home/glilly/work/vista-stack/HL7-FHIR-quality-testing/2026/patients/raw/synthea-1000-20260804-20260804/fhir/Hong136_Homenick806_3ca6e46f-ffe3-1ed1-f37d-54c17074612a.json	201	751	789	2026/patients/ingest-responses-rpmsfhir-1000-20260804/tunnel-ingest-527-1785900668.json
/home/glilly/work/vista-stack/HL7-FHIR-quality-testing/2026/patients/raw/synthea-1000-20260804-20260804/fhir/Gustavo235_Schumm995_28bceb8e-612c-88db-4d44-e246bd939f7b.json	201	752	790	2026/patients/ingest-responses-rpmsfhir-1000-20260804/tunnel-ingest-528-1785900681.json
/home/glilly/work/vista-stack/HL7-FHIR-quality-testing/2026/patients/raw/synthea-1000-20260804-20260804/fhir/Ezequiel972_Stamm704_9c7d5873-4e89-fa91-51a1-f40f12d8cbea.json	201	753	791	2026/patients/ingest-responses-rpmsfhir-1000-20260804/tunnel-ingest-529-1785900696.json
/home/glilly/work/vista-stack/HL7-FHIR-quality-testing/2026/patients/raw/synthea-1000-20260804-20260804/fhir/Emmanuel930_Russel238_e3ccbc6a-a2db-d564-831e-5236b4cc4be2.json	201	754	792	2026/patients/ingest-responses-rpmsfhir-1000-20260804/tunnel-ingest-530-1785900708.json
/home/glilly/work/vista-stack/HL7-FHIR-quality-testing/2026/patients/raw/synthea-1000-20260804-20260804/fhir/Shaunda110_Ivy932_Gleichner915_5e8cc3f9-561c-81bb-9e19-b8e43f1e9b14.json	201	755	793	2026/patients/ingest-responses-rpmsfhir-1000-20260804/tunnel-ingest-531-1785900720.json
/home/glilly/work/vista-stack/HL7-FHIR-quality-testing/2026/patients/raw/synthea-1000-20260804-20260804/fhir/Linh535_Shawana711_Thiel172_3b72febe-693c-06d5-4838-b75aeb10d7b3.json	201	756	794	2026/patients/ingest-responses-rpmsfhir-1000-20260804/tunnel-ingest-532-1785900734.json
/home/glilly/work/vista-stack/HL7-FHIR-quality-testing/2026/patients/raw/synthea-1000-20260804-20260804/fhir/Marquitta546_Julia241_Gibson10_6797bba0-0d92-30ad-3746-82281b1d0da5.json	201	757	795	2026/patients/ingest-responses-rpmsfhir-1000-20260804/tunnel-ingest-533-1785900747.json
/home/glilly/work/vista-stack/HL7-FHIR-quality-testing/2026/patients/raw/synthea-1000-20260804-20260804/fhir/Janel230_Hermann103_2c16d68a-9172-eaa8-67a6-32e45958149b.json	201	758	796	2026/patients/ingest-responses-rpmsfhir-1000-20260804/tunnel-ingest-534-1785900762.json
/home/glilly/work/vista-stack/HL7-FHIR-quality-testing/2026/patients/raw/synthea-1000-20260804-20260804/fhir/Maria750_Dickens475_88ee7b1e-c5f1-a978-e483-0aef00896f58.json	201	759	797	2026/patients/ingest-responses-rpmsfhir-1000-20260804/tunnel-ingest-535-1785900775.json
/home/glilly/work/vista-stack/HL7-FHIR-quality-testing/2026/patients/raw/synthea-1000-20260804-20260804/fhir/Jerry654_Wiegand701_59416b3b-54a7-3752-1dfe-623cabe52a31.json	201	760	798	2026/patients/ingest-responses-rpmsfhir-1000-20260804/tunnel-ingest-536-1785900788.json
/home/glilly/work/vista-stack/HL7-FHIR-quality-testing/2026/patients/raw/synthea-1000-20260804-20260804/fhir/Ivan258_Crona259_21a9c5d6-c274-3436-a263-94c9fb5a19f5.json	201	761	799	2026/patients/ingest-responses-rpmsfhir-1000-20260804/tunnel-ingest-537-1785900802.json
/home/glilly/work/vista-stack/HL7-FHIR-quality-testing/2026/patients/raw/synthea-1000-20260804-20260804/fhir/Judi176_Robel940_a490a580-8ee4-abfe-f1c6-fa5ac7b7baa9.json	201	762	800	2026/patients/ingest-responses-rpmsfhir-1000-20260804/tunnel-ingest-538-1785900817.json
/home/glilly/work/vista-stack/HL7-FHIR-quality-testing/2026/patients/raw/synthea-1000-20260804-20260804/fhir/Prudence900_Davis923_bcc35616-4c7f-df1b-9ae1-e51504549890.json	201	763	801	2026/patients/ingest-responses-rpmsfhir-1000-20260804/tunnel-ingest-539-1785900832.json
/home/glilly/work/vista-stack/HL7-FHIR-quality-testing/2026/patients/raw/synthea-1000-20260804-20260804/fhir/Silvia880_Puente961_167d06b4-f7d8-374c-084a-33f3489c4e21.json	201	764	802	2026/patients/ingest-responses-rpmsfhir-1000-20260804/tunnel-ingest-540-1785900845.json
/home/glilly/work/vista-stack/HL7-FHIR-quality-testing/2026/patients/raw/synthea-1000-20260804-20260804/fhir/Lee268_Dach178_181bff8f-cda4-015f-8330-a8e6dce5f99f.json	201	765	803	2026/patients/ingest-responses-rpmsfhir-1000-20260804/tunnel-ingest-541-1785900858.json
/home/glilly/work/vista-stack/HL7-FHIR-quality-testing/2026/patients/raw/synthea-1000-20260804-20260804/fhir/Sonia106_Huerta329_d9d95f45-aed6-7e19-cdc2-69b0042f5a58.json	201	766	804	2026/patients/ingest-responses-rpmsfhir-1000-20260804/tunnel-ingest-542-1785900875.json
/home/glilly/work/vista-stack/HL7-FHIR-quality-testing/2026/patients/raw/synthea-1000-20260804-20260804/fhir/Carlos172_Schaden604_1f784ecd-5070-6e13-58c9-cd0cc7f3704f.json	201	767	805	2026/patients/ingest-responses-rpmsfhir-1000-20260804/tunnel-ingest-543-1785900890.json
/home/glilly/work/vista-stack/HL7-FHIR-quality-testing/2026/patients/raw/synthea-1000-20260804-20260804/fhir/Orville751_Schoen8_7176069b-efac-071d-989e-3658e8dd7ef8.json	201	768	806	2026/patients/ingest-responses-rpmsfhir-1000-20260804/tunnel-ingest-544-1785900907.json
/home/glilly/work/vista-stack/HL7-FHIR-quality-testing/2026/patients/raw/synthea-1000-20260804-20260804/fhir/Carla633_Micaela928_Casas271_e857ad70-637f-d1d1-df94-170eb155c179.json	201	769	807	2026/patients/ingest-responses-rpmsfhir-1000-20260804/tunnel-ingest-545-1785900923.json
/home/glilly/work/vista-stack/HL7-FHIR-quality-testing/2026/patients/raw/synthea-1000-20260804-20260804/fhir/Kelly223_McLaughlin530_dfec03ee-5806-2b78-f57c-559dd888980d.json	201	770	808	2026/patients/ingest-responses-rpmsfhir-1000-20260804/tunnel-ingest-546-1785900938.json
/home/glilly/work/vista-stack/HL7-FHIR-quality-testing/2026/patients/raw/synthea-1000-20260804-20260804/fhir/Jame231_Runolfsson901_378635d0-8b0f-3dee-2002-5088a91ec982.json	201	771	809	2026/patients/ingest-responses-rpmsfhir-1000-20260804/tunnel-ingest-547-1785900951.json
/home/glilly/work/vista-stack/HL7-FHIR-quality-testing/2026/patients/raw/synthea-1000-20260804-20260804/fhir/Jenice416_Koch169_ec1aa78b-1a37-3c2c-850c-82786787cf84.json	201	772	810	2026/patients/ingest-responses-rpmsfhir-1000-20260804/tunnel-ingest-548-1785900962.json
/home/glilly/work/vista-stack/HL7-FHIR-quality-testing/2026/patients/raw/synthea-1000-20260804-20260804/fhir/Eden920_Towne435_cd2af6a6-a927-f6ce-f54a-746389d1c0ed.json	201	773	811	2026/patients/ingest-responses-rpmsfhir-1000-20260804/tunnel-ingest-549-1785900977.json
/home/glilly/work/vista-stack/HL7-FHIR-quality-testing/2026/patients/raw/synthea-1000-20260804-20260804/fhir/Eric487_Swift555_158c6343-e8ad-b36c-325d-2019efd3d1ac.json	201	774	812	2026/patients/ingest-responses-rpmsfhir-1000-20260804/tunnel-ingest-550-1785900995.json
/home/glilly/work/vista-stack/HL7-FHIR-quality-testing/2026/patients/raw/synthea-1000-20260804-20260804/fhir/Ezekiel373_Schulist381_40d0801b-18d9-d78a-941d-d83c52102525.json	201	775	813	2026/patients/ingest-responses-rpmsfhir-1000-20260804/tunnel-ingest-551-1785901009.json
/home/glilly/work/vista-stack/HL7-FHIR-quality-testing/2026/patients/raw/synthea-1000-20260804-20260804/fhir/Evelyne208_Rosalee63_Shanahan202_d966249a-fe5f-253a-d72e-613f23e89e09.json	201	776	814	2026/patients/ingest-responses-rpmsfhir-1000-20260804/tunnel-ingest-552-1785901021.json
/home/glilly/work/vista-stack/HL7-FHIR-quality-testing/2026/patients/raw/synthea-1000-20260804-20260804/fhir/Cathy455_Langosh790_3bfdc469-38ce-3004-0677-cacfc825c3bb.json	201	777	815	2026/patients/ingest-responses-rpmsfhir-1000-20260804/tunnel-ingest-553-1785901038.json
/home/glilly/work/vista-stack/HL7-FHIR-quality-testing/2026/patients/raw/synthea-1000-20260804-20260804/fhir/Guadalupe206_Balistreri607_9ee7cfaf-1c73-b6a1-6025-92f4e77688a7.json	201	778	816	2026/patients/ingest-responses-rpmsfhir-1000-20260804/tunnel-ingest-554-1785901051.json
/home/glilly/work/vista-stack/HL7-FHIR-quality-testing/2026/patients/raw/synthea-1000-20260804-20260804/fhir/Charline650_Fallon874_Lebsack687_4e01cb95-b2cd-7349-be6e-23518938055d.json	201	779	817	2026/patients/ingest-responses-rpmsfhir-1000-20260804/tunnel-ingest-555-1785901064.json
/home/glilly/work/vista-stack/HL7-FHIR-quality-testing/2026/patients/raw/synthea-1000-20260804-20260804/fhir/Lonnie913_Cheri871_Macejkovic424_01bd38ab-1b18-3355-2c53-7465f16d3f3d.json	201	780	818	2026/patients/ingest-responses-rpmsfhir-1000-20260804/tunnel-ingest-556-1785901079.json
/home/glilly/work/vista-stack/HL7-FHIR-quality-testing/2026/patients/raw/synthea-1000-20260804-20260804/fhir/Keven605_Conroy74_dcced6fe-e867-808a-5dfa-e9d9c7fb48b5.json	201	781	819	2026/patients/ingest-responses-rpmsfhir-1000-20260804/tunnel-ingest-557-1785901096.json
/home/glilly/work/vista-stack/HL7-FHIR-quality-testing/2026/patients/raw/synthea-1000-20260804-20260804/fhir/Johnie961_Walsh511_a9d6793e-484f-34b3-810b-2fff6adb2b22.json	201	782	820	2026/patients/ingest-responses-rpmsfhir-1000-20260804/tunnel-ingest-558-1785901113.json
/home/glilly/work/vista-stack/HL7-FHIR-quality-testing/2026/patients/raw/synthea-1000-20260804-20260804/fhir/Keith571_DuBuque211_49faa461-1afd-8360-cc07-7f37b63c2629.json	201	783	821	2026/patients/ingest-responses-rpmsfhir-1000-20260804/tunnel-ingest-559-1785901124.json
/home/glilly/work/vista-stack/HL7-FHIR-quality-testing/2026/patients/raw/synthea-1000-20260804-20260804/fhir/Kiley170_Kayleigh718_Feest103_6715eb1a-8256-47d5-0804-fc3df17b8d41.json	201	784	822	2026/patients/ingest-responses-rpmsfhir-1000-20260804/tunnel-ingest-560-1785901135.json
/home/glilly/work/vista-stack/HL7-FHIR-quality-testing/2026/patients/raw/synthea-1000-20260804-20260804/fhir/Lachelle614_Ruthanne627_Hagenes547_ec26a89b-a7d4-5b08-f2eb-fadd12065db9.json	201	785	823	2026/patients/ingest-responses-rpmsfhir-1000-20260804/tunnel-ingest-561-1785901149.json
/home/glilly/work/vista-stack/HL7-FHIR-quality-testing/2026/patients/raw/synthea-1000-20260804-20260804/fhir/Lashell363_Legros616_55716e3f-dc05-ef2f-4485-feeac37fe673.json	201	786	824	2026/patients/ingest-responses-rpmsfhir-1000-20260804/tunnel-ingest-562-1785901164.json
/home/glilly/work/vista-stack/HL7-FHIR-quality-testing/2026/patients/raw/synthea-1000-20260804-20260804/fhir/Cheryl605_Buffy238_Swaniawski813_a43c86c2-17b6-5d6c-c173-ec6ce703ec69.json	201	787	825	2026/patients/ingest-responses-rpmsfhir-1000-20260804/tunnel-ingest-563-1785901177.json
/home/glilly/work/vista-stack/HL7-FHIR-quality-testing/2026/patients/raw/synthea-1000-20260804-20260804/fhir/Marylyn194_Margarite168_Crist667_be93159a-fae2-e818-a57d-63e378199dea.json	201	788	826	2026/patients/ingest-responses-rpmsfhir-1000-20260804/tunnel-ingest-564-1785901190.json
/home/glilly/work/vista-stack/HL7-FHIR-quality-testing/2026/patients/raw/synthea-1000-20260804-20260804/fhir/Gerry91_Gia583_Kris249_359c330e-2659-3212-80bb-1ff466d4251f.json	201	789	827	2026/patients/ingest-responses-rpmsfhir-1000-20260804/tunnel-ingest-565-1785901202.json
/home/glilly/work/vista-stack/HL7-FHIR-quality-testing/2026/patients/raw/synthea-1000-20260804-20260804/fhir/Jamey282_Nolan344_41e17519-5d65-b752-b62b-b4a7e357d6f6.json	201	790	828	2026/patients/ingest-responses-rpmsfhir-1000-20260804/tunnel-ingest-566-1785901218.json
/home/glilly/work/vista-stack/HL7-FHIR-quality-testing/2026/patients/raw/synthea-1000-20260804-20260804/fhir/Carmelina668_Pollich983_990881fa-529d-7f02-29c8-841e41e39093.json	201	791	829	2026/patients/ingest-responses-rpmsfhir-1000-20260804/tunnel-ingest-567-1785901233.json
/home/glilly/work/vista-stack/HL7-FHIR-quality-testing/2026/patients/raw/synthea-1000-20260804-20260804/fhir/Magdalena964_Marta91_Menchaca276_c5c1a2d9-ada5-13f6-08aa-74de52095480.json	201	792	830	2026/patients/ingest-responses-rpmsfhir-1000-20260804/tunnel-ingest-568-1785901246.json
/home/glilly/work/vista-stack/HL7-FHIR-quality-testing/2026/patients/raw/synthea-1000-20260804-20260804/fhir/Petra678_Turner526_27ed390d-485a-9ef6-9ceb-4d383da8eeb5.json	201	793	831	2026/patients/ingest-responses-rpmsfhir-1000-20260804/tunnel-ingest-569-1785901259.json
/home/glilly/work/vista-stack/HL7-FHIR-quality-testing/2026/patients/raw/synthea-1000-20260804-20260804/fhir/Dexter530_Feeney44_90f79c74-1ed0-baaa-7263-58c76c8a345a.json	201	794	832	2026/patients/ingest-responses-rpmsfhir-1000-20260804/tunnel-ingest-570-1785901272.json
/home/glilly/work/vista-stack/HL7-FHIR-quality-testing/2026/patients/raw/synthea-1000-20260804-20260804/fhir/Keeley419_Melissia267_Wehner319_4a101110-4760-bfda-d5d8-ba777b8b9eac.json	201	795	833	2026/patients/ingest-responses-rpmsfhir-1000-20260804/tunnel-ingest-571-1785901286.json
/home/glilly/work/vista-stack/HL7-FHIR-quality-testing/2026/patients/raw/synthea-1000-20260804-20260804/fhir/Carolina179_Dolores502_Báez684_c6b3ad02-58f1-f87f-1733-7cceda2261d4.json	201	796	834	2026/patients/ingest-responses-rpmsfhir-1000-20260804/tunnel-ingest-572-1785901299.json
/home/glilly/work/vista-stack/HL7-FHIR-quality-testing/2026/patients/raw/synthea-1000-20260804-20260804/fhir/Santos184_Marquardt819_7c9a5fd6-d3a2-25e4-efb9-14cd5381d2cd.json	201	797	835	2026/patients/ingest-responses-rpmsfhir-1000-20260804/tunnel-ingest-573-1785901311.json
/home/glilly/work/vista-stack/HL7-FHIR-quality-testing/2026/patients/raw/synthea-1000-20260804-20260804/fhir/Kim439_Skiles927_52567e69-8641-a7b5-77d2-42a59386efcb.json	201	798	836	2026/patients/ingest-responses-rpmsfhir-1000-20260804/tunnel-ingest-574-1785901325.json
/home/glilly/work/vista-stack/HL7-FHIR-quality-testing/2026/patients/raw/synthea-1000-20260804-20260804/fhir/Sammy219_Carter549_2664588f-6664-df75-2f87-e794ca354799.json	201	799	837	2026/patients/ingest-responses-rpmsfhir-1000-20260804/tunnel-ingest-575-1785901338.json
/home/glilly/work/vista-stack/HL7-FHIR-quality-testing/2026/patients/raw/synthea-1000-20260804-20260804/fhir/Normand813_Johnson679_2ee648aa-3f7e-2800-ef63-bfb08a71fe8c.json	201	800	838	2026/patients/ingest-responses-rpmsfhir-1000-20260804/tunnel-ingest-576-1785901348.json
/home/glilly/work/vista-stack/HL7-FHIR-quality-testing/2026/patients/raw/synthea-1000-20260804-20260804/fhir/Jammie261_Yundt842_aa53d922-9b3a-e3c2-f038-4c2ef3c552c0.json	201	801	839	2026/patients/ingest-responses-rpmsfhir-1000-20260804/tunnel-ingest-577-1785901365.json
/home/glilly/work/vista-stack/HL7-FHIR-quality-testing/2026/patients/raw/synthea-1000-20260804-20260804/fhir/Libbie63_Leanora120_Tremblay80_bde5e880-17e7-517a-e621-bef965659eeb.json	201	802	840	2026/patients/ingest-responses-rpmsfhir-1000-20260804/tunnel-ingest-578-1785901378.json
/home/glilly/work/vista-stack/HL7-FHIR-quality-testing/2026/patients/raw/synthea-1000-20260804-20260804/fhir/Helena807_Lashandra868_Brekke496_01383610-db63-9ae4-cb16-896022776580.json	201	803	841	2026/patients/ingest-responses-rpmsfhir-1000-20260804/tunnel-ingest-579-1785901390.json
/home/glilly/work/vista-stack/HL7-FHIR-quality-testing/2026/patients/raw/synthea-1000-20260804-20260804/fhir/Clifford177_Goyette777_c196d9a8-b2ba-c36c-bd1b-ade2979394a8.json	201	804	842	2026/patients/ingest-responses-rpmsfhir-1000-20260804/tunnel-ingest-580-1785901404.json
/home/glilly/work/vista-stack/HL7-FHIR-quality-testing/2026/patients/raw/synthea-1000-20260804-20260804/fhir/Janetta325_Kohler843_a4c117e5-05b5-51e7-3773-3ee006f0c15f.json	201	805	843	2026/patients/ingest-responses-rpmsfhir-1000-20260804/tunnel-ingest-581-1785901419.json
/home/glilly/work/vista-stack/HL7-FHIR-quality-testing/2026/patients/raw/synthea-1000-20260804-20260804/fhir/Petrina721_Nenita289_Botsford977_69dff3b2-f6e7-8c89-5193-4548f438bccb.json	201	806	844	2026/patients/ingest-responses-rpmsfhir-1000-20260804/tunnel-ingest-582-1785901430.json
/home/glilly/work/vista-stack/HL7-FHIR-quality-testing/2026/patients/raw/synthea-1000-20260804-20260804/fhir/Franklin857_Cummerata161_8167a2c4-1cec-027c-5ffe-f2daaef80114.json	201	807	845	2026/patients/ingest-responses-rpmsfhir-1000-20260804/tunnel-ingest-583-1785901444.json
/home/glilly/work/vista-stack/HL7-FHIR-quality-testing/2026/patients/raw/synthea-1000-20260804-20260804/fhir/Olinda137_Schmeler639_0acd7845-fa80-4b28-a14b-87a30767ce90.json	201	808	846	2026/patients/ingest-responses-rpmsfhir-1000-20260804/tunnel-ingest-584-1785901459.json
/home/glilly/work/vista-stack/HL7-FHIR-quality-testing/2026/patients/raw/synthea-1000-20260804-20260804/fhir/Mary779_Reichel38_22b70322-ce12-090c-fe47-fb7401568265.json	201	809	847	2026/patients/ingest-responses-rpmsfhir-1000-20260804/tunnel-ingest-585-1785901472.json
/home/glilly/work/vista-stack/HL7-FHIR-quality-testing/2026/patients/raw/synthea-1000-20260804-20260804/fhir/Echo53_Tequila897_Okuneva707_44c0f662-a8ac-f0c4-5320-323841a72b88.json	201	810	848	2026/patients/ingest-responses-rpmsfhir-1000-20260804/tunnel-ingest-586-1785901487.json
/home/glilly/work/vista-stack/HL7-FHIR-quality-testing/2026/patients/raw/synthea-1000-20260804-20260804/fhir/Sonia106_Micaela928_Morales679_6b813d8d-de22-29b7-5ec4-e90f7a0ce209.json	201	811	849	2026/patients/ingest-responses-rpmsfhir-1000-20260804/tunnel-ingest-587-1785901500.json
/home/glilly/work/vista-stack/HL7-FHIR-quality-testing/2026/patients/raw/synthea-1000-20260804-20260804/fhir/Roselyn270_Bauch723_c4062909-13e5-bc23-2e04-2ef4a22f331c.json	201	812	850	2026/patients/ingest-responses-rpmsfhir-1000-20260804/tunnel-ingest-588-1785901519.json
/home/glilly/work/vista-stack/HL7-FHIR-quality-testing/2026/patients/raw/synthea-1000-20260804-20260804/fhir/Lynda214_Kertzmann286_0105a722-d643-f824-172c-8bfb54c113fa.json	201	813	851	2026/patients/ingest-responses-rpmsfhir-1000-20260804/tunnel-ingest-589-1785901534.json
/home/glilly/work/vista-stack/HL7-FHIR-quality-testing/2026/patients/raw/synthea-1000-20260804-20260804/fhir/Earlene410_Gorczany269_1700d59f-b1df-c8ae-4629-a84340f94b55.json	201	814	852	2026/patients/ingest-responses-rpmsfhir-1000-20260804/tunnel-ingest-590-1785901548.json
/home/glilly/work/vista-stack/HL7-FHIR-quality-testing/2026/patients/raw/synthea-1000-20260804-20260804/fhir/Craig656_Klocko335_2b71c731-1d1b-2c35-c217-23f7cd39e3f8.json	201	815	853	2026/patients/ingest-responses-rpmsfhir-1000-20260804/tunnel-ingest-591-1785901563.json
/home/glilly/work/vista-stack/HL7-FHIR-quality-testing/2026/patients/raw/synthea-1000-20260804-20260804/fhir/Sanjuana985_Kertzmann286_51fa21ad-61c1-a372-fe42-b9b8405ad07e.json	201	816	854	2026/patients/ingest-responses-rpmsfhir-1000-20260804/tunnel-ingest-592-1785901576.json
/home/glilly/work/vista-stack/HL7-FHIR-quality-testing/2026/patients/raw/synthea-1000-20260804-20260804/fhir/Lashawn862_Daphne852_Lueilwitz711_4cef3a92-2f4c-6637-244c-6932783ef594.json	201	817	855	2026/patients/ingest-responses-rpmsfhir-1000-20260804/tunnel-ingest-593-1785901590.json
/home/glilly/work/vista-stack/HL7-FHIR-quality-testing/2026/patients/raw/synthea-1000-20260804-20260804/fhir/Neta452_Russel238_a7cc02f6-d1a6-da0e-9fc5-cf73ee88a5d0.json	201	818	856	2026/patients/ingest-responses-rpmsfhir-1000-20260804/tunnel-ingest-594-1785901603.json
/home/glilly/work/vista-stack/HL7-FHIR-quality-testing/2026/patients/raw/synthea-1000-20260804-20260804/fhir/Gennie418_Sona831_Kilback373_fdc5fc32-34d0-2131-a890-ab708acc7d9f.json	201	819	857	2026/patients/ingest-responses-rpmsfhir-1000-20260804/tunnel-ingest-595-1785901616.json
/home/glilly/work/vista-stack/HL7-FHIR-quality-testing/2026/patients/raw/synthea-1000-20260804-20260804/fhir/Nakesha793_Cinthia596_Hirthe744_633409e8-73a8-6e19-8d31-dd9d379c9c3f.json	201	820	858	2026/patients/ingest-responses-rpmsfhir-1000-20260804/tunnel-ingest-596-1785901629.json
/home/glilly/work/vista-stack/HL7-FHIR-quality-testing/2026/patients/raw/synthea-1000-20260804-20260804/fhir/Katherin596_Stanton715_2eb4d092-3438-7cbf-667d-c237eb08084f.json	201	821	859	2026/patients/ingest-responses-rpmsfhir-1000-20260804/tunnel-ingest-597-1785901642.json
/home/glilly/work/vista-stack/HL7-FHIR-quality-testing/2026/patients/raw/synthea-1000-20260804-20260804/fhir/Fe271_Ericka421_Barton704_06b7ba3e-3196-8259-6f63-b375793d1d1a.json	201	822	860	2026/patients/ingest-responses-rpmsfhir-1000-20260804/tunnel-ingest-598-1785901654.json
/home/glilly/work/vista-stack/HL7-FHIR-quality-testing/2026/patients/raw/synthea-1000-20260804-20260804/fhir/María_Cristina383_Posada6_10443077-d777-ef74-1afc-c76cc294cd6b.json	201	823	861	2026/patients/ingest-responses-rpmsfhir-1000-20260804/tunnel-ingest-599-1785901669.json
/home/glilly/work/vista-stack/HL7-FHIR-quality-testing/2026/patients/raw/synthea-1000-20260804-20260804/fhir/Roselia779_Boyer713_337ec113-0c63-18a3-2ed3-e3e54807a389.json	201	824	862	2026/patients/ingest-responses-rpmsfhir-1000-20260804/tunnel-ingest-600-1785901683.json
/home/glilly/work/vista-stack/HL7-FHIR-quality-testing/2026/patients/raw/synthea-1000-20260804-20260804/fhir/Ray930_Carrol931_Flatley871_5c6a5795-7c58-fbd5-1ff5-4dfc2db7c6c2.json	201	825	863	2026/patients/ingest-responses-rpmsfhir-1000-20260804/tunnel-ingest-601-1785901697.json
/home/glilly/work/vista-stack/HL7-FHIR-quality-testing/2026/patients/raw/synthea-1000-20260804-20260804/fhir/Maida946_Mina319_Wiegand701_eb244b75-e5af-62ca-2aa9-83fe55ff4a1e.json	201	826	864	2026/patients/ingest-responses-rpmsfhir-1000-20260804/tunnel-ingest-602-1785901711.json
/home/glilly/work/vista-stack/HL7-FHIR-quality-testing/2026/patients/raw/synthea-1000-20260804-20260804/fhir/Morgan564_Crooks415_a8eaca34-0298-a388-e091-9533a8be9706.json	201	827	865	2026/patients/ingest-responses-rpmsfhir-1000-20260804/tunnel-ingest-603-1785901725.json
/home/glilly/work/vista-stack/HL7-FHIR-quality-testing/2026/patients/raw/synthea-1000-20260804-20260804/fhir/Ofelia194_Wilderman619_7553aca2-43ad-0ad9-e722-5648b48d5b33.json	201	828	866	2026/patients/ingest-responses-rpmsfhir-1000-20260804/tunnel-ingest-604-1785901738.json
/home/glilly/work/vista-stack/HL7-FHIR-quality-testing/2026/patients/raw/synthea-1000-20260804-20260804/fhir/Eleni953_Rolfson709_5eedb130-3139-479e-a83c-1dcb303c9a84.json	201	829	867	2026/patients/ingest-responses-rpmsfhir-1000-20260804/tunnel-ingest-605-1785901753.json
/home/glilly/work/vista-stack/HL7-FHIR-quality-testing/2026/patients/raw/synthea-1000-20260804-20260804/fhir/Otto672_Wisoky380_4905e913-b149-b3d2-4ef7-81712b21c7fb.json	201	830	868	2026/patients/ingest-responses-rpmsfhir-1000-20260804/tunnel-ingest-606-1785901766.json
/home/glilly/work/vista-stack/HL7-FHIR-quality-testing/2026/patients/raw/synthea-1000-20260804-20260804/fhir/Lou594_Zemlak964_fe80be4f-7ac5-1d48-7369-74b8a6261a11.json	201	831	869	2026/patients/ingest-responses-rpmsfhir-1000-20260804/tunnel-ingest-607-1785901780.json
/home/glilly/work/vista-stack/HL7-FHIR-quality-testing/2026/patients/raw/synthea-1000-20260804-20260804/fhir/Johnna810_Ernser583_087e39d2-2a52-9e76-33cb-d97d656451d5.json	201	832	870	2026/patients/ingest-responses-rpmsfhir-1000-20260804/tunnel-ingest-608-1785901792.json
/home/glilly/work/vista-stack/HL7-FHIR-quality-testing/2026/patients/raw/synthea-1000-20260804-20260804/fhir/Leandro563_Beier427_17b8d7e2-a748-4b63-9a6e-5a87af5c8a13.json	201	833	871	2026/patients/ingest-responses-rpmsfhir-1000-20260804/tunnel-ingest-609-1785901805.json
/home/glilly/work/vista-stack/HL7-FHIR-quality-testing/2026/patients/raw/synthea-1000-20260804-20260804/fhir/Kendrick479_Konopelski743_8d295cc3-5402-d5bc-3584-c755637eb94c.json	201	834	872	2026/patients/ingest-responses-rpmsfhir-1000-20260804/tunnel-ingest-610-1785901820.json
/home/glilly/work/vista-stack/HL7-FHIR-quality-testing/2026/patients/raw/synthea-1000-20260804-20260804/fhir/Janeth814_Chassidy418_Brakus656_eac05f70-fce1-c80b-092b-7884d7163a6b.json	201	835	873	2026/patients/ingest-responses-rpmsfhir-1000-20260804/tunnel-ingest-611-1785901834.json
/home/glilly/work/vista-stack/HL7-FHIR-quality-testing/2026/patients/raw/synthea-1000-20260804-20260804/fhir/Melva551_Bergstrom287_83f3aa8a-6ea8-17bb-e2aa-5ab221ec0262.json	201	836	874	2026/patients/ingest-responses-rpmsfhir-1000-20260804/tunnel-ingest-612-1785901849.json
/home/glilly/work/vista-stack/HL7-FHIR-quality-testing/2026/patients/raw/synthea-1000-20260804-20260804/fhir/Edmundo94_Skiles927_56c942c9-6b15-8b63-3b5e-ef2c22cbf24c.json	201	837	875	2026/patients/ingest-responses-rpmsfhir-1000-20260804/tunnel-ingest-613-1785901863.json
/home/glilly/work/vista-stack/HL7-FHIR-quality-testing/2026/patients/raw/synthea-1000-20260804-20260804/fhir/Dominick530_Spencer878_c980cc6d-0c7e-22ca-85f1-0cce6fdaa44a.json	201	838	876	2026/patients/ingest-responses-rpmsfhir-1000-20260804/tunnel-ingest-614-1785901878.json
/home/glilly/work/vista-stack/HL7-FHIR-quality-testing/2026/patients/raw/synthea-1000-20260804-20260804/fhir/Flavia315_Simonis280_13fda2e0-d043-a863-14d1-c7959c89ebec.json	201	839	877	2026/patients/ingest-responses-rpmsfhir-1000-20260804/tunnel-ingest-615-1785901892.json
/home/glilly/work/vista-stack/HL7-FHIR-quality-testing/2026/patients/raw/synthea-1000-20260804-20260804/fhir/Colette720_Bruen238_52322c36-9bab-0e6e-998a-aa6b8239a1d0.json	201	840	878	2026/patients/ingest-responses-rpmsfhir-1000-20260804/tunnel-ingest-616-1785901907.json
/home/glilly/work/vista-stack/HL7-FHIR-quality-testing/2026/patients/raw/synthea-1000-20260804-20260804/fhir/Isela504_Min362_Rodriguez71_bff17506-4e54-973b-67cd-59a7979fb416.json	201	841	879	2026/patients/ingest-responses-rpmsfhir-1000-20260804/tunnel-ingest-617-1785901921.json
/home/glilly/work/vista-stack/HL7-FHIR-quality-testing/2026/patients/raw/synthea-1000-20260804-20260804/fhir/Christi444_Lindsey52_Dach178_f1fcee66-0bcf-6d39-6ba5-c7e214891144.json	201	842	880	2026/patients/ingest-responses-rpmsfhir-1000-20260804/tunnel-ingest-618-1785901936.json
/home/glilly/work/vista-stack/HL7-FHIR-quality-testing/2026/patients/raw/synthea-1000-20260804-20260804/fhir/Jerónimo599_Guardado953_6e74e536-3a72-5a54-bb89-fb31dd20e9ab.json	201	843	881	2026/patients/ingest-responses-rpmsfhir-1000-20260804/tunnel-ingest-619-1785901953.json
/home/glilly/work/vista-stack/HL7-FHIR-quality-testing/2026/patients/raw/synthea-1000-20260804-20260804/fhir/Rosendo998_Bergstrom287_b24071b2-e855-20ae-d9ef-41843b4a1798.json	201	844	882	2026/patients/ingest-responses-rpmsfhir-1000-20260804/tunnel-ingest-620-1785901967.json
/home/glilly/work/vista-stack/HL7-FHIR-quality-testing/2026/patients/raw/synthea-1000-20260804-20260804/fhir/Julio255_Schneider199_e390006e-c555-518c-b557-9e8ba6cc2f0d.json	201	845	883	2026/patients/ingest-responses-rpmsfhir-1000-20260804/tunnel-ingest-621-1785901983.json
/home/glilly/work/vista-stack/HL7-FHIR-quality-testing/2026/patients/raw/synthea-1000-20260804-20260804/fhir/Clarice719_Osinski784_9cefac59-3867-23ad-9dc0-9e4c90be7d4f.json	201	846	884	2026/patients/ingest-responses-rpmsfhir-1000-20260804/tunnel-ingest-622-1785901997.json
/home/glilly/work/vista-stack/HL7-FHIR-quality-testing/2026/patients/raw/synthea-1000-20260804-20260804/fhir/Lazaro919_DuBuque211_079f501e-47f1-0302-af50-9c1b45de9b4d.json	201	847	885	2026/patients/ingest-responses-rpmsfhir-1000-20260804/tunnel-ingest-623-1785902012.json
/home/glilly/work/vista-stack/HL7-FHIR-quality-testing/2026/patients/raw/synthea-1000-20260804-20260804/fhir/Kelvin159_Hilpert278_8e12c0fd-4ca4-158d-405c-fcca2d0d28ff.json	201	848	886	2026/patients/ingest-responses-rpmsfhir-1000-20260804/tunnel-ingest-624-1785902025.json
/home/glilly/work/vista-stack/HL7-FHIR-quality-testing/2026/patients/raw/synthea-1000-20260804-20260804/fhir/Grover559_Bechtelar572_661ba5a3-0a04-6607-c396-0ba6204679e9.json	201	849	887	2026/patients/ingest-responses-rpmsfhir-1000-20260804/tunnel-ingest-625-1785902038.json
/home/glilly/work/vista-stack/HL7-FHIR-quality-testing/2026/patients/raw/synthea-1000-20260804-20260804/fhir/Georgette866_Hermine424_Collier206_20a31796-0735-653b-9948-258f23d4820a.json	201	850	888	2026/patients/ingest-responses-rpmsfhir-1000-20260804/tunnel-ingest-626-1785902052.json
/home/glilly/work/vista-stack/HL7-FHIR-quality-testing/2026/patients/raw/synthea-1000-20260804-20260804/fhir/Candelaria844_Tonja658_Bruen238_13ed15fb-9e3d-fd65-e6ce-7b07cbab819f.json	201	851	889	2026/patients/ingest-responses-rpmsfhir-1000-20260804/tunnel-ingest-627-1785902067.json
/home/glilly/work/vista-stack/HL7-FHIR-quality-testing/2026/patients/raw/synthea-1000-20260804-20260804/fhir/Frederick289_Vandervort697_b53944c9-02c9-e809-2e09-ea413f14ce8b.json	201	852	890	2026/patients/ingest-responses-rpmsfhir-1000-20260804/tunnel-ingest-628-1785902081.json
/home/glilly/work/vista-stack/HL7-FHIR-quality-testing/2026/patients/raw/synthea-1000-20260804-20260804/fhir/Marline710_Kirlin939_434855ea-e8db-f59a-310b-6933d59410ae.json	201	853	891	2026/patients/ingest-responses-rpmsfhir-1000-20260804/tunnel-ingest-629-1785902095.json
/home/glilly/work/vista-stack/HL7-FHIR-quality-testing/2026/patients/raw/synthea-1000-20260804-20260804/fhir/Sherie778_O'Kon634_f228cd42-4674-8d40-46cb-c5c9b8b4dffb.json	201	854	892	2026/patients/ingest-responses-rpmsfhir-1000-20260804/tunnel-ingest-630-1785902111.json
/home/glilly/work/vista-stack/HL7-FHIR-quality-testing/2026/patients/raw/synthea-1000-20260804-20260804/fhir/Milly429_Jacobson885_ee6b8c78-4ea0-c116-4cad-c22c09559372.json	201	855	893	2026/patients/ingest-responses-rpmsfhir-1000-20260804/tunnel-ingest-631-1785902127.json
/home/glilly/work/vista-stack/HL7-FHIR-quality-testing/2026/patients/raw/synthea-1000-20260804-20260804/fhir/Ruthie901_Lelia627_Hilll811_752c066b-321f-6c9c-6731-f37c8017e21c.json	201	856	894	2026/patients/ingest-responses-rpmsfhir-1000-20260804/tunnel-ingest-632-1785902143.json
/home/glilly/work/vista-stack/HL7-FHIR-quality-testing/2026/patients/raw/synthea-1000-20260804-20260804/fhir/Diana207_Villarreal550_449a0980-f35b-596e-4ee6-dfd8bf4105e8.json	201	857	895	2026/patients/ingest-responses-rpmsfhir-1000-20260804/tunnel-ingest-633-1785902157.json
/home/glilly/work/vista-stack/HL7-FHIR-quality-testing/2026/patients/raw/synthea-1000-20260804-20260804/fhir/Darell496_Marquardt819_caede42a-a41d-4736-1ea5-60610c659924.json	201	858	896	2026/patients/ingest-responses-rpmsfhir-1000-20260804/tunnel-ingest-634-1785902174.json
/home/glilly/work/vista-stack/HL7-FHIR-quality-testing/2026/patients/raw/synthea-1000-20260804-20260804/fhir/Johnny786_Langosh790_a6038135-149f-7f7e-42a4-605fe8fdda8a.json	201	859	897	2026/patients/ingest-responses-rpmsfhir-1000-20260804/tunnel-ingest-635-1785902192.json
/home/glilly/work/vista-stack/HL7-FHIR-quality-testing/2026/patients/raw/synthea-1000-20260804-20260804/fhir/Reba58_Kerluke267_5413f11f-d81c-1e39-71aa-8b64e2a75a26.json	201	860	898	2026/patients/ingest-responses-rpmsfhir-1000-20260804/tunnel-ingest-636-1785902205.json
/home/glilly/work/vista-stack/HL7-FHIR-quality-testing/2026/patients/raw/synthea-1000-20260804-20260804/fhir/Cira533_Keri25_Oberbrunner298_0f59ff98-6013-16a7-a95f-4b5926f1e8b4.json	201	861	899	2026/patients/ingest-responses-rpmsfhir-1000-20260804/tunnel-ingest-637-1785902220.json
/home/glilly/work/vista-stack/HL7-FHIR-quality-testing/2026/patients/raw/synthea-1000-20260804-20260804/fhir/Carly657_Lockman863_d3a21675-4bd8-0053-ebc9-78262b4f01a5.json	201	862	900	2026/patients/ingest-responses-rpmsfhir-1000-20260804/tunnel-ingest-638-1785902236.json
/home/glilly/work/vista-stack/HL7-FHIR-quality-testing/2026/patients/raw/synthea-1000-20260804-20260804/fhir/Maricarmen445_Marcela739_Delafuente833_a651032b-e20d-9e5a-600e-37514642b6bf.json	201	863	901	2026/patients/ingest-responses-rpmsfhir-1000-20260804/tunnel-ingest-639-1785902251.json
/home/glilly/work/vista-stack/HL7-FHIR-quality-testing/2026/patients/raw/synthea-1000-20260804-20260804/fhir/Muoi890_Avril120_Denesik803_7fc1c80e-c80b-15a6-d8de-fd6d44511ec5.json	201	864	902	2026/patients/ingest-responses-rpmsfhir-1000-20260804/tunnel-ingest-640-1785902265.json
/home/glilly/work/vista-stack/HL7-FHIR-quality-testing/2026/patients/raw/synthea-1000-20260804-20260804/fhir/Audie868_Grant908_e3b2be4f-59b5-27dc-f665-dfc65de97628.json	201	865	903	2026/patients/ingest-responses-rpmsfhir-1000-20260804/tunnel-ingest-641-1785902281.json
/home/glilly/work/vista-stack/HL7-FHIR-quality-testing/2026/patients/raw/synthea-1000-20260804-20260804/fhir/Laine739_Pei116_Frami345_b2aca46e-49bb-3cdf-68ac-9632b1e5aa54.json	201	866	904	2026/patients/ingest-responses-rpmsfhir-1000-20260804/tunnel-ingest-642-1785902297.json
/home/glilly/work/vista-stack/HL7-FHIR-quality-testing/2026/patients/raw/synthea-1000-20260804-20260804/fhir/Georgeanna785_Delphine397_Bogisich202_d09b2a73-0d62-f763-8c8d-985d9ec840ff.json	201	867	905	2026/patients/ingest-responses-rpmsfhir-1000-20260804/tunnel-ingest-643-1785902313.json
/home/glilly/work/vista-stack/HL7-FHIR-quality-testing/2026/patients/raw/synthea-1000-20260804-20260804/fhir/Elliott563_Gaylord332_57b93c57-da05-2a7e-38dd-dd1172dd3c9a.json	201	868	906	2026/patients/ingest-responses-rpmsfhir-1000-20260804/tunnel-ingest-644-1785902329.json
/home/glilly/work/vista-stack/HL7-FHIR-quality-testing/2026/patients/raw/synthea-1000-20260804-20260804/fhir/Lenore883_Rath779_a1121db7-b4ab-150e-3c2b-c93c729f3d10.json	201	869	907	2026/patients/ingest-responses-rpmsfhir-1000-20260804/tunnel-ingest-645-1785902346.json
/home/glilly/work/vista-stack/HL7-FHIR-quality-testing/2026/patients/raw/synthea-1000-20260804-20260804/fhir/Nichol11_Rosalyn434_Sanford861_8f1e2d4e-cf54-c913-ff17-c064e809884a.json	201	870	908	2026/patients/ingest-responses-rpmsfhir-1000-20260804/tunnel-ingest-646-1785902361.json
/home/glilly/work/vista-stack/HL7-FHIR-quality-testing/2026/patients/raw/synthea-1000-20260804-20260804/fhir/Marguerita493_Shields502_fd4f690e-0905-86a7-9e0a-9d7a8cd2d862.json	201	871	909	2026/patients/ingest-responses-rpmsfhir-1000-20260804/tunnel-ingest-647-1785902376.json
/home/glilly/work/vista-stack/HL7-FHIR-quality-testing/2026/patients/raw/synthea-1000-20260804-20260804/fhir/Charmain607_Joyce806_Morar593_3af0c89a-5739-ed89-3390-67c11f7a7f33.json	201	872	910	2026/patients/ingest-responses-rpmsfhir-1000-20260804/tunnel-ingest-648-1785902391.json
/home/glilly/work/vista-stack/HL7-FHIR-quality-testing/2026/patients/raw/synthea-1000-20260804-20260804/fhir/Dominique369_Leannon79_6283f18b-7436-e058-0e6f-393b02485641.json	201	873	911	2026/patients/ingest-responses-rpmsfhir-1000-20260804/tunnel-ingest-649-1785902410.json
/home/glilly/work/vista-stack/HL7-FHIR-quality-testing/2026/patients/raw/synthea-1000-20260804-20260804/fhir/Makeda237_Miranda712_Stamm704_152127fa-ffca-50d8-75a8-2d33834fe656.json	201	874	912	2026/patients/ingest-responses-rpmsfhir-1000-20260804/tunnel-ingest-650-1785902430.json
/home/glilly/work/vista-stack/HL7-FHIR-quality-testing/2026/patients/raw/synthea-1000-20260804-20260804/fhir/Nickole723_Missy373_Dooley940_b9acfc98-d5ca-bab5-6a6f-97be484166ea.json	201	875	913	2026/patients/ingest-responses-rpmsfhir-1000-20260804/tunnel-ingest-651-1785902447.json
/home/glilly/work/vista-stack/HL7-FHIR-quality-testing/2026/patients/raw/synthea-1000-20260804-20260804/fhir/Rhiannon677_Mann644_297043b5-2828-79af-9642-793adc5be9c3.json	201	876	914	2026/patients/ingest-responses-rpmsfhir-1000-20260804/tunnel-ingest-652-1785902464.json
/home/glilly/work/vista-stack/HL7-FHIR-quality-testing/2026/patients/raw/synthea-1000-20260804-20260804/fhir/Edgar153_Wuckert783_a8e5eebb-489d-df37-818e-8994cbae8fd7.json	201	877	915	2026/patients/ingest-responses-rpmsfhir-1000-20260804/tunnel-ingest-653-1785902482.json
/home/glilly/work/vista-stack/HL7-FHIR-quality-testing/2026/patients/raw/synthea-1000-20260804-20260804/fhir/Randal152_Paucek755_6dc8fb58-8bcf-cd31-7a7f-3b47801704f8.json	201	878	916	2026/patients/ingest-responses-rpmsfhir-1000-20260804/tunnel-ingest-654-1785902498.json
/home/glilly/work/vista-stack/HL7-FHIR-quality-testing/2026/patients/raw/synthea-1000-20260804-20260804/fhir/Charolette797_June482_Brekke496_e01af0e7-1b27-8977-5c88-ea1c3392adc8.json	201	879	917	2026/patients/ingest-responses-rpmsfhir-1000-20260804/tunnel-ingest-655-1785902516.json
/home/glilly/work/vista-stack/HL7-FHIR-quality-testing/2026/patients/raw/synthea-1000-20260804-20260804/fhir/Mack300_Wisoky380_1e05ca4c-195e-f73d-5300-3df57eacba89.json	201	880	918	2026/patients/ingest-responses-rpmsfhir-1000-20260804/tunnel-ingest-656-1785902532.json
/home/glilly/work/vista-stack/HL7-FHIR-quality-testing/2026/patients/raw/synthea-1000-20260804-20260804/fhir/Loida499_Antonette454_Carroll471_03809127-f2ef-50de-0b0f-e723a0f81a32.json	201	881	919	2026/patients/ingest-responses-rpmsfhir-1000-20260804/tunnel-ingest-657-1785902552.json
/home/glilly/work/vista-stack/HL7-FHIR-quality-testing/2026/patients/raw/synthea-1000-20260804-20260804/fhir/Reita211_Lashaun800_Sawayn19_8f8318e1-ae95-3bec-7abb-ca720aa4c167.json	201	882	920	2026/patients/ingest-responses-rpmsfhir-1000-20260804/tunnel-ingest-658-1785902567.json
/home/glilly/work/vista-stack/HL7-FHIR-quality-testing/2026/patients/raw/synthea-1000-20260804-20260804/fhir/Libbie63_Brown30_1d608022-5d8f-f720-d7cb-be8ff080cebf.json	201	883	921	2026/patients/ingest-responses-rpmsfhir-1000-20260804/tunnel-ingest-659-1785902584.json
/home/glilly/work/vista-stack/HL7-FHIR-quality-testing/2026/patients/raw/synthea-1000-20260804-20260804/fhir/Freddy176_Hermann103_1175b49b-4c24-7182-6ba9-53d7282e2202.json	201	884	922	2026/patients/ingest-responses-rpmsfhir-1000-20260804/tunnel-ingest-660-1785902599.json
/home/glilly/work/vista-stack/HL7-FHIR-quality-testing/2026/patients/raw/synthea-1000-20260804-20260804/fhir/Louise871_Champlin946_fa023662-a52a-15a8-b66b-8722b5144c1f.json	201	885	923	2026/patients/ingest-responses-rpmsfhir-1000-20260804/tunnel-ingest-661-1785902614.json
/home/glilly/work/vista-stack/HL7-FHIR-quality-testing/2026/patients/raw/synthea-1000-20260804-20260804/fhir/Magaly973_Breitenberg711_9d95b515-da18-fd57-5e74-eebe3d99776b.json	201	886	924	2026/patients/ingest-responses-rpmsfhir-1000-20260804/tunnel-ingest-662-1785902631.json
/home/glilly/work/vista-stack/HL7-FHIR-quality-testing/2026/patients/raw/synthea-1000-20260804-20260804/fhir/Leena55_Aiko748_Kunze215_87b528e7-d4b9-72b3-969c-860fb10a2dc8.json	201	887	925	2026/patients/ingest-responses-rpmsfhir-1000-20260804/tunnel-ingest-663-1785902649.json
/home/glilly/work/vista-stack/HL7-FHIR-quality-testing/2026/patients/raw/synthea-1000-20260804-20260804/fhir/Claretha922_Elmer371_Lind531_a6128b98-fda1-45ff-03ca-a92bde4e1895.json	201	888	926	2026/patients/ingest-responses-rpmsfhir-1000-20260804/tunnel-ingest-664-1785902668.json
/home/glilly/work/vista-stack/HL7-FHIR-quality-testing/2026/patients/raw/synthea-1000-20260804-20260804/fhir/Monica757_Balistreri607_c993c224-6902-b894-8a08-f683f45caa25.json	201	889	927	2026/patients/ingest-responses-rpmsfhir-1000-20260804/tunnel-ingest-665-1785902684.json
/home/glilly/work/vista-stack/HL7-FHIR-quality-testing/2026/patients/raw/synthea-1000-20260804-20260804/fhir/Merri201_Charita800_Becker968_fa8be44e-6382-5132-2329-a1cfbe71a5d9.json	201	890	928	2026/patients/ingest-responses-rpmsfhir-1000-20260804/tunnel-ingest-666-1785902700.json
/home/glilly/work/vista-stack/HL7-FHIR-quality-testing/2026/patients/raw/synthea-1000-20260804-20260804/fhir/Dyan186_Daugherty69_2e26047f-b9cb-a4e2-3369-123cd15705c2.json	201	891	929	2026/patients/ingest-responses-rpmsfhir-1000-20260804/tunnel-ingest-667-1785902724.json
/home/glilly/work/vista-stack/HL7-FHIR-quality-testing/2026/patients/raw/synthea-1000-20260804-20260804/fhir/Felipe97_Walter473_66385484-d97a-2954-48a5-1e4355ba5296.json	201	892	930	2026/patients/ingest-responses-rpmsfhir-1000-20260804/tunnel-ingest-668-1785902741.json
/home/glilly/work/vista-stack/HL7-FHIR-quality-testing/2026/patients/raw/synthea-1000-20260804-20260804/fhir/Ramón841_Ordóñez148_552089fd-931c-23b8-b669-12fe0f67f44d.json	201	893	931	2026/patients/ingest-responses-rpmsfhir-1000-20260804/tunnel-ingest-669-1785902755.json
/home/glilly/work/vista-stack/HL7-FHIR-quality-testing/2026/patients/raw/synthea-1000-20260804-20260804/fhir/Oscar384_Rutherford999_9586eb36-94e0-719b-efd3-1b7919b1ff93.json	201	894	932	2026/patients/ingest-responses-rpmsfhir-1000-20260804/tunnel-ingest-670-1785902771.json
/home/glilly/work/vista-stack/HL7-FHIR-quality-testing/2026/patients/raw/synthea-1000-20260804-20260804/fhir/Karon907_Audry167_Jerde200_c18c4d35-d1a5-b5f8-e004-e507858ceb6c.json	201	895	933	2026/patients/ingest-responses-rpmsfhir-1000-20260804/tunnel-ingest-671-1785902786.json
/home/glilly/work/vista-stack/HL7-FHIR-quality-testing/2026/patients/raw/synthea-1000-20260804-20260804/fhir/Cristina921_Eva64_Centeno914_68dfa3ef-8bfb-1ec3-bab8-1f4dfd79c396.json	201	896	934	2026/patients/ingest-responses-rpmsfhir-1000-20260804/tunnel-ingest-672-1785902801.json
/home/glilly/work/vista-stack/HL7-FHIR-quality-testing/2026/patients/raw/synthea-1000-20260804-20260804/fhir/Georgene966_Jerry654_Buckridge80_6c454e09-d7c0-6ab0-5935-bf86b8cca635.json	201	897	935	2026/patients/ingest-responses-rpmsfhir-1000-20260804/tunnel-ingest-673-1785902818.json
/home/glilly/work/vista-stack/HL7-FHIR-quality-testing/2026/patients/raw/synthea-1000-20260804-20260804/fhir/Lauri399_Delpha270_Dooley940_cf691401-b344-699b-b3b0-d011df06c9ee.json	201	898	936	2026/patients/ingest-responses-rpmsfhir-1000-20260804/tunnel-ingest-674-1785902834.json
/home/glilly/work/vista-stack/HL7-FHIR-quality-testing/2026/patients/raw/synthea-1000-20260804-20260804/fhir/Rebeca548_Anita473_López694_ca902e76-5e6e-6f31-d8c4-f4a6ebff5e99.json	201	899	937	2026/patients/ingest-responses-rpmsfhir-1000-20260804/tunnel-ingest-675-1785902851.json
/home/glilly/work/vista-stack/HL7-FHIR-quality-testing/2026/patients/raw/synthea-1000-20260804-20260804/fhir/Jae222_Terry864_03f66967-cc90-593c-b055-cd8d831a00ed.json	201	900	938	2026/patients/ingest-responses-rpmsfhir-1000-20260804/tunnel-ingest-676-1785902868.json
/home/glilly/work/vista-stack/HL7-FHIR-quality-testing/2026/patients/raw/synthea-1000-20260804-20260804/fhir/Jamie386_Grant908_80a074af-d15d-3bf8-4f81-127a414a1f8f.json	201	901	939	2026/patients/ingest-responses-rpmsfhir-1000-20260804/tunnel-ingest-677-1785902881.json
/home/glilly/work/vista-stack/HL7-FHIR-quality-testing/2026/patients/raw/synthea-1000-20260804-20260804/fhir/Kelsey155_Emmerich580_30c02f4d-e6b0-a92c-dedc-4e9bb990e22a.json	201	902	940	2026/patients/ingest-responses-rpmsfhir-1000-20260804/tunnel-ingest-678-1785902898.json
/home/glilly/work/vista-stack/HL7-FHIR-quality-testing/2026/patients/raw/synthea-1000-20260804-20260804/fhir/Lera808_Quiana329_Reynolds644_975e9894-4dd8-5cff-375a-14b0ff984e81.json	201	903	941	2026/patients/ingest-responses-rpmsfhir-1000-20260804/tunnel-ingest-679-1785902915.json
/home/glilly/work/vista-stack/HL7-FHIR-quality-testing/2026/patients/raw/synthea-1000-20260804-20260804/fhir/Ehtel928_Jaskolski867_51db3b95-38ff-49ab-7deb-33be0be555c8.json	201	904	942	2026/patients/ingest-responses-rpmsfhir-1000-20260804/tunnel-ingest-680-1785902934.json
/home/glilly/work/vista-stack/HL7-FHIR-quality-testing/2026/patients/raw/synthea-1000-20260804-20260804/fhir/Forest317_Flatley871_55f3695e-f87b-aece-26c9-b182c5ec6384.json	201	905	943	2026/patients/ingest-responses-rpmsfhir-1000-20260804/tunnel-ingest-681-1785902950.json
/home/glilly/work/vista-stack/HL7-FHIR-quality-testing/2026/patients/raw/synthea-1000-20260804-20260804/fhir/Ramiro608_Cotto891_c7adfb2d-583a-e80c-0b7f-c5dc6333a1c2.json	201	906	944	2026/patients/ingest-responses-rpmsfhir-1000-20260804/tunnel-ingest-682-1785902967.json
/home/glilly/work/vista-stack/HL7-FHIR-quality-testing/2026/patients/raw/synthea-1000-20260804-20260804/fhir/Merissa718_Jeane173_Koss676_a556e01f-ce06-e680-a180-b4b2805af345.json	201	907	945	2026/patients/ingest-responses-rpmsfhir-1000-20260804/tunnel-ingest-683-1785902983.json
/home/glilly/work/vista-stack/HL7-FHIR-quality-testing/2026/patients/raw/synthea-1000-20260804-20260804/fhir/Lashunda872_Larissa293_Kiehn525_27ca2448-f0c0-606a-0a1c-ff6baf6c66d6.json	201	908	946	2026/patients/ingest-responses-rpmsfhir-1000-20260804/tunnel-ingest-684-1785903000.json
/home/glilly/work/vista-stack/HL7-FHIR-quality-testing/2026/patients/raw/synthea-1000-20260804-20260804/fhir/Lucilla742_Tamara8_Bartell116_a7e934d6-2ebf-4360-548a-6eb7dbf772d7.json	201	909	947	2026/patients/ingest-responses-rpmsfhir-1000-20260804/tunnel-ingest-685-1785903021.json
/home/glilly/work/vista-stack/HL7-FHIR-quality-testing/2026/patients/raw/synthea-1000-20260804-20260804/fhir/Marta91_Sofia418_Mena475_6ee3f7c3-6ada-bd2e-81ac-82bc2bf2d118.json	201	910	948	2026/patients/ingest-responses-rpmsfhir-1000-20260804/tunnel-ingest-686-1785903038.json
/home/glilly/work/vista-stack/HL7-FHIR-quality-testing/2026/patients/raw/synthea-1000-20260804-20260804/fhir/Kanesha23_Gusikowski974_c998271b-56e2-1c58-1286-0087cf8213a3.json	201	911	949	2026/patients/ingest-responses-rpmsfhir-1000-20260804/tunnel-ingest-687-1785903052.json
/home/glilly/work/vista-stack/HL7-FHIR-quality-testing/2026/patients/raw/synthea-1000-20260804-20260804/fhir/Gilberto712_Tello902_98cef3ed-2b5b-8cee-343b-ca615e4b8d30.json	201	912	950	2026/patients/ingest-responses-rpmsfhir-1000-20260804/tunnel-ingest-688-1785903070.json
/home/glilly/work/vista-stack/HL7-FHIR-quality-testing/2026/patients/raw/synthea-1000-20260804-20260804/fhir/Katrice671_Kimi714_Raynor401_97a5ea5d-819e-9572-dcc3-82439562c31c.json	201	913	951	2026/patients/ingest-responses-rpmsfhir-1000-20260804/tunnel-ingest-689-1785903088.json
/home/glilly/work/vista-stack/HL7-FHIR-quality-testing/2026/patients/raw/synthea-1000-20260804-20260804/fhir/Nita296_Jalisa590_Wiza601_5d967a32-1c1b-511c-f38f-b94b3011f910.json	201	914	952	2026/patients/ingest-responses-rpmsfhir-1000-20260804/tunnel-ingest-690-1785903103.json
/home/glilly/work/vista-stack/HL7-FHIR-quality-testing/2026/patients/raw/synthea-1000-20260804-20260804/fhir/Santiago500_Davis923_a598b249-1242-db02-46af-9f178602016e.json	201	915	953	2026/patients/ingest-responses-rpmsfhir-1000-20260804/tunnel-ingest-691-1785903120.json
/home/glilly/work/vista-stack/HL7-FHIR-quality-testing/2026/patients/raw/synthea-1000-20260804-20260804/fhir/Reyes140_Rolfson709_a46e438e-faf9-ad9c-559e-14f82ce41462.json	201	916	954	2026/patients/ingest-responses-rpmsfhir-1000-20260804/tunnel-ingest-692-1785903135.json
/home/glilly/work/vista-stack/HL7-FHIR-quality-testing/2026/patients/raw/synthea-1000-20260804-20260804/fhir/Buddy254_Larson43_81264cd6-551b-c084-180c-6c9190959ec6.json	201	917	955	2026/patients/ingest-responses-rpmsfhir-1000-20260804/tunnel-ingest-693-1785903153.json
/home/glilly/work/vista-stack/HL7-FHIR-quality-testing/2026/patients/raw/synthea-1000-20260804-20260804/fhir/Bruce167_Harris789_bc554853-1f87-00db-2c7d-4f06718c82cd.json	201	918	956	2026/patients/ingest-responses-rpmsfhir-1000-20260804/tunnel-ingest-694-1785903166.json
/home/glilly/work/vista-stack/HL7-FHIR-quality-testing/2026/patients/raw/synthea-1000-20260804-20260804/fhir/César846_Montero62_f64090d2-01ce-0063-a4e7-a586f3eafd8c.json	201	919	957	2026/patients/ingest-responses-rpmsfhir-1000-20260804/tunnel-ingest-695-1785903184.json
/home/glilly/work/vista-stack/HL7-FHIR-quality-testing/2026/patients/raw/synthea-1000-20260804-20260804/fhir/Sol312_Hirthe744_9d047e93-b21b-dc88-82ed-f22d73a63f27.json	201	920	958	2026/patients/ingest-responses-rpmsfhir-1000-20260804/tunnel-ingest-696-1785903201.json
/home/glilly/work/vista-stack/HL7-FHIR-quality-testing/2026/patients/raw/synthea-1000-20260804-20260804/fhir/Hal307_Satterfield305_e478e565-795e-e050-adde-7ab8a70afd5f.json	201	921	959	2026/patients/ingest-responses-rpmsfhir-1000-20260804/tunnel-ingest-697-1785903218.json
/home/glilly/work/vista-stack/HL7-FHIR-quality-testing/2026/patients/raw/synthea-1000-20260804-20260804/fhir/María_José279_Marrero674_3e7574d3-6e3c-3a0a-e15f-2fcb5d3bd378.json	201	922	960	2026/patients/ingest-responses-rpmsfhir-1000-20260804/tunnel-ingest-698-1785903233.json
/home/glilly/work/vista-stack/HL7-FHIR-quality-testing/2026/patients/raw/synthea-1000-20260804-20260804/fhir/Lily490_Zboncak558_6ab4c4e6-423e-4bed-628a-cd1611d5af2e.json	201	923	961	2026/patients/ingest-responses-rpmsfhir-1000-20260804/tunnel-ingest-699-1785903254.json
/home/glilly/work/vista-stack/HL7-FHIR-quality-testing/2026/patients/raw/synthea-1000-20260804-20260804/fhir/Delilah659_Bernice532_Roberts511_786899d0-2c35-f7d3-d61e-4d4e1538d569.json	201	924	962	2026/patients/ingest-responses-rpmsfhir-1000-20260804/tunnel-ingest-700-1785903274.json
/home/glilly/work/vista-stack/HL7-FHIR-quality-testing/2026/patients/raw/synthea-1000-20260804-20260804/fhir/Hulda44_Doloris378_Maggio310_678758e7-2f37-c61d-f81f-be49c80977af.json	201	925	963	2026/patients/ingest-responses-rpmsfhir-1000-20260804/tunnel-ingest-701-1785903291.json
/home/glilly/work/vista-stack/HL7-FHIR-quality-testing/2026/patients/raw/synthea-1000-20260804-20260804/fhir/Morton637_Jast432_f8a392d9-9f5b-4863-b003-339ce3267e86.json	201	926	964	2026/patients/ingest-responses-rpmsfhir-1000-20260804/tunnel-ingest-702-1785903311.json
/home/glilly/work/vista-stack/HL7-FHIR-quality-testing/2026/patients/raw/synthea-1000-20260804-20260804/fhir/Sharice315_Adena533_Johnson679_165070ac-4192-2200-72c7-1f4d2cfce096.json	201	927	965	2026/patients/ingest-responses-rpmsfhir-1000-20260804/tunnel-ingest-703-1785903329.json
/home/glilly/work/vista-stack/HL7-FHIR-quality-testing/2026/patients/raw/synthea-1000-20260804-20260804/fhir/Eusebia552_Joni720_Herman763_ddc15d57-301c-263e-7d92-404a50231c63.json	201	928	966	2026/patients/ingest-responses-rpmsfhir-1000-20260804/tunnel-ingest-704-1785903347.json
/home/glilly/work/vista-stack/HL7-FHIR-quality-testing/2026/patients/raw/synthea-1000-20260804-20260804/fhir/Shirl54_Loraine318_Kerluke267_540df309-2a56-c26c-9449-96512b55b6fc.json	201	929	967	2026/patients/ingest-responses-rpmsfhir-1000-20260804/tunnel-ingest-705-1785903364.json
/home/glilly/work/vista-stack/HL7-FHIR-quality-testing/2026/patients/raw/synthea-1000-20260804-20260804/fhir/Katherin596_Ema785_Mante251_4fc70fe7-0084-d3c7-6434-ff3cf411b49f.json	201	930	968	2026/patients/ingest-responses-rpmsfhir-1000-20260804/tunnel-ingest-706-1785903382.json
/home/glilly/work/vista-stack/HL7-FHIR-quality-testing/2026/patients/raw/synthea-1000-20260804-20260804/fhir/Janey243_Funk324_c5ae3e8b-61fc-9a67-f1fb-f28ac034d302.json	201	931	969	2026/patients/ingest-responses-rpmsfhir-1000-20260804/tunnel-ingest-707-1785903398.json
/home/glilly/work/vista-stack/HL7-FHIR-quality-testing/2026/patients/raw/synthea-1000-20260804-20260804/fhir/Gerald181_Haag279_68b22f17-b3a8-792a-8f82-7bf3b83c94f6.json	201	932	970	2026/patients/ingest-responses-rpmsfhir-1000-20260804/tunnel-ingest-708-1785903413.json
/home/glilly/work/vista-stack/HL7-FHIR-quality-testing/2026/patients/raw/synthea-1000-20260804-20260804/fhir/Mauro926_Crona259_96ecd2a1-90c2-45c7-d6c3-a534496162fa.json	201	933	971	2026/patients/ingest-responses-rpmsfhir-1000-20260804/tunnel-ingest-709-1785903432.json
/home/glilly/work/vista-stack/HL7-FHIR-quality-testing/2026/patients/raw/synthea-1000-20260804-20260804/fhir/Gaston250_Greenfelder433_8c899f32-d725-02f3-fef8-df5d12c105d7.json	201	934	972	2026/patients/ingest-responses-rpmsfhir-1000-20260804/tunnel-ingest-710-1785903450.json
/home/glilly/work/vista-stack/HL7-FHIR-quality-testing/2026/patients/raw/synthea-1000-20260804-20260804/fhir/Jason347_Morar593_70853fe5-a7f0-38ab-f412-e82556e238ba.json	201	935	973	2026/patients/ingest-responses-rpmsfhir-1000-20260804/tunnel-ingest-711-1785903469.json
/home/glilly/work/vista-stack/HL7-FHIR-quality-testing/2026/patients/raw/synthea-1000-20260804-20260804/fhir/Dave764_Auer97_05fef216-e899-ee6d-1686-edfd2a15ccc9.json	201	936	974	2026/patients/ingest-responses-rpmsfhir-1000-20260804/tunnel-ingest-712-1785903488.json
/home/glilly/work/vista-stack/HL7-FHIR-quality-testing/2026/patients/raw/synthea-1000-20260804-20260804/fhir/Deandre599_Lynch190_7a0ff42e-c1c1-c1bb-72ae-97907964b8b5.json	201	937	975	2026/patients/ingest-responses-rpmsfhir-1000-20260804/tunnel-ingest-713-1785903502.json
/home/glilly/work/vista-stack/HL7-FHIR-quality-testing/2026/patients/raw/synthea-1000-20260804-20260804/fhir/Sommer719_Calandra120_O'Connell601_290e15a6-2f51-b87c-6f92-42cb76f6f747.json	201	938	976	2026/patients/ingest-responses-rpmsfhir-1000-20260804/tunnel-ingest-714-1785903516.json
/home/glilly/work/vista-stack/HL7-FHIR-quality-testing/2026/patients/raw/synthea-1000-20260804-20260804/fhir/Janis361_Erna640_Keeling57_40e22a55-07e8-845e-6699-a101df2146ab.json	201	939	977	2026/patients/ingest-responses-rpmsfhir-1000-20260804/tunnel-ingest-715-1785903534.json
/home/glilly/work/vista-stack/HL7-FHIR-quality-testing/2026/patients/raw/synthea-1000-20260804-20260804/fhir/Danielle72_Paucek755_091c0b5d-dd0f-832f-d134-153341eda11e.json	201	940	978	2026/patients/ingest-responses-rpmsfhir-1000-20260804/tunnel-ingest-716-1785903551.json
/home/glilly/work/vista-stack/HL7-FHIR-quality-testing/2026/patients/raw/synthea-1000-20260804-20260804/fhir/Diego848_Linares712_be62ea4f-fabe-a97d-fea7-90eb9b902960.json	201	941	979	2026/patients/ingest-responses-rpmsfhir-1000-20260804/tunnel-ingest-717-1785903570.json
/home/glilly/work/vista-stack/HL7-FHIR-quality-testing/2026/patients/raw/synthea-1000-20260804-20260804/fhir/Elva122_Boyer713_f29a336c-b08d-16f0-29e1-9767dc683879.json	201	942	980	2026/patients/ingest-responses-rpmsfhir-1000-20260804/tunnel-ingest-718-1785903585.json
/home/glilly/work/vista-stack/HL7-FHIR-quality-testing/2026/patients/raw/synthea-1000-20260804-20260804/fhir/Lonna614_Joie561_Grant908_de3a54e2-9fc3-a2b0-034d-b2bf1f1cd43a.json	201	943	981	2026/patients/ingest-responses-rpmsfhir-1000-20260804/tunnel-ingest-719-1785903602.json
/home/glilly/work/vista-stack/HL7-FHIR-quality-testing/2026/patients/raw/synthea-1000-20260804-20260804/fhir/Rivka589_Pansy803_Bednar518_fbb22037-4169-75d9-185b-71e8d35449d6.json	201	944	982	2026/patients/ingest-responses-rpmsfhir-1000-20260804/tunnel-ingest-720-1785903620.json
/home/glilly/work/vista-stack/HL7-FHIR-quality-testing/2026/patients/raw/synthea-1000-20260804-20260804/fhir/Franchesca574_Thu65_Dickens475_fec2508f-81fd-cae8-a35a-70ac58148570.json	201	945	983	2026/patients/ingest-responses-rpmsfhir-1000-20260804/tunnel-ingest-721-1785903637.json
/home/glilly/work/vista-stack/HL7-FHIR-quality-testing/2026/patients/raw/synthea-1000-20260804-20260804/fhir/Doretta917_Thiel172_689e7c31-529d-dbcd-5f43-7734f8bae8a1.json	201	946	984	2026/patients/ingest-responses-rpmsfhir-1000-20260804/tunnel-ingest-722-1785903655.json
/home/glilly/work/vista-stack/HL7-FHIR-quality-testing/2026/patients/raw/synthea-1000-20260804-20260804/fhir/Kip442_McLaughlin530_f989c2e6-b878-40d8-cbba-c2551df70361.json	201	947	985	2026/patients/ingest-responses-rpmsfhir-1000-20260804/tunnel-ingest-723-1785903674.json
/home/glilly/work/vista-stack/HL7-FHIR-quality-testing/2026/patients/raw/synthea-1000-20260804-20260804/fhir/Illa976_Cami698_Cole117_c44fe301-1f35-18f9-444b-1399d3c9d3d4.json	201	948	986	2026/patients/ingest-responses-rpmsfhir-1000-20260804/tunnel-ingest-724-1785903691.json
/home/glilly/work/vista-stack/HL7-FHIR-quality-testing/2026/patients/raw/synthea-1000-20260804-20260804/fhir/Ronny764_Bauch723_cdfe0c38-10ab-a05c-1c4e-dd1daa0c0147.json	201	949	987	2026/patients/ingest-responses-rpmsfhir-1000-20260804/tunnel-ingest-725-1785903708.json
/home/glilly/work/vista-stack/HL7-FHIR-quality-testing/2026/patients/raw/synthea-1000-20260804-20260804/fhir/Lesa839_Agustina460_Botsford977_518f462f-3a17-9be1-cee5-b02d64dbcaa7.json	201	950	988	2026/patients/ingest-responses-rpmsfhir-1000-20260804/tunnel-ingest-726-1785903726.json
/home/glilly/work/vista-stack/HL7-FHIR-quality-testing/2026/patients/raw/synthea-1000-20260804-20260804/fhir/Malcom15_Ullrich385_dd20c3c4-6924-488a-93dc-f8e2f0238fef.json	201	951	989	2026/patients/ingest-responses-rpmsfhir-1000-20260804/tunnel-ingest-727-1785903742.json
/home/glilly/work/vista-stack/HL7-FHIR-quality-testing/2026/patients/raw/synthea-1000-20260804-20260804/fhir/Eden920_Isis628_Gottlieb798_8ece7440-4953-684f-fc11-f5e9a923c078.json	201	952	990	2026/patients/ingest-responses-rpmsfhir-1000-20260804/tunnel-ingest-728-1785903757.json
/home/glilly/work/vista-stack/HL7-FHIR-quality-testing/2026/patients/raw/synthea-1000-20260804-20260804/fhir/Lavon272_Kandice471_Mraz590_6cf41ec4-7757-bc3e-8663-a8ab541b2a4a.json	201	953	991	2026/patients/ingest-responses-rpmsfhir-1000-20260804/tunnel-ingest-729-1785903776.json
/home/glilly/work/vista-stack/HL7-FHIR-quality-testing/2026/patients/raw/synthea-1000-20260804-20260804/fhir/Norbert530_Mosciski958_77aa58a0-1317-9e29-3c43-455482a9779c.json	201	954	992	2026/patients/ingest-responses-rpmsfhir-1000-20260804/tunnel-ingest-730-1785903795.json
/home/glilly/work/vista-stack/HL7-FHIR-quality-testing/2026/patients/raw/synthea-1000-20260804-20260804/fhir/Hiedi833_Leatha675_Kerluke267_2f6a6990-e2c2-84ec-fcbf-a4403a938304.json	201	955	993	2026/patients/ingest-responses-rpmsfhir-1000-20260804/tunnel-ingest-731-1785903812.json
/home/glilly/work/vista-stack/HL7-FHIR-quality-testing/2026/patients/raw/synthea-1000-20260804-20260804/fhir/Bryant814_Nolan344_f674e5d0-6c3d-dc79-486d-91b5aea9d77f.json	201	956	994	2026/patients/ingest-responses-rpmsfhir-1000-20260804/tunnel-ingest-732-1785903831.json
/home/glilly/work/vista-stack/HL7-FHIR-quality-testing/2026/patients/raw/synthea-1000-20260804-20260804/fhir/Harris789_Beahan375_3b9c0722-98df-79f9-32d1-0fe274c133cc.json	201	957	995	2026/patients/ingest-responses-rpmsfhir-1000-20260804/tunnel-ingest-733-1785903848.json
/home/glilly/work/vista-stack/HL7-FHIR-quality-testing/2026/patients/raw/synthea-1000-20260804-20260804/fhir/Darcey370_Antonio44_Collins926_b1977eb4-6076-4e22-8a2d-be414d7cc785.json	201	958	996	2026/patients/ingest-responses-rpmsfhir-1000-20260804/tunnel-ingest-734-1785903865.json
/home/glilly/work/vista-stack/HL7-FHIR-quality-testing/2026/patients/raw/synthea-1000-20260804-20260804/fhir/Jed345_Conroy74_50907969-89d0-74e5-67c5-6f24019b4149.json	201	959	997	2026/patients/ingest-responses-rpmsfhir-1000-20260804/tunnel-ingest-735-1785903884.json
/home/glilly/work/vista-stack/HL7-FHIR-quality-testing/2026/patients/raw/synthea-1000-20260804-20260804/fhir/Guillermina633_Meraz691_fefeb839-586b-4130-60a8-614671a8762d.json	201	960	998	2026/patients/ingest-responses-rpmsfhir-1000-20260804/tunnel-ingest-736-1785903902.json
/home/glilly/work/vista-stack/HL7-FHIR-quality-testing/2026/patients/raw/synthea-1000-20260804-20260804/fhir/Mikaela760_Roberts511_ad3058c9-9186-cc08-7eaf-ab941f7c5dbe.json	201	961	999	2026/patients/ingest-responses-rpmsfhir-1000-20260804/tunnel-ingest-737-1785903928.json
/home/glilly/work/vista-stack/HL7-FHIR-quality-testing/2026/patients/raw/synthea-1000-20260804-20260804/fhir/Juana825_Elsa29_Guillen740_fc1275b8-4620-ea6d-b94f-c1f9c98232b1.json	201	962	1000	2026/patients/ingest-responses-rpmsfhir-1000-20260804/tunnel-ingest-738-1785903943.json
/home/glilly/work/vista-stack/HL7-FHIR-quality-testing/2026/patients/raw/synthea-1000-20260804-20260804/fhir/Hildegarde627_Kohler843_5ea29343-99eb-1ce4-2561-07d6740263f1.json	201	963	1001	2026/patients/ingest-responses-rpmsfhir-1000-20260804/tunnel-ingest-739-1785903965.json
/home/glilly/work/vista-stack/HL7-FHIR-quality-testing/2026/patients/raw/synthea-1000-20260804-20260804/fhir/Brande998_Marita360_Hills818_689cf11b-d0d5-5ad1-6a8a-413683999568.json	201	964	1002	2026/patients/ingest-responses-rpmsfhir-1000-20260804/tunnel-ingest-740-1785903984.json
/home/glilly/work/vista-stack/HL7-FHIR-quality-testing/2026/patients/raw/synthea-1000-20260804-20260804/fhir/Eloisa55_Elsa29_Ocasio180_4b142be3-b184-a11e-f63f-597c69f4600d.json	201	965	1003	2026/patients/ingest-responses-rpmsfhir-1000-20260804/tunnel-ingest-741-1785904004.json
/home/glilly/work/vista-stack/HL7-FHIR-quality-testing/2026/patients/raw/synthea-1000-20260804-20260804/fhir/Frances376_Beatty507_46d10bc5-52dd-5ca2-ff61-a5b91f74ec77.json	201	966	1004	2026/patients/ingest-responses-rpmsfhir-1000-20260804/tunnel-ingest-742-1785904020.json
/home/glilly/work/vista-stack/HL7-FHIR-quality-testing/2026/patients/raw/synthea-1000-20260804-20260804/fhir/Lovella383_Conroy74_57790db7-b519-af20-806c-4e6ce14a603c.json	201	967	1005	2026/patients/ingest-responses-rpmsfhir-1000-20260804/tunnel-ingest-743-1785904040.json
/home/glilly/work/vista-stack/HL7-FHIR-quality-testing/2026/patients/raw/synthea-1000-20260804-20260804/fhir/Mónica985_Maricarmen445_Colunga237_82758c3a-ab3b-c5f1-703b-770b029dcf1f.json	201	968	1006	2026/patients/ingest-responses-rpmsfhir-1000-20260804/tunnel-ingest-744-1785904058.json
/home/glilly/work/vista-stack/HL7-FHIR-quality-testing/2026/patients/raw/synthea-1000-20260804-20260804/fhir/Johnetta529_Kassulke119_1197473a-1c9c-fb07-1737-a51b9b8c786e.json	201	969	1007	2026/patients/ingest-responses-rpmsfhir-1000-20260804/tunnel-ingest-745-1785904077.json
/home/glilly/work/vista-stack/HL7-FHIR-quality-testing/2026/patients/raw/synthea-1000-20260804-20260804/fhir/Sherie778_Blick895_2165ad25-951e-920b-9c5c-05c8c05ad82d.json	201	970	1008	2026/patients/ingest-responses-rpmsfhir-1000-20260804/tunnel-ingest-746-1785904092.json
/home/glilly/work/vista-stack/HL7-FHIR-quality-testing/2026/patients/raw/synthea-1000-20260804-20260804/fhir/Gwenda518_Ina660_Green467_2d3bab40-fa56-8b14-d2b1-d57c225974fc.json	201	971	1009	2026/patients/ingest-responses-rpmsfhir-1000-20260804/tunnel-ingest-747-1785904107.json
/home/glilly/work/vista-stack/HL7-FHIR-quality-testing/2026/patients/raw/synthea-1000-20260804-20260804/fhir/Shad704_Hermiston71_4b8aef42-f5ba-6cee-283b-aaf710b41aa5.json	201	972	1010	2026/patients/ingest-responses-rpmsfhir-1000-20260804/tunnel-ingest-748-1785904125.json
/home/glilly/work/vista-stack/HL7-FHIR-quality-testing/2026/patients/raw/synthea-1000-20260804-20260804/fhir/Solomon675_Pollich983_3dff07ec-9f2f-881d-4c60-02c03d0c9285.json	201	973	1011	2026/patients/ingest-responses-rpmsfhir-1000-20260804/tunnel-ingest-749-1785904148.json
/home/glilly/work/vista-stack/HL7-FHIR-quality-testing/2026/patients/raw/synthea-1000-20260804-20260804/fhir/Ghislaine112_Anderson154_639ee065-b135-0e29-f55d-8ed1720fae2f.json	201	974	1012	2026/patients/ingest-responses-rpmsfhir-1000-20260804/tunnel-ingest-750-1785904167.json
/home/glilly/work/vista-stack/HL7-FHIR-quality-testing/2026/patients/raw/synthea-1000-20260804-20260804/fhir/Crysta430_Hulda44_Abbott774_0c1d8540-fa2d-6dc2-57bf-ca071b71aab4.json	201	975	1013	2026/patients/ingest-responses-rpmsfhir-1000-20260804/tunnel-ingest-751-1785904191.json
/home/glilly/work/vista-stack/HL7-FHIR-quality-testing/2026/patients/raw/synthea-1000-20260804-20260804/fhir/Kendrick479_Botsford977_58dd9f18-e5e6-ecc3-6cb2-a299a5f0658c.json	201	976	1014	2026/patients/ingest-responses-rpmsfhir-1000-20260804/tunnel-ingest-752-1785904213.json
/home/glilly/work/vista-stack/HL7-FHIR-quality-testing/2026/patients/raw/synthea-1000-20260804-20260804/fhir/Nilda678_Lanora971_Schulist381_922bd036-ae61-db74-76d4-aa0faa99ac07.json	201	977	1015	2026/patients/ingest-responses-rpmsfhir-1000-20260804/tunnel-ingest-753-1785904235.json
/home/glilly/work/vista-stack/HL7-FHIR-quality-testing/2026/patients/raw/synthea-1000-20260804-20260804/fhir/Fredericka800_Lubowitz58_5ab174f2-ca4f-54ca-0f33-248178871ae7.json	201	978	1016	2026/patients/ingest-responses-rpmsfhir-1000-20260804/tunnel-ingest-754-1785904255.json
/home/glilly/work/vista-stack/HL7-FHIR-quality-testing/2026/patients/raw/synthea-1000-20260804-20260804/fhir/Sherly665_Schoen8_12a3cd5a-3b87-0ea9-5882-60add487eb89.json	201	979	1017	2026/patients/ingest-responses-rpmsfhir-1000-20260804/tunnel-ingest-755-1785904277.json
/home/glilly/work/vista-stack/HL7-FHIR-quality-testing/2026/patients/raw/synthea-1000-20260804-20260804/fhir/Calista635_Volkman526_778f9d77-388f-7965-3f03-a6c634731dea.json	201	980	1018	2026/patients/ingest-responses-rpmsfhir-1000-20260804/tunnel-ingest-756-1785904296.json
/home/glilly/work/vista-stack/HL7-FHIR-quality-testing/2026/patients/raw/synthea-1000-20260804-20260804/fhir/Richard937_McLaughlin530_7593c310-423b-840d-2c40-938c7a84140a.json	201	981	1019	2026/patients/ingest-responses-rpmsfhir-1000-20260804/tunnel-ingest-757-1785904313.json
/home/glilly/work/vista-stack/HL7-FHIR-quality-testing/2026/patients/raw/synthea-1000-20260804-20260804/fhir/Maryam561_Lesch175_5c65e4f6-70b2-8991-3574-660a4bd84412.json	201	982	1020	2026/patients/ingest-responses-rpmsfhir-1000-20260804/tunnel-ingest-758-1785904330.json
/home/glilly/work/vista-stack/HL7-FHIR-quality-testing/2026/patients/raw/synthea-1000-20260804-20260804/fhir/Garth972_White193_e3018a8e-1480-8237-8738-f73cdc8afddb.json	201	983	1021	2026/patients/ingest-responses-rpmsfhir-1000-20260804/tunnel-ingest-759-1785904348.json
/home/glilly/work/vista-stack/HL7-FHIR-quality-testing/2026/patients/raw/synthea-1000-20260804-20260804/fhir/Jerry654_Hegmann834_9820d7f5-076a-b227-a9db-0eed6990f145.json	201	984	1022	2026/patients/ingest-responses-rpmsfhir-1000-20260804/tunnel-ingest-760-1785904364.json
/home/glilly/work/vista-stack/HL7-FHIR-quality-testing/2026/patients/raw/synthea-1000-20260804-20260804/fhir/Hank686_Weissnat378_14e34ff0-c4d9-450f-594b-a18ee1365056.json	201	985	1023	2026/patients/ingest-responses-rpmsfhir-1000-20260804/tunnel-ingest-761-1785904384.json
/home/glilly/work/vista-stack/HL7-FHIR-quality-testing/2026/patients/raw/synthea-1000-20260804-20260804/fhir/Constance642_Alita891_Heaney114_fdb2022b-11e7-e50b-7a42-538b034d2c11.json	201	986	1024	2026/patients/ingest-responses-rpmsfhir-1000-20260804/tunnel-ingest-762-1785904407.json
/home/glilly/work/vista-stack/HL7-FHIR-quality-testing/2026/patients/raw/synthea-1000-20260804-20260804/fhir/George991_Parisian75_015b16d4-1eab-5dec-7d8a-13813b80dc2e.json	201	987	1025	2026/patients/ingest-responses-rpmsfhir-1000-20260804/tunnel-ingest-763-1785904429.json
/home/glilly/work/vista-stack/HL7-FHIR-quality-testing/2026/patients/raw/synthea-1000-20260804-20260804/fhir/Kacy732_Miesha237_Schimmel440_6f61c08b-094d-f965-6694-5130da4242b0.json	201	988	1026	2026/patients/ingest-responses-rpmsfhir-1000-20260804/tunnel-ingest-764-1785904453.json
/home/glilly/work/vista-stack/HL7-FHIR-quality-testing/2026/patients/raw/synthea-1000-20260804-20260804/fhir/Lorraine478_Stehr398_95f7ada4-2c59-381f-0458-955135ec5c5f.json	201	989	1027	2026/patients/ingest-responses-rpmsfhir-1000-20260804/tunnel-ingest-765-1785904475.json
/home/glilly/work/vista-stack/HL7-FHIR-quality-testing/2026/patients/raw/synthea-1000-20260804-20260804/fhir/Kelly223_Reichel38_9061634e-caab-da46-4060-7509b89addd0.json	201	990	1028	2026/patients/ingest-responses-rpmsfhir-1000-20260804/tunnel-ingest-766-1785904496.json
/home/glilly/work/vista-stack/HL7-FHIR-quality-testing/2026/patients/raw/synthea-1000-20260804-20260804/fhir/Ralph813_Koelpin146_743d0198-299b-c71b-2404-6a309865d4b0.json	201	991	1029	2026/patients/ingest-responses-rpmsfhir-1000-20260804/tunnel-ingest-767-1785904521.json
/home/glilly/work/vista-stack/HL7-FHIR-quality-testing/2026/patients/raw/synthea-1000-20260804-20260804/fhir/Lyle846_Flatley871_95bde892-948f-db9a-1418-745a22fcff42.json	201	992	1030	2026/patients/ingest-responses-rpmsfhir-1000-20260804/tunnel-ingest-768-1785904543.json
/home/glilly/work/vista-stack/HL7-FHIR-quality-testing/2026/patients/raw/synthea-1000-20260804-20260804/fhir/Darrel772_Ryan260_a3f37b9b-da42-d785-e964-14221441a286.json	201	993	1031	2026/patients/ingest-responses-rpmsfhir-1000-20260804/tunnel-ingest-769-1785904564.json
/home/glilly/work/vista-stack/HL7-FHIR-quality-testing/2026/patients/raw/synthea-1000-20260804-20260804/fhir/Juana825_María_José279_Tapia475_ccd0204f-545b-87d3-2a44-2bfe271007f6.json	201	994	1032	2026/patients/ingest-responses-rpmsfhir-1000-20260804/tunnel-ingest-770-1785904598.json
/home/glilly/work/vista-stack/HL7-FHIR-quality-testing/2026/patients/raw/synthea-1000-20260804-20260804/fhir/Carlota980_Gabriela205_Velásquez56_04df3c5b-cedd-6433-8eb3-c5c6ce99f1d9.json	201	995	1033	2026/patients/ingest-responses-rpmsfhir-1000-20260804/tunnel-ingest-771-1785904620.json
/home/glilly/work/vista-stack/HL7-FHIR-quality-testing/2026/patients/raw/synthea-1000-20260804-20260804/fhir/Nick779_Schoen8_8e9e17ab-911b-f7e7-f42b-5abab21f9c9d.json	201	996	1034	2026/patients/ingest-responses-rpmsfhir-1000-20260804/tunnel-ingest-772-1785904640.json
/home/glilly/work/vista-stack/HL7-FHIR-quality-testing/2026/patients/raw/synthea-1000-20260804-20260804/fhir/Curt84_Gibson10_be76ca1f-a36c-5e38-1bd3-ff5947210fe3.json	201	997	1035	2026/patients/ingest-responses-rpmsfhir-1000-20260804/tunnel-ingest-773-1785904664.json
/home/glilly/work/vista-stack/HL7-FHIR-quality-testing/2026/patients/raw/synthea-1000-20260804-20260804/fhir/Coretta598_Hackett68_fd09b02f-8f2f-7ffe-2a1a-0a528c4ddd42.json	201	998	1036	2026/patients/ingest-responses-rpmsfhir-1000-20260804/tunnel-ingest-774-1785904689.json
/home/glilly/work/vista-stack/HL7-FHIR-quality-testing/2026/patients/raw/synthea-1000-20260804-20260804/fhir/Lanelle105_Inge747_Bartell116_b0682112-50e4-2348-36bc-9bee0a5011d6.json	201	999	1037	2026/patients/ingest-responses-rpmsfhir-1000-20260804/tunnel-ingest-775-1785904709.json
/home/glilly/work/vista-stack/HL7-FHIR-quality-testing/2026/patients/raw/synthea-1000-20260804-20260804/fhir/Exie255_Criselda629_Gibson10_589bfd60-3a70-6896-2436-d4eb0489aeee.json	201	1000	1038	2026/patients/ingest-responses-rpmsfhir-1000-20260804/tunnel-ingest-776-1785904731.json
/home/glilly/work/vista-stack/HL7-FHIR-quality-testing/2026/patients/raw/synthea-1000-20260804-20260804/fhir/Hayden835_Cormier289_2ea1575d-903d-63c7-8606-46156d6b49c7.json	201	1001	1039	2026/patients/ingest-responses-rpmsfhir-1000-20260804/tunnel-ingest-777-1785904757.json
/home/glilly/work/vista-stack/HL7-FHIR-quality-testing/2026/patients/raw/synthea-1000-20260804-20260804/fhir/Kenisha791_Cummings51_c470cdff-27bb-53b3-a20e-3f4b68b0e000.json	201	1002	1040	2026/patients/ingest-responses-rpmsfhir-1000-20260804/tunnel-ingest-778-1785904782.json
/home/glilly/work/vista-stack/HL7-FHIR-quality-testing/2026/patients/raw/synthea-1000-20260804-20260804/fhir/Heath320_Bahringer146_b9ee7a70-1463-f5b8-509f-f3e2785e7dfa.json	201	1003	1041	2026/patients/ingest-responses-rpmsfhir-1000-20260804/tunnel-ingest-779-1785904800.json
/home/glilly/work/vista-stack/HL7-FHIR-quality-testing/2026/patients/raw/synthea-1000-20260804-20260804/fhir/Britany225_Shan714_Wehner319_98d43688-1a8d-bfd1-d6a8-37cbc0fdfa8d.json	201	1004	1042	2026/patients/ingest-responses-rpmsfhir-1000-20260804/tunnel-ingest-780-1785904827.json
/home/glilly/work/vista-stack/HL7-FHIR-quality-testing/2026/patients/raw/synthea-1000-20260804-20260804/fhir/Ricardo560_Prohaska837_ef4671b0-bfe1-f8a6-4c46-4305a7b0ead2.json	201	1005	1043	2026/patients/ingest-responses-rpmsfhir-1000-20260804/tunnel-ingest-781-1785904852.json
/home/glilly/work/vista-stack/HL7-FHIR-quality-testing/2026/patients/raw/synthea-1000-20260804-20260804/fhir/Meridith488_Eliz744_Berge125_4df14495-314c-f4fd-16b4-3af28613061b.json	201	1006	1044	2026/patients/ingest-responses-rpmsfhir-1000-20260804/tunnel-ingest-782-1785904875.json
/home/glilly/work/vista-stack/HL7-FHIR-quality-testing/2026/patients/raw/synthea-1000-20260804-20260804/fhir/Leonel449_Rice937_b1b5fd88-7b43-9a5c-800c-cc7b8bf4b819.json	201	1007	1045	2026/patients/ingest-responses-rpmsfhir-1000-20260804/tunnel-ingest-783-1785904907.json
/home/glilly/work/vista-stack/HL7-FHIR-quality-testing/2026/patients/raw/synthea-1000-20260804-20260804/fhir/Mateo562_Prado282_f748eb13-5f47-a8d9-a1ca-1f127dda22ff.json	201	1008	1046	2026/patients/ingest-responses-rpmsfhir-1000-20260804/tunnel-ingest-784-1785904935.json
/home/glilly/work/vista-stack/HL7-FHIR-quality-testing/2026/patients/raw/synthea-1000-20260804-20260804/fhir/Danyel335_Gleason633_e170c42f-8183-6744-7e60-5754c917a023.json	201	1009	1047	2026/patients/ingest-responses-rpmsfhir-1000-20260804/tunnel-ingest-785-1785904965.json
/home/glilly/work/vista-stack/HL7-FHIR-quality-testing/2026/patients/raw/synthea-1000-20260804-20260804/fhir/Juana825_Christia477_Morissette863_38741906-c8bc-3fcf-4470-208d228b8ba0.json	201	1010	1048	2026/patients/ingest-responses-rpmsfhir-1000-20260804/tunnel-ingest-786-1785904994.json
/home/glilly/work/vista-stack/HL7-FHIR-quality-testing/2026/patients/raw/synthea-1000-20260804-20260804/fhir/Lillie543_Bibi254_Renner328_222de696-01ce-e469-0092-07abfaba31e8.json	201	1011	1049	2026/patients/ingest-responses-rpmsfhir-1000-20260804/tunnel-ingest-787-1785905021.json
/home/glilly/work/vista-stack/HL7-FHIR-quality-testing/2026/patients/raw/synthea-1000-20260804-20260804/fhir/Ivan258_Pfannerstill264_c3a70c24-f6f6-4918-9825-389b0c41df25.json	201	1012	1050	2026/patients/ingest-responses-rpmsfhir-1000-20260804/tunnel-ingest-788-1785905051.json
/home/glilly/work/vista-stack/HL7-FHIR-quality-testing/2026/patients/raw/synthea-1000-20260804-20260804/fhir/Delmer311_Ziemann98_7d2cfaa7-de3a-85f3-3024-d8bca5783e6c.json	201	1013	1051	2026/patients/ingest-responses-rpmsfhir-1000-20260804/tunnel-ingest-789-1785905084.json
/home/glilly/work/vista-stack/HL7-FHIR-quality-testing/2026/patients/raw/synthea-1000-20260804-20260804/fhir/Cameron381_Lowe577_4978f420-67cc-9d2d-1af6-820e2b83533e.json	201	1014	1052	2026/patients/ingest-responses-rpmsfhir-1000-20260804/tunnel-ingest-790-1785905118.json
/home/glilly/work/vista-stack/HL7-FHIR-quality-testing/2026/patients/raw/synthea-1000-20260804-20260804/fhir/Art115_Gerlach374_f6250ed6-01c5-663e-0537-e7a20369333f.json	201	1015	1053	2026/patients/ingest-responses-rpmsfhir-1000-20260804/tunnel-ingest-791-1785905146.json
/home/glilly/work/vista-stack/HL7-FHIR-quality-testing/2026/patients/raw/synthea-1000-20260804-20260804/fhir/Barrett790_Bosco882_5f5c1360-9feb-7c4b-1c13-2301589131e6.json	201	1016	1054	2026/patients/ingest-responses-rpmsfhir-1000-20260804/tunnel-ingest-792-1785905176.json
/home/glilly/work/vista-stack/HL7-FHIR-quality-testing/2026/patients/raw/synthea-1000-20260804-20260804/fhir/Amy965_Aracelis412_Beier427_71d906e9-aae1-ba3c-f059-e3ffbfd6852b.json	201	1017	1055	2026/patients/ingest-responses-rpmsfhir-1000-20260804/tunnel-ingest-793-1785905210.json
/home/glilly/work/vista-stack/HL7-FHIR-quality-testing/2026/patients/raw/synthea-1000-20260804-20260804/fhir/Carri827_Latarsha812_Jast432_3140d2e0-ac00-e94d-cf94-1005be8ca45b.json	201	1018	1056	2026/patients/ingest-responses-rpmsfhir-1000-20260804/tunnel-ingest-794-1785905246.json
/home/glilly/work/vista-stack/HL7-FHIR-quality-testing/2026/patients/raw/synthea-1000-20260804-20260804/fhir/Cristian531_Gracia333_00734485-41a9-5749-94f5-2bf6fec54606.json	201	1019	1057	2026/patients/ingest-responses-rpmsfhir-1000-20260804/tunnel-ingest-795-1785905276.json
/home/glilly/work/vista-stack/HL7-FHIR-quality-testing/2026/patients/raw/synthea-1000-20260804-20260804/fhir/Celeste191_Lucila204_Erdman779_68409ceb-2d3f-e933-9d36-a57911779e55.json	201	1020	1058	2026/patients/ingest-responses-rpmsfhir-1000-20260804/tunnel-ingest-796-1785905311.json
/home/glilly/work/vista-stack/HL7-FHIR-quality-testing/2026/patients/raw/synthea-1000-20260804-20260804/fhir/Shirlene698_Erdman779_4d5f422d-6288-1be2-d054-865f5f606683.json	201	1021	1059	2026/patients/ingest-responses-rpmsfhir-1000-20260804/tunnel-ingest-797-1785905337.json
/home/glilly/work/vista-stack/HL7-FHIR-quality-testing/2026/patients/raw/synthea-1000-20260804-20260804/fhir/Shan714_Dare640_ec400d95-13f8-4c92-08ce-a9579078c58e.json	201	1022	1060	2026/patients/ingest-responses-rpmsfhir-1000-20260804/tunnel-ingest-798-1785905370.json
/home/glilly/work/vista-stack/HL7-FHIR-quality-testing/2026/patients/raw/synthea-1000-20260804-20260804/fhir/Delia459_Gislason620_31a51e2a-30a4-41f3-7967-f046246e688b.json	201	1023	1061	2026/patients/ingest-responses-rpmsfhir-1000-20260804/tunnel-ingest-799-1785905409.json
/home/glilly/work/vista-stack/HL7-FHIR-quality-testing/2026/patients/raw/synthea-1000-20260804-20260804/fhir/Dung738_January966_Monahan736_630b6ff6-9a1d-bd9a-84a4-20bdf4d1fcd6.json	201	1024	1062	2026/patients/ingest-responses-rpmsfhir-1000-20260804/tunnel-ingest-800-1785905442.json
/home/glilly/work/vista-stack/HL7-FHIR-quality-testing/2026/patients/raw/synthea-1000-20260804-20260804/fhir/Dimple273_Schoen8_af3b1e9b-c9dd-d33e-d08f-902e93ebc7c9.json	201	1025	1063	2026/patients/ingest-responses-rpmsfhir-1000-20260804/tunnel-ingest-801-1785905472.json
/home/glilly/work/vista-stack/HL7-FHIR-quality-testing/2026/patients/raw/synthea-1000-20260804-20260804/fhir/Rene434_Schneider199_b7dfc1ee-01b4-6ed6-8318-3a8066a809d4.json	201	1026	1064	2026/patients/ingest-responses-rpmsfhir-1000-20260804/tunnel-ingest-802-1785905511.json
/home/glilly/work/vista-stack/HL7-FHIR-quality-testing/2026/patients/raw/synthea-1000-20260804-20260804/fhir/Chantal971_Shawanda667_Senger904_eeedb652-ef15-f14e-3ce9-0ab383fb3504.json	201	1027	1065	2026/patients/ingest-responses-rpmsfhir-1000-20260804/tunnel-ingest-803-1785905554.json
/home/glilly/work/vista-stack/HL7-FHIR-quality-testing/2026/patients/raw/synthea-1000-20260804-20260804/fhir/Onie555_Mayert710_68519b20-aa3c-828e-67ff-e452bedff166.json	201	1028	1066	2026/patients/ingest-responses-rpmsfhir-1000-20260804/tunnel-ingest-804-1785905594.json
/home/glilly/work/vista-stack/HL7-FHIR-quality-testing/2026/patients/raw/synthea-1000-20260804-20260804/fhir/Neal874_Schoen8_b243f7f2-8df5-eb72-dfb1-f3b0ece8731f.json	201	1029	1067	2026/patients/ingest-responses-rpmsfhir-1000-20260804/tunnel-ingest-805-1785905631.json
/home/glilly/work/vista-stack/HL7-FHIR-quality-testing/2026/patients/raw/synthea-1000-20260804-20260804/fhir/Amado512_Haley279_5698c453-d3e3-e99c-cc8f-7d7dba887b70.json	201	1030	1068	2026/patients/ingest-responses-rpmsfhir-1000-20260804/tunnel-ingest-806-1785905670.json
/home/glilly/work/vista-stack/HL7-FHIR-quality-testing/2026/patients/raw/synthea-1000-20260804-20260804/fhir/Eli762_McKenzie376_b9326225-cf7a-329c-e07c-98f0ceacc17d.json	201	1031	1069	2026/patients/ingest-responses-rpmsfhir-1000-20260804/tunnel-ingest-807-1785905699.json
/home/glilly/work/vista-stack/HL7-FHIR-quality-testing/2026/patients/raw/synthea-1000-20260804-20260804/fhir/Bula88_Deidre679_Ullrich385_9a29e40a-63e3-5e7d-8f48-3f05cae342f2.json	201	1032	1070	2026/patients/ingest-responses-rpmsfhir-1000-20260804/tunnel-ingest-808-1785905747.json
/home/glilly/work/vista-stack/HL7-FHIR-quality-testing/2026/patients/raw/synthea-1000-20260804-20260804/fhir/Bob965_Leffler128_c48bdbaa-169a-2d42-dc58-7851f26827fd.json	201	1033	1071	2026/patients/ingest-responses-rpmsfhir-1000-20260804/tunnel-ingest-809-1785905793.json
/home/glilly/work/vista-stack/HL7-FHIR-quality-testing/2026/patients/raw/synthea-1000-20260804-20260804/fhir/Noe500_Ebert178_707f5316-660a-dfd6-bc25-457201c285c3.json	201	1034	1072	2026/patients/ingest-responses-rpmsfhir-1000-20260804/tunnel-ingest-810-1785905830.json
/home/glilly/work/vista-stack/HL7-FHIR-quality-testing/2026/patients/raw/synthea-1000-20260804-20260804/fhir/Michiko564_Reilly981_ada8e480-299d-fa30-9ebe-8747a81e59ec.json	201	1035	1073	2026/patients/ingest-responses-rpmsfhir-1000-20260804/tunnel-ingest-811-1785905875.json
/home/glilly/work/vista-stack/HL7-FHIR-quality-testing/2026/patients/raw/synthea-1000-20260804-20260804/fhir/Claudio955_Loera89_6c3b3604-cda6-21a1-34d1-81ee4b115228.json	201	1036	1074	2026/patients/ingest-responses-rpmsfhir-1000-20260804/tunnel-ingest-812-1785905926.json
/home/glilly/work/vista-stack/HL7-FHIR-quality-testing/2026/patients/raw/synthea-1000-20260804-20260804/fhir/Barry322_Thompson596_c01e80e0-74d9-dca1-59b8-9ab7bbe1da78.json	201	1037	1075	2026/patients/ingest-responses-rpmsfhir-1000-20260804/tunnel-ingest-813-1785905957.json
/home/glilly/work/vista-stack/HL7-FHIR-quality-testing/2026/patients/raw/synthea-1000-20260804-20260804/fhir/Jerrod232_Breitenberg711_06895d99-812d-a220-99c3-6d492aaeae37.json	201	1038	1076	2026/patients/ingest-responses-rpmsfhir-1000-20260804/tunnel-ingest-814-1785905989.json
/home/glilly/work/vista-stack/HL7-FHIR-quality-testing/2026/patients/raw/synthea-1000-20260804-20260804/fhir/Lily490_Hoppe518_dd6e6e86-6248-2ae5-6838-679b40f7095c.json	201	1039	1077	2026/patients/ingest-responses-rpmsfhir-1000-20260804/tunnel-ingest-815-1785906051.json
/home/glilly/work/vista-stack/HL7-FHIR-quality-testing/2026/patients/raw/synthea-1000-20260804-20260804/fhir/Ronnie7_Hyatt152_2f5c9376-c5a9-ab2c-2942-6a6d20ab2f23.json	201	1040	1078	2026/patients/ingest-responses-rpmsfhir-1000-20260804/tunnel-ingest-816-1785906112.json
/home/glilly/work/vista-stack/HL7-FHIR-quality-testing/2026/patients/raw/synthea-1000-20260804-20260804/fhir/Oliver401_Hills818_16bc2d0a-7b70-c662-9d22-e65b8cab6219.json	201	1041	1079	2026/patients/ingest-responses-rpmsfhir-1000-20260804/tunnel-ingest-817-1785906167.json
/home/glilly/work/vista-stack/HL7-FHIR-quality-testing/2026/patients/raw/synthea-1000-20260804-20260804/fhir/Mason910_Smitham825_a6a48084-2e32-5aed-7151-d0b0c958d9ac.json	201	1042	1080	2026/patients/ingest-responses-rpmsfhir-1000-20260804/tunnel-ingest-818-1785906224.json
/home/glilly/work/vista-stack/HL7-FHIR-quality-testing/2026/patients/raw/synthea-1000-20260804-20260804/fhir/Luis923_Davis923_60050bfe-3fc5-4f5f-eacf-4a94218f6f44.json	201	1043	1081	2026/patients/ingest-responses-rpmsfhir-1000-20260804/tunnel-ingest-819-1785906289.json
/home/glilly/work/vista-stack/HL7-FHIR-quality-testing/2026/patients/raw/synthea-1000-20260804-20260804/fhir/Bruce167_Leffler128_861f0824-6adb-1bb1-d025-b4009f882efd.json	201	1044	1082	2026/patients/ingest-responses-rpmsfhir-1000-20260804/tunnel-ingest-820-1785906354.json
/home/glilly/work/vista-stack/HL7-FHIR-quality-testing/2026/patients/raw/synthea-1000-20260804-20260804/fhir/Blair400_Jerde200_e3a7bf8f-811a-d6f5-f147-f085395fd0bd.json	201	1045	1083	2026/patients/ingest-responses-rpmsfhir-1000-20260804/tunnel-ingest-821-1785906408.json
/home/glilly/work/vista-stack/HL7-FHIR-quality-testing/2026/patients/raw/synthea-1000-20260804-20260804/fhir/Melaine933_Abernathy524_ec7e4283-7aee-66ed-76ff-d529307f12c5.json	201	1046	1084	2026/patients/ingest-responses-rpmsfhir-1000-20260804/tunnel-ingest-822-1785906464.json
/home/glilly/work/vista-stack/HL7-FHIR-quality-testing/2026/patients/raw/synthea-1000-20260804-20260804/fhir/Alva958_Williamson769_11d7079b-6a1a-5714-beaa-3615c0bde7c5.json	201	1047	1085	2026/patients/ingest-responses-rpmsfhir-1000-20260804/tunnel-ingest-823-1785906528.json
/home/glilly/work/vista-stack/HL7-FHIR-quality-testing/2026/patients/raw/synthea-1000-20260804-20260804/fhir/Isabelle619_Lashon823_Emard19_e65037e7-c74b-dc40-4f57-dbcf45a8e401.json	201	1048	1086	2026/patients/ingest-responses-rpmsfhir-1000-20260804/tunnel-ingest-824-1785906591.json
/home/glilly/work/vista-stack/HL7-FHIR-quality-testing/2026/patients/raw/synthea-1000-20260804-20260804/fhir/Christian753_Schmeler639_fc8b5f90-8a59-9208-4f69-d8d078ebbd48.json	201	1049	1087	2026/patients/ingest-responses-rpmsfhir-1000-20260804/tunnel-ingest-825-1785906665.json
/home/glilly/work/vista-stack/HL7-FHIR-quality-testing/2026/patients/raw/synthea-1000-20260804-20260804/fhir/Almeda560_Rau926_4ed2c308-c0b3-c7b9-6420-db1198656bf4.json	201	1050	1088	2026/patients/ingest-responses-rpmsfhir-1000-20260804/tunnel-ingest-826-1785906718.json
/home/glilly/work/vista-stack/HL7-FHIR-quality-testing/2026/patients/raw/synthea-1000-20260804-20260804/fhir/Kristopher775_Kertzmann286_af354f7b-36ad-593f-2194-0daff10333db.json	201	1051	1089	2026/patients/ingest-responses-rpmsfhir-1000-20260804/tunnel-ingest-827-1785906784.json
/home/glilly/work/vista-stack/HL7-FHIR-quality-testing/2026/patients/raw/synthea-1000-20260804-20260804/fhir/Eddy900_Shields502_c1957dd7-7cbc-ee9a-782c-b2fba6fda085.json	201	1052	1090	2026/patients/ingest-responses-rpmsfhir-1000-20260804/tunnel-ingest-828-1785906864.json
/home/glilly/work/vista-stack/HL7-FHIR-quality-testing/2026/patients/raw/synthea-1000-20260804-20260804/fhir/Harriett813_Allen322_Weimann465_82a7e505-7689-fe17-907f-5d20fa91f3cf.json	201	1053	1091	2026/patients/ingest-responses-rpmsfhir-1000-20260804/tunnel-ingest-829-1785906921.json
/home/glilly/work/vista-stack/HL7-FHIR-quality-testing/2026/patients/raw/synthea-1000-20260804-20260804/fhir/Luigi346_Larkin917_956ad46d-0b94-871d-c44d-a9c702380598.json	201	1054	1092	2026/patients/ingest-responses-rpmsfhir-1000-20260804/tunnel-ingest-830-1785907014.json
/home/glilly/work/vista-stack/HL7-FHIR-quality-testing/2026/patients/raw/synthea-1000-20260804-20260804/fhir/Signe792_Bradtke547_cb5ed265-b37f-a1cf-72ec-8ab01ae748b7.json	201	1055	1093	2026/patients/ingest-responses-rpmsfhir-1000-20260804/tunnel-ingest-831-1785907097.json
/home/glilly/work/vista-stack/HL7-FHIR-quality-testing/2026/patients/raw/synthea-1000-20260804-20260804/fhir/Cyrus914_Ortiz186_31c9e325-7284-261a-483d-8f1e62adc858.json	201	1056	1094	2026/patients/ingest-responses-rpmsfhir-1000-20260804/tunnel-ingest-832-1785907182.json
/home/glilly/work/vista-stack/HL7-FHIR-quality-testing/2026/patients/raw/synthea-1000-20260804-20260804/fhir/Horace32_Wolff180_19b26e13-0dd0-2923-aab3-2288e6fdca05.json	201	1057	1095	2026/patients/ingest-responses-rpmsfhir-1000-20260804/tunnel-ingest-833-1785907266.json
/home/glilly/work/vista-stack/HL7-FHIR-quality-testing/2026/patients/raw/synthea-1000-20260804-20260804/fhir/Orval846_Stark857_061a0071-baaf-9d65-4e47-b641ef1a3883.json	201	1058	1096	2026/patients/ingest-responses-rpmsfhir-1000-20260804/tunnel-ingest-834-1785907374.json
/home/glilly/work/vista-stack/HL7-FHIR-quality-testing/2026/patients/raw/synthea-1000-20260804-20260804/fhir/Eliseo499_Paucek755_2095f637-f2ce-fd72-3f3d-1487638e693b.json	201	1059	1097	2026/patients/ingest-responses-rpmsfhir-1000-20260804/tunnel-ingest-835-1785907472.json
/home/glilly/work/vista-stack/HL7-FHIR-quality-testing/2026/patients/raw/synthea-1000-20260804-20260804/fhir/Flor713_Muller251_4d8f4deb-3246-7464-150d-2bfed3935728.json	201	1060	1098	2026/patients/ingest-responses-rpmsfhir-1000-20260804/tunnel-ingest-836-1785907578.json
/home/glilly/work/vista-stack/HL7-FHIR-quality-testing/2026/patients/raw/synthea-1000-20260804-20260804/fhir/Rosario163_Marrero674_d8290efe-dec6-5d72-7c7d-2724132900e1.json	201	1061	1099	2026/patients/ingest-responses-rpmsfhir-1000-20260804/tunnel-ingest-837-1785907674.json
/home/glilly/work/vista-stack/HL7-FHIR-quality-testing/2026/patients/raw/synthea-1000-20260804-20260804/fhir/Phyllis779_Skiles927_3251c2ba-edf3-8078-a0d2-296ac3f0c26e.json	201	1062	1100	2026/patients/ingest-responses-rpmsfhir-1000-20260804/tunnel-ingest-838-1785907792.json
/home/glilly/work/vista-stack/HL7-FHIR-quality-testing/2026/patients/raw/synthea-1000-20260804-20260804/fhir/Ariane992_Kshlerin58_2aed6d3c-67b5-3b3e-e678-999dd11b9a11.json	201	1063	1101	2026/patients/ingest-responses-rpmsfhir-1000-20260804/tunnel-ingest-839-1785907921.json
/home/glilly/work/vista-stack/HL7-FHIR-quality-testing/2026/patients/raw/synthea-1000-20260804-20260804/fhir/Janita977_Roob72_def4edea-4edb-35e7-a521-3648296bf6a2.json	201	1064	1102	2026/patients/ingest-responses-rpmsfhir-1000-20260804/tunnel-ingest-840-1785908041.json
/home/glilly/work/vista-stack/HL7-FHIR-quality-testing/2026/patients/raw/synthea-1000-20260804-20260804/fhir/Emely698_Lemke654_a0fb01a2-b8d2-6584-916c-f0325670b9ff.json	201	1065	1103	2026/patients/ingest-responses-rpmsfhir-1000-20260804/tunnel-ingest-841-1785908171.json
/home/glilly/work/vista-stack/HL7-FHIR-quality-testing/2026/patients/raw/synthea-1000-20260804-20260804/fhir/Lurlene215_Sherise735_Labadie908_5d8df9ba-f9d4-83ad-0dd8-9b5d9ddc205a.json	201	1066	1104	2026/patients/ingest-responses-rpmsfhir-1000-20260804/tunnel-ingest-842-1785908295.json
/home/glilly/work/vista-stack/HL7-FHIR-quality-testing/2026/patients/raw/synthea-1000-20260804-20260804/fhir/Stepanie29_Dibbert990_0b1b2a5c-97a2-c75a-c38d-da1b385558db.json	201	1067	1105	2026/patients/ingest-responses-rpmsfhir-1000-20260804/tunnel-ingest-843-1785908422.json
/home/glilly/work/vista-stack/HL7-FHIR-quality-testing/2026/patients/raw/synthea-1000-20260804-20260804/fhir/Octavio643_Carbajal274_7579dc38-b348-55a4-7e1b-f727187ea474.json	201	1068	1106	2026/patients/ingest-responses-rpmsfhir-1000-20260804/tunnel-ingest-844-1785908538.json
/home/glilly/work/vista-stack/HL7-FHIR-quality-testing/2026/patients/raw/synthea-1000-20260804-20260804/fhir/Samira471_Demetria799_Walker122_7bc40842-cdb1-36dc-2bff-48b9612ed71f.json	201	1069	1107	2026/patients/ingest-responses-rpmsfhir-1000-20260804/tunnel-ingest-845-1785908658.json
/home/glilly/work/vista-stack/HL7-FHIR-quality-testing/2026/patients/raw/synthea-1000-20260804-20260804/fhir/Damaris45_Tabitha433_Hills818_3f2b6c5c-f200-1c8f-d2bb-0a1ba4d20086.json	201	1070	1108	2026/patients/ingest-responses-rpmsfhir-1000-20260804/tunnel-ingest-846-1785908793.json
/home/glilly/work/vista-stack/HL7-FHIR-quality-testing/2026/patients/raw/synthea-1000-20260804-20260804/fhir/Apryl870_Kuphal363_620fcf13-6729-351b-2693-bbfe3a89e660.json	201	1071	1109	2026/patients/ingest-responses-rpmsfhir-1000-20260804/tunnel-ingest-847-1785908940.json
/home/glilly/work/vista-stack/HL7-FHIR-quality-testing/2026/patients/raw/synthea-1000-20260804-20260804/fhir/Henry768_Eichmann909_e6a2e81a-2c08-026e-8da0-da73a90d899c.json	201	1072	1110	2026/patients/ingest-responses-rpmsfhir-1000-20260804/tunnel-ingest-848-1785909108.json
/home/glilly/work/vista-stack/HL7-FHIR-quality-testing/2026/patients/raw/synthea-1000-20260804-20260804/fhir/Bobby524_Krajcik437_9ef38fdb-365b-61d8-9ffc-a9efe8b07ade.json	201	1073	1111	2026/patients/ingest-responses-rpmsfhir-1000-20260804/tunnel-ingest-849-1785909266.json
/home/glilly/work/vista-stack/HL7-FHIR-quality-testing/2026/patients/raw/synthea-1000-20260804-20260804/fhir/Nelia669_Glendora96_Tremblay80_50e029ac-0419-7db8-f002-731d32d6b01a.json	201	1074	1112	2026/patients/ingest-responses-rpmsfhir-1000-20260804/tunnel-ingest-850-1785909431.json
/home/glilly/work/vista-stack/HL7-FHIR-quality-testing/2026/patients/raw/synthea-1000-20260804-20260804/fhir/Paz9_Rebbeca432_Hahn503_7f88507d-1147-ddde-0ad2-66a12342a152.json	201	1075	1113	2026/patients/ingest-responses-rpmsfhir-1000-20260804/tunnel-ingest-851-1785909567.json
/home/glilly/work/vista-stack/HL7-FHIR-quality-testing/2026/patients/raw/synthea-1000-20260804-20260804/fhir/Oralia106_Riva522_Williamson769_72920582-072d-b17f-e3f8-3e6c030c4a93.json	201	1076	1114	2026/patients/ingest-responses-rpmsfhir-1000-20260804/tunnel-ingest-852-1785909762.json
/home/glilly/work/vista-stack/HL7-FHIR-quality-testing/2026/patients/raw/synthea-1000-20260804-20260804/fhir/Magaly973_Ellena683_Stehr398_aec750d3-3d8d-e652-d71d-20a02959b56f.json	201	1077	1115	2026/patients/ingest-responses-rpmsfhir-1000-20260804/tunnel-ingest-853-1785909931.json
/home/glilly/work/vista-stack/HL7-FHIR-quality-testing/2026/patients/raw/synthea-1000-20260804-20260804/fhir/María_José279_Bustamante966_94d45cdb-83c8-7df7-3b60-9f2284f0d601.json	201	1078	1116	2026/patients/ingest-responses-rpmsfhir-1000-20260804/tunnel-ingest-854-1785910137.json
/home/glilly/work/vista-stack/HL7-FHIR-quality-testing/2026/patients/raw/synthea-1000-20260804-20260804/fhir/Neville893_Kuhlman484_d37a9cc8-6cfe-c021-8521-d936a7865f19.json	201	1079	1117	2026/patients/ingest-responses-rpmsfhir-1000-20260804/tunnel-ingest-855-1785910318.json
/home/glilly/work/vista-stack/HL7-FHIR-quality-testing/2026/patients/raw/synthea-1000-20260804-20260804/fhir/Evon528_Green467_0c8d958c-1a77-5793-4e8c-68ddb9b32bde.json	201	1080	1118	2026/patients/ingest-responses-rpmsfhir-1000-20260804/tunnel-ingest-856-1785910518.json
/home/glilly/work/vista-stack/HL7-FHIR-quality-testing/2026/patients/raw/synthea-1000-20260804-20260804/fhir/Rikki26_Kub800_1a559927-a05e-98c8-62e1-9dc137a69d0b.json	201	1081	1119	2026/patients/ingest-responses-rpmsfhir-1000-20260804/tunnel-ingest-857-1785910758.json
/home/glilly/work/vista-stack/HL7-FHIR-quality-testing/2026/patients/raw/synthea-1000-20260804-20260804/fhir/Jonathan639_Yundt842_5e0b2c94-f77c-f2b6-823e-6c5202e60750.json	201	1082	1120	2026/patients/ingest-responses-rpmsfhir-1000-20260804/tunnel-ingest-858-1785910987.json
/home/glilly/work/vista-stack/HL7-FHIR-quality-testing/2026/patients/raw/synthea-1000-20260804-20260804/fhir/Meg231_Erdman779_4b4de781-1e64-9c7f-cb25-0b9c1f2deb20.json	201	1083	1121	2026/patients/ingest-responses-rpmsfhir-1000-20260804/tunnel-ingest-859-1785911265.json
/home/glilly/work/vista-stack/HL7-FHIR-quality-testing/2026/patients/raw/synthea-1000-20260804-20260804/fhir/Ruthanne627_Homenick806_917e00d6-72bc-012d-a711-54a9889dd743.json	201	1084	1122	2026/patients/ingest-responses-rpmsfhir-1000-20260804/tunnel-ingest-860-1785911604.json
/home/glilly/work/vista-stack/HL7-FHIR-quality-testing/2026/patients/raw/synthea-1000-20260804-20260804/fhir/Arron144_Stracke611_5573f290-6ad0-1fbe-0202-8b11817962b2.json	201	1085	1123	2026/patients/ingest-responses-rpmsfhir-1000-20260804/tunnel-ingest-861-1785911991.json
